1	GSM2869369_con	0.021435110225612	0	0.332764936736304	0.0982520529473214	0	0.212269249434813	0	0	0.0112464668046505	0	0.0289402956041724	0.03075866162357	0	0.0100088257448236	0.00221289262957552	0.107102368162441	0	0	0.138712778768221	0	0	0.0062963613184957	0.64	0.022827405783751	1.07895442689208
2	GSM2869370_con	0	0.0938208590477406	0.120663779156736	0.186521064937377	0	0.0686621658871535	0	0.0218607234085323	0.0143409221150705	0	0	0.0569182982248574	0	0.0413052231360184	0.0361848582075021	0.0620839174761592	0	0	0.297638188402853	0	0	0	0.82	-0.00311977778498781	1.09786605263582
3	GSM2869371_con	0.179064411636073	0.190585137302522	0.0450949251168303	0.154071614153272	0	0.0620483270231398	0.000863261263002945	0.0728887098007645	0.00446458361531521	0	0.02401478072856	0	0	0	0.00257108631371482	0.167494317354035	0	0.0432563757328168	0.0535824699599535	0	0	0	0.004	0.290249610348223	0.975836356212504
4	GSM2869372_con	0	0.000277296893131695	0.211842352810741	0.188854551963008	0	0.012092989801452	0	0	0.014429289188658	0.00191924849068196	0	0.038266144477535	0	0.0965773650800466	0.0238147420753865	0.154481964619351	0	0.0113203903833169	0.236656857551302	0	0.00946680666538925	0	0.024	0.204297374401004	1.00061640060484
5	GSM2869373_con	0	0.0481210132706132	0.186479605697829	0.213722837898475	0	0.0688274903754469	0	0	0.00378436287023526	0	0.0378847587915063	0.0258584299877924	0	0.00998592011978249	0	0.216379074933819	0	0.0285441699261237	0.160412336128376	0	0	0	0.422	0.0524156385538386	1.05935215555935
6	GSM2869374_con	0.00431092342917811	0.164996601005789	0.157803014655306	0.287213246054708	0.0121747848637744	0.00696699650248309	0	0.0257814624561407	0	0	0.0427374276534564	0.0145144992999869	0.00391781792338168	0	0	0.163948599989146	0	0.0454165624084573	0.0702180637581937	0	0	0	0.213	0.0917596320589913	1.05598538406931
7	GSM2869375_con	0	0.00517722693618674	0.225188180807486	0.359262353707607	0	0	0	0.00670413154383367	0	0	0	0.0635789485233698	0.00362792309690421	0.0232444506742971	0	0.157097557523513	0.0135711655658755	0	0.142548061620926	0	0	0	0.314	0.0689006634006788	1.06539339733201
8	GSM2869376_con	0.00676917116388099	0.0543676314899463	0.295334334425174	0.1503143289353	0	0.179703208801765	0	0	0	0	0.0313724310530926	0.00785102320273878	0	0	0	0.194073222754858	0	0.019631952457006	0.0565849990239424	0	0.00399769669229687	0	0.195	0.0972680024886988	1.04853176186645
9	GSM2869377_con	0	0.0700862365831614	0.321022605524923	0.122360214946509	0	0.0684642293714181	0.0210901744555664	0	0	0	0.00995878241077277	0.0086575485562628	0.0246136461285242	0.0831375084936315	0.0880569451967049	0.0839804804734818	0	0.020458624881206	0.00937975816966741	0	0	0.0687332448081709	0	0.379711942995202	0.926634877545247
10	GSM2869378_con	0	0.0316434337564078	0.280781346907551	0.229986859385449	0	0.158315556402598	0	0	0	0	0.0383623468024025	0.00366940085620955	0.00665015572902366	0	0	0.178524136599796	0	0.00954183553345765	0.0625249280271043	0	0	0	0.287	0.0749841316655079	1.06039188712126
11	GSM2869379_con	0	0.0185448344192521	0.254189164703699	0.263834271008757	0	0	0	0.00103133541806446	0.00912373605237325	0	0	0.0589419770097621	0	0	0.0426711345102444	0.198872548396942	0	0	0.147136145700962	0	0.00565485277994402	0	0.245	0.0846300467997106	1.0512965927435
12	GSM2869380_con	0.011831244966698	0	0.339126178611015	0.257900692877159	0	0.0377791527078574	0	0	0	0	0	0.0591749554756109	0	0	0	0.160822103327375	0.00700091217612747	0.0199837518584386	0.102695983365928	0	0.00368502463378936	0	0.2	0.096227453151642	1.05283220091863
13	GSM2869381_con	0	0.0285192293047469	0.25803140815037	0.28907730392605	0	0.0927596767197128	0	0	0	0	0.0296027883827214	0.020015972314703	0.011716930582684	0	0	0.17528434046183	0	0.0113259781920344	0.083666371965147	0	0	0	0.36	0.0612344964600355	1.06621439249376
14	GSM2869382_con	0	0.0662836038739595	0.230341681345966	0.27187346148284	0	0.0154464558558043	0.00450047795048355	0	0	0	0.0407603172751485	0	0	0	0	0.248564001412479	0	0.0194077838183809	0.102822216984939	0	0	0	0.19	0.0985990990430527	1.04523146511531
15	GSM2869383_con	0	0.0478341943342689	0.347813264499396	0.132402936246837	0	0.0366297190782602	0	0.0282782378930109	0	0	0.00795081888951172	0	0.0229809976852426	0.0569148277227949	0.0902550232898071	0.0873830444180207	0	0.0380172945248324	0.0189804852470649	0	0	0.084559156170952	0	0.529928673209926	0.851517795963362
16	GSM2869384_con	0.00316422678175429	0.108886077738959	0.261348239024904	0.207633873903103	0.0121691258149219	0	0	0.00419920150739758	0	0	0.0927001799803344	0	0	0.0528872513569778	0.0152559969776157	0.137506988473727	0	0.0113241617094439	0.0929246767308627	0	0	0	0.124	0.118598196762289	1.04179420804998
17	GSM2869385_con	0.0240905748138932	0.0115976749582471	0.207136531281704	0.153685694290158	0	0.0871121835670785	0	0	0.00852345690233112	0	0	0.0376095479996581	0	0.0942753491767509	0.030043966567949	0.180403353148661	0	0	0.165521667293569	0	0	0	0.108	0.126420183208071	1.02845160043364
18	GSM2869386_con	0.000496690340498263	0.0988514111142913	0.190810793867866	0.242327251154687	0	0	0	0.0172495663163572	0	0	0.0750106639863264	0	0	0	0	0.243735010944314	0	0.0364427447888718	0.0950758674867883	0	0	0	0.114	0.123982182712669	1.03433369220972
19	GSM2869387_con	0	0	0.291288730116355	0.173207784073434	0	0.0838774179219514	0	0	0	0	0	0.0693602391402965	0	0	0	0.220204315765971	0.0141527542697853	0.00952148133035256	0.138387277381854	0	0	0	0.205	0.0956004972373942	1.0449621880147
20	GSM2869388_con	0.275445893666359	0.0811108639449783	0	0.150347055468971	0.0278426397325238	0	0.0769362419020419	0.0654709941382236	0.0222688573310849	0	0.0400661038050809	0	0	0.0443650657584013	0.0135119963140484	0.133426889490877	0	0.0480224959899731	0.021184902457437	0	0	0	0	0.413295092526259	0.911710805263361
21	GSM2869389_con	0	0	0.302883835546718	0.218089147730756	0	0	0	0.00351679150346066	0.0152044875480375	0	0.0203853225337799	0.0301067648289004	0.00905384136962138	0.0202004579176626	0.0156118811909557	0.145237411737354	0	0	0.215229492325908	0	0.00448056576684639	0	0.399	0.0555900277856502	1.06451248398254
22	GSM2869390_con	0.0413910908561019	0	0.288665728529813	0.140375962630043	0	0.153298728225375	0	0	0.000669481246506023	0	0.0259734514490799	0.0126405182366392	0	0.0137994558865044	0	0.120964296701477	0	0.0205545782927782	0.179998069516154	0	0	0.00166863842952805	0.699	0.0150369109732812	1.07803019592004
23	GSM2869432_con	0.0120555994755997	0.059775917040108	0.250862734175655	0.120943459560047	0.0799244466209156	0	0	0.0417086351857021	0	0	0.0733407847528521	0.00330264928641976	0	0.0110556593479892	0	0.255316686452351	0	0.0144102172256447	0.0773032108767171	0	0	0	0.043	0.172394077856122	1.01258106474447
24	GSM2869433_con	0	0	0.316928925430074	0.158826696316971	0	0.0200318547450634	0	0.00336801265877965	0.0405832608014601	0	0.0667463599860285	0	0.035748268641396	0	0	0.232477283544562	0	0.0280602173822198	0.0648306768541264	0.0323984436393194	0	0	0.291	0.0737020661851782	1.05131140015933
25	GSM2869434_con	0	0.109112809637483	0.207819759784537	0.138285326339394	0	0	0	0.044737253211647	0	0	0.0451949248275312	0	0.0363721607533077	0.0699726126091212	0.049239759763657	0.0695609860952511	0	0.112212260720846	0.117492146257225	0	0	0	0.431	0.0502747781538707	1.05976039255536
26	GSM2869435_con	0	0	0.468495965565631	0.174192140752277	0	0.0128420474191132	0	0.0277356245859672	0.0151404345642179	0	0.0303226758346986	0.038978748340258	0.0199972103698132	0	0	0.122788106508163	0	0	0.0895070460598611	0	0	0	0.214	0.0913384198249821	1.0671606164654
27	GSM2869436_con	0	0.0836396829911752	0.287216871938576	0.26364597800096	0	0	0	0.0462195865454305	0.00735295135589666	0	0.0149187948656818	0.0191278457906016	0.0222347933465005	0.0124057135109566	0.00116667749767447	0.10760248745797	0	0.00940760241003782	0.125061014288539	0	0	0	0.399	0.0554927000290627	1.0695335825975
28	GSM2869437_con	0.0103710126264315	0.2093138291432	0	0.105164085252558	0	0.0695795664714769	0.0395552024765759	0.0923361003237829	0	0	0.0738190906713033	0	0.0153230389083392	0.0868944744034893	0.152048221225019	0.0442554054714721	0	0.0601465486748282	0.0411934243515233	0	0	0	0	0.376073713909869	0.930886307183824
29	GSM2869438_con	0	0.109525990132252	0.197204753906449	0.139371046369065	0	0	0	0.026479340112102	0	0	0.0644335190247797	0.00999759687167016	0.00191242596359375	0	0.00409349560113819	0.276222931352327	0	0.0158435968064444	0.154915303860179	0	0	0	0.117	0.122881434418242	1.03299662907223
30	GSM2869439_con	0.0451631628381511	0.150668849923079	0.0830990341227183	0.144902598126746	0	0.00590336087062761	0.0122290309882658	0.120906964357798	0	0	0.0451429226881125	0	0.00647281224172242	0.073507118378598	0.12526075387088	0.0837511120347537	0	0.0433261507526269	0.056912806905126	0	0.00275332190079479	0	0.014	0.224575727345222	0.998024708116723
31	GSM2869440_con	0.0159235380574804	0.197126613174057	0.0203470816362475	0.159820775294776	0	0	0.00448737205341201	0.103890589470706	0.0191550777132648	0	0.0589545255567228	0	0.00892772692961374	0.0752732075649024	0.135472937608067	0.111065174546158	0	0.035882024745195	0.0536733556493992	0	0	0	0.005	0.275854922374182	0.976823623849726
32	GSM2869441_con	0	0	0.220326755562813	0.192866884625916	0	0.0394592652196732	0	0	0.0139412734794557	0	0.0680492070705956	0.00975716874123695	0	0	0.0247178336461292	0.249447540824828	0	0	0.181434070829352	0	0	0	0.149	0.110703930672187	1.03682870037494
33	GSM2869442_con	0	0.0631629799223378	0.288867498822492	0.094728893546624	0	0.123149288437517	0	0.0249119495507568	0.00833173675463495	0	0.0234778720982483	0.00058753776186734	0.0269158240148527	0	0.0284248756614522	0.188363547573736	0	0.00748183859453286	0.120842358504341	0.000753798756606105	0	0	0.106	0.128222674027483	1.0290268202349
34	GSM2869443_con	0	0.0171355509617811	0.356722718552216	0.0702415799985029	0	0.0663930444104456	0	0.0170844728146289	0.0273899062011041	0	0.0670035027294664	0	0.0302109180433975	0	0	0.201977775676424	0.029783178064788	0.0231025561096268	0.0621168673892146	0.0308379290484034	0	0	0.167	0.107027210164054	1.03947928556895
35	GSM2869444_con	0.113382893451557	0.113176723520516	0.0141171733244805	0.131020567089736	0	0.090040579436269	0	0.150531302008533	0	0	0.0141393003710857	0	0	0.0488316673901268	0.184767921996799	0.0686554759563922	0	0.0204686697347687	0.050867725719736	0	0	0	0.00700000000000001	0.260988982876972	0.993997781264854
36	GSM2869445_con	0	0.00813102514776162	0.264108791251093	0.187589058827314	0	0.0729112284289792	0	0	0	0	0.0571536023254714	0	0.0327714983871153	0	0	0.213673559800541	0	0.0163679088717268	0.0743237777946221	0.0437769002813807	0.0291926488839948	0	0.56	0.0336781926597104	1.06459636580573
37	GSM2869446_con	0	0	0.317326616508186	0.230862343668075	0	0.0786272844957552	0	0	0	0	0.0459841364737337	0.00345218085665272	0.0393189333612587	0	0	0.188295400192149	0	0.00963956471516425	0.0711403464362587	0	0.0153531932927664	0	0.182	0.102131384004465	1.04411329169663
38	GSM2869447_con	0.0712358369565219	0.0938675544961539	0.0538023991036049	0.155365787389242	0.0779153755460711	0.156626892142129	0.00337165831104776	0	0	0	0.10020299106626	0	0	0.0287496608894699	0.0314266105560089	0.110245280007647	0	0.0493416047490297	0	0.0664372330394117	0	0.00141111574740137	0.011	0.235722794524392	0.994851655628121
39	GSM2869448_con	0.295320660998182	0.00809352440237916	0.0383430907413679	0.128340804165466	0.0259611948584569	0.0154246037324211	0.0305677638518292	0.0610561540278016	0	0	0.0489570713334013	0	0.0311755482254022	0.0444472116640167	0.0349602700557369	0.138130335040731	0	0.0501480047054778	0.0438811977593011	0	0.00519256443802862	0	0.003	0.304204492398946	0.962295685246569
40	GSM2869449_con	0	0.000922079433724604	0.392881720889696	0.230977888577155	0	0	0	0	0.0210140401267275	0	0	0.0484609739041148	0	0	0.00281336146549622	0.172777828626647	0	0	0.130152106976439	0	0	0	0.205	0.095601698322844	1.05607444110411
41	GSM2869450_con	0	0.0213793368162692	0.428835925996604	0.224348354958885	0	0	0	0	0	0	0	0.04559194742415	0.0129275123245648	0.00259400476073595	0.0121893864162727	0.143933064069748	0	0	0.10820046723277	0	0	0	0.078	0.142080892322684	1.04151060039441
42	GSM2869451_con	0	0.110308818571348	0.182928865979565	0.205129578903719	0.0174165947421957	0	0	0.0258856200659473	0	0	0.0609078987684456	0	0.0479232995026956	0.0530257568679011	0.0304316381898411	0.103057725395136	0	0.0416364504976983	0.116290029857692	0	0.0050577226578145	0	0.425	0.0518967556804555	1.05705686004886
43	GSM2869452_con	0.0328946986070704	0.0552966160106126	0.201958222690931	0.141175792612783	0	0.0869781892907994	0	0	0	0	0.017822630526025	0.0426939628940414	0.00362535234913766	0.0166261673913702	0.0213400904087097	0.187087131301438	0.0357086130777139	0.00699791977461597	0.149794613064751	0	0	0	0.14	0.113275321998115	1.03317786753822
44	GSM2869453_con	0.0719425417172794	0.140797022578311	0.112097702139288	0.124459207468963	0.0123511441135958	0.000593830823890986	0	0.0446625025281568	0	0	0.0742069908072169	0	0.0288940892660105	0.0322093118831566	0.0405598917674189	0.131644529896128	0	0.0373543570029981	0.148226878007585	0	0	0	0.108	0.126711723299912	1.03137198184042
45	GSM1900150_con	0	0.0222040936310261	0.242127536730935	0.284380856248131	0	0	0	0.0169516354577399	0.0475444800713095	0	0.0091379943154249	0.0667133562868632	0.0324741430163878	0	0	0.0982624630972132	0	0	0.180203441144969	0	0	0	0.794	0.00232506850135891	1.09242886840088
46	GSM1900151_con	0	0.0787583721724389	0.262616038804876	0.209864380420074	0	0.0510394096896428	4.76010439949405e-05	0	0	0	0.0173679096140707	0.00557412382532664	0	0.0563198219415209	0.0290994819773948	0.172615858908873	0	0	0.116697001601788	0	0	0	0.25	0.0834399226353928	1.050456673709
47	GSM1900152_con	0.000633143797705598	0	0.17705943644637	0.272731871089036	0	0	0	0	0.0740627860703787	0	0	0.123729709224412	0	0	0.0389030284619925	0.163921105295111	0	0	0.148958919614994	0	0	0	0.885	-0.0131131831130052	1.10331336234142
48	GSM1900153_con	0	0	0.197492766681551	0.309189058485588	0	0	0	0	0.0920551523738249	0	0	0.0898796759042421	0.00835967677508641	0	0	0.108999445503646	0	0.0195257501850147	0.174498474091047	0	0	0	0.961	-0.0348041890741746	1.11219091194983
49	GSM1900159_con	0	0.0338147442659619	0.225160714251133	0.285889169213872	0	0.0385535742531008	0	0	0.0857835989284094	0	0	0.0742713982645682	0	0	0	0.154518235221568	0	0	0.102008565601386	0	0	0	0.551	0.0347963208910643	1.08115534916889
50	GSM1900211_con	0.0295166624372908	0	0.106649581518444	0.310695220101868	0	0	0	0	0.118796721882672	0	0	0.131284502370786	0	0.00434208281139783	0.00567966222623611	0.143515562991131	0	0	0.149520003660173	0	0	0	0.809	-0.00121596850029819	1.11155035845285
51	GSM1900221_con	0	0.0786288865192667	0.245308375490302	0.147905529080076	0.009363809158551	0.0354666991801489	0	0	0.0115013383883661	0	0.010356329347174	0.0241200233402	0	0	0.0278627484699171	0.174140128659391	0	0	0.203559156169994	0	0.0317869761966131	0	0.078	0.14241351778438	1.02605605447055
52	GSM1900222_con	0	0.0237589477644607	0.195794092091477	0.20158139036997	0	0.0745060167401549	0	0	0.00912574857333826	0	0	0.0194463667105883	0.00175714679819981	0	0.0353592137984642	0.293526109399114	0	0	0.145144967754232	0	0	0	0.132	0.115041832003412	1.0335157120232
53	GSM1900223_con	0	0.0527145104544878	0.120762974945372	0.346447593952893	0	0	0	0.00800107993171292	0.0145914664463292	0	0.0233173572389652	0	0.00516271993529336	0	0	0.296606901339084	0	0.0206741900983169	0.0911435149188851	0	0.0205776907386606	0	0.636	0.0236770948036529	1.07604896502719
54	GSM1900224_con	0.0327732480526357	0.0473608640497937	0.191395187245787	0.124558266654005	0	0.0536875854246964	0.00737558777021479	0	0.019941911044691	0.0524012339447418	0	0	0	0	0.0094807863543033	0.259362289485808	0.00992836171822222	0.019003057003736	0.139208829474313	0	0.0335227917770516	0	0.043	0.172449087382911	1.00872771845138
55	GSM1900225_con	0	0.154167030977258	0.189359891173546	0.206569905667274	0	0	0	0	0.0246754731998222	0	0.0208467329134205	0	0	0	0.00717626244826732	0.193807437675577	0	0.0134027206355289	0.150308447805608	0	0.0396860975036977	0	0.093	0.13312528062594	1.03049850030242
56	GSM1900226_con	0.00618643812326032	0.0070682756467578	0.222154778755885	0.127770573002889	0	0.0926757459458046	0	0	0.0037974480612377	0	0	0.0521166908602737	0.0234871198057514	0	0.0132182640283073	0.238012878058231	0	0	0.153727286506347	0	0.0597845012052544	0	0.256	0.0814230150679555	1.04307988230709
57	GSM1426079_con	0	0.0460996352949357	0.291458234263875	0.26098194040518	0	0	0	0.0193545740522501	0.0277218525236354	0	0	0.0575162581042484	0.0314973747994099	0.00944255185314312	0	0.0973590737431001	0	0	0.158568504960223	0	0	0	0.317	0.0687216914116992	1.06444702098559
58	GSM1426080_con	0	0.0913406751216676	0.323037622424739	0.170604820513718	0	0.0261947862775906	0	0.00851165268706517	0	0	0.00682817870214579	0.00956614324841866	0	0.0787230345894942	0.0202059425662823	0.141781144818477	0	0	0.123205999050402	0	0	0	0.037	0.178580287661587	1.01688599559683
59	GSM1426081_con	0.042331313253015	0	0.274858796808315	0.252034587020234	0	0.0805287464437229	0	0	0.03578997179926	0	0	0.0523690259662679	0	0	0.0137456954990087	0.150628989642641	0	0.0215410504363959	0.0647672931840486	0.0114045299470915	0	0	0.633	0.0241603947709489	1.08139835596238
60	GSM1426082_con	0	0	0.294909231909408	0.225731061772246	0	0	0	0	0.100813901967176	0	0.016868840674096	0.0596549470631008	0.0314090115307834	0.0147712555080869	0	0.101356637995866	0	0.0245934171382601	0.129891694440976	0	0	0	0.827	-0.00376484414274717	1.08724152386728
61	GSM1426083_con	0.0142782969329607	0.0253268851006094	0.365753170773962	0.219890456729288	0	0.130780890611599	0	0	0	0	0.0309766844045471	0	0	0	0	0.114688027179399	0	0.0255677053589242	0.0373397810235695	0.0289692989250778	0	0.00642880296006261	0.12	0.120067568385789	1.048518849763
62	GSM1426084_con	0.034697313235753	0	0.158252038538426	0.296898898298356	0	0	0	0.0043033941049214	0.100399003585787	0	0	0.110303220975741	0	0.0293469927456106	0.00496889366698456	0.122840594903687	0	0	0.137989649944733	0	0	0	0.709	0.0137635182119559	1.09483533786758
63	GSM1426085_con	0	0.02408134085773	0.260538350910027	0.12143722035807	0	0.0770701000193751	0	0	0	0	0	0.0196598941981543	0	0	0.0204421271392111	0.344197490281484	0.0167231898942721	0	0.115850286341675	0	0	0	0.021	0.210139928640385	0.997963255531369
64	GSM1426086_con	0	0.0408473512251476	0.193774644684497	0.273639169031133	0	0.0274448367908209	0	0	0	0	0	0.0327868072844188	0.0313078130241064	0	0	0.255222387300104	0	0.0171798191170685	0.1164374109733	0	0.011359760569403	0	0.302	0.0703230977303994	1.05249779627717
65	GSM1426087_con	0.0410693503947838	0.0694739653061387	0.247678630693325	0.0801148745317816	0	0.0598227351817293	0.00415962395407959	0	0.00640744212992097	0.0423005095799681	0	0	0	0	0.00484423251944028	0.244921235039346	0.004787071543678	0.0192708162867302	0.143620151092194	0	0.0315293617468851	0	0.003	0.300554415396681	0.95996236088961
66	GSM1426088_con	0	0.177638542004922	0.260580644692633	0.158142705194519	0	0	0	0.0169770823362965	0	0.00607594808239031	0.0104026195876605	0	0	0	0.000405661757609899	0.185200441176987	0	0.0137627384214738	0.132049637915119	0	0.0387639788303885	0	0.001	0.339716868466437	0.946200964698297
67	GSM1426089_con	0	0.0283827118290919	0.269481370380274	0.0991910184852625	0	0.0891845808174515	0	0	0.0173567028634216	0	0	0.0385744474086826	0	0	0.00349573161326927	0.260334182718804	0.0114854652878894	0	0.150031518309323	0	0.0324822702865297	0	0.041	0.175172945261929	1.0098932726563
68	GSM2332098_con	0	0.0325072722511381	0.271350981236316	0.221582251396149	0	0.00974038097101435	0	0.000931117274969593	0.0294351113287818	0	0.0396882611355778	0.0181896597386356	0	0	0	0.195886277499957	0	0.016502801276589	0.15041299214575	0	0.013772893745122	0	0.33	0.0658535087964238	1.05634796941546
69	GSM2332099_con	0.037355128410208	0.0183209566283114	0.169535460849915	0.199534927043034	0	0.0273492192444304	0.00188992953602033	0.00994793766961349	0	0.00838662521605507	0	0.00704318275397871	0	0	0.0303704864818439	0.25520480300268	0.0412607311572587	0	0.19240901932299	0	0.00139159268366124	0	0.031	0.188467806587999	1.00384036727024
70	GSM2332100_con	0	0.00903003462615541	0.382751060001827	0.295674638371987	0	0.0586985464176607	0	0	0	0	0.0102028302540657	0.0111391657047532	0.00277851870932273	0	0.0193501572311912	0.15108431666658	0	0	0.048325271541083	0	0.0109654604753739	0	0.00800000000000001	0.250229710180525	0.991184483823081
71	GSM2332101_con	0.0168792660084424	0.0130401887105714	0.40236652998315	0.170758185272532	0	0.0222128101298583	0	0	0	0.00538438929994302	0	0	0	0	0	0.27077560283166	0	0.00326933681212519	0.0953136909517179	0	0	0	0.03	0.194329426859632	1.01452337500315
72	GSM2332102_con	0.0298276770872963	0	0.307653062892821	0.260765052949666	0	0.126866040485428	0	0.00771303306173714	0	0	0	0.027802207229822	0	0	0	0.0934238450108901	0	0.0334387315103995	0.0424910672783471	0.0439079047463055	0	0.0261113777472873	0.709	0.0137777907126168	1.08988141089271
73	GSM2332103_con	0	0	0.318910684789413	0.217368961239602	0	0.0440652697144885	0	0	0.0814871799629266	0	0	0.104334861928535	0	0	0	0.139244747080528	0	0	0.0945882952845076	0	0	0	0.557	0.0340781873823276	1.08409010365071
74	GSM2332104_con	0	0	0.309409096440125	0.18108095985361	0	0.0279081201755874	0	0	0.0899936222757252	0	0	0.103029338234542	0	0	0	0.192063187052124	0	0	0.096515675968286	0	0	0	0.644	0.0224608772216753	1.082091833945
75	GSM2332105_con	0.151594678859093	0.0281174423639357	0.192933114153256	0.213093217028012	0	0.0076341567346511	0	0.0824600892839004	0.0343675545988406	0	0.00878903173565457	0.0476449687602748	0.00808680969845282	0.00989706525883989	0	0.141855125676755	0	0.0103178046571199	0.0632089411912144	0	0	0	0.588	0.0306791494834759	1.08342294538645
76	GSM2332106_con	0.0504967041620586	0.0104536471756264	0.144949072323872	0.119452482778919	0.0492843740151359	0.153637452773646	0	0	0.0811797079653594	0	0.0458066248945643	0.0303577664353226	0	0.0680560880624165	0.010253317822092	0.182181279373559	0	0	0.0490080681334658	0.00488341408396183	0	0	0.637	0.0235706712351679	1.07353088270868
77	GSM2332107_con	0	0.0486980423122197	0.273425506883541	0.149866419522553	0	0.0786381740929338	0	0	0.0533877592446499	0	0.031234640299884	0.0477911728950369	0.00501263057402366	0	0	0.205030866935923	0	0.0134054151165186	0.0935093721227161	0	0	0	0.733	0.0107311350789415	1.07870626529822
78	GSM2332108_con	0.020694132186216	0.0784297474419192	0.20473125050295	0.0989372140646062	0	0.108141869311657	0	0.0258464747441898	0	0	0.045543419094882	0	0	0	0.0405022722396516	0.248115850731681	0	0.0400414025766921	0.0890163671055554	0	0	0	0.012	0.231209648158183	0.986481566607587
79	GSM2332109_con	0	0.0701775842956979	0.106572365766434	0.177014473589072	0	0.153998682549646	0	0.066822473779959	0.0396807164468957	0	0	0.0728457230181643	0	0.0401232003732017	0.0299318189330906	0.0945797722912164	0	0	0.148253188956622	0	0	0	0.845	-0.00615318065818336	1.09176864109678
80	GSM2332110_con	0.0128011974257875	0.0203906423356374	0.295571731488241	0.230427878410253	0	0.0157937438068925	0	0	0.0305826431391215	0	0.0124761669823871	0.0316024826127845	0	0	0	0.163149540437779	0	0.0447440760073518	0.142459897353764	0	0	0	0.078	0.142192532519585	1.02749396325281
81	GSM2332111_con	0.0468005248916502	0.187898803952867	0	0.242325643925678	0	0	0.0170981033357823	0.123204914092467	0	0.0575874791446045	0.01045442733324	0	0	0	0.0178038648740498	0.156262519680891	0	0.040239729085002	0.100323989683768	0	0	0	0.237	0.0861639558223398	1.05862586091652
82	GSM2332112_con	0	0.0343332836494128	0.261365394804752	0.0338552388911939	0	0.151475291458234	0	0	0.00921976412475053	0	0.0347428836574789	0.0226637709200607	0.0211059546120093	0.0155656808234412	0	0.169104107972639	0	0.0316419837133644	0.214926645372664	0	0	0	0.286	0.0753257877916278	1.04864667637809
83	GSM2332113_con	0.0276159111491598	0.0477894716985668	0.145234994129846	0.229316156292274	0	0.0695949994335079	0	0.0238019049231596	0	0	0.0123581439361165	0.00901108767992874	0	0	0.00162000001683193	0.283203673623091	0.00564863078025688	0.0299410108198867	0.114864015517374	0	0	0	0.231	0.0874727935876222	1.04476900468674
84	GSM2332114_con	0	0.0112338097839305	0.351666542112709	0.094265334784942	0	0.0818933743132555	0	0	0.0254380740750509	0	0	0.0419036599717689	0	0	0	0.227926840595286	0	0.00694287912470192	0.158729485238356	0	0	0	0.041	0.175162140130273	1.01506534984751
85	GSM2332115_con	0.0309346742981713	0	0.175463901578331	0.162069968746967	0	0.106278529922677	0	0	0.131476760056004	0	0.033574345709454	0.0766370965205127	0	0.0181170470982711	0	0.0909564636178413	0	0	0.174491212451771	0	0	0	0.948	-0.0307926822806278	1.10559882872497
86	GSM2332116_con	0.0287497671986625	0.0528750666665243	0.283083394746819	0.123664722498859	0	0.10956391076254	0	0	0	0	0.0167734326707044	0	0	0	0.00642942968245182	0.179336046376057	0.0318245044573534	0.0266414902287276	0.132082982307295	0	0.0089752524040066	0	0.0659999999999999	0.151728225478566	1.02073928804293
87	GSM2332117_con	0.0570716682703771	0	0.34246692660536	0.249530104790649	0	0	0	0.0165238462639002	0.0127187779719319	0	0.00290184169590548	0.0219652691984528	0.000188653792434311	0	0	0.14016110256378	0	0.00150708142989222	0.138752817267908	0	0.0162119101494089	0	0.146	0.111183091262068	1.04800518340749
88	GSM2332118_con	0	0	0.344904919093899	0.247971637959318	0	0.0657099750798727	0	0	0.0026570598144065	0.0270039929124224	0	0	0	0	0	0.137252847419453	0	0.003072465246426	0.171427102474203	0	0	0	0.087	0.136243636518071	1.03687647071067
89	GSM2869335_treat	0	0.10133702008845	0.374636807938339	0.0589357437745779	0	0.065768821389691	0.0294541383379601	0.0167418676403479	0	0	0.0348472819244163	0	0	0.0345486997335846	0.0495360197571085	0.143598511887966	0	0.0234660075356199	0.0315138991874113	0	0	0.0356151808045267	0	0.464245159317835	0.885994879329796
90	GSM2869336_treat	0.128911422354445	0.128630205640668	0.241576279574856	0.120064177984563	0	0.0124208682057906	0.0241022335739521	0.0550338801552337	0	0	0.037488231580507	0	0	0.041190216314256	0.0578889915781533	0.0849045653106587	0	0.00254159938541711	0	0.0422255776503028	0	0.0230217506911968	0	0.615750687712123	0.798981060091209
91	GSM2869337_treat	0	0.0116436485763736	0.225210441197824	0.314961656092801	0	0.0026994459699105	0	0.0158213297125003	0	0.0405434803290468	0	0.00687493591303267	0	0.0582606157081079	0.0686166625709247	0.0692471568247576	0	0.0195237510924866	0.117676603484208	0	0.0489202725280265	0	0	0.411398754377626	0.910905489635594
92	GSM2869338_treat	0.0971584336259017	0.127415875731161	0.0561243213611097	0.0877738186782576	0	0.0504886300046242	0.0805030415576965	0.0526899181606677	0	0	0.0492785704032602	0	0.0020139890506594	0.118642063791186	0.0752653773187699	0.0739945311064298	0	0.0332540475638096	0.0301566145755616	0.0147111404699891	0	0.0505296266009165	0	0.51364586635238	0.862321724399781
93	GSM2869339_treat	0	0.146603098061974	0.238819813391899	0.118419279664622	0	0	0.0884528704077671	0.0137893063050538	0	0	0.0456373282962174	0	0.010275147276958	0.0146042442646123	0.116936822335235	0.129251581044095	0	0.0354621960918541	0.0334079464203492	0	0.00222107021979983	0.00611929621956332	0	0.433865273351803	0.900378386900011
94	GSM2869340_treat	0	0.0943890494506478	0.41440813251408	0.138316438012724	0	0	0	0.025405058261626	0	0	0.0154739972062548	0	0.00417353601968856	0.0661825995092071	0.0659989658821424	0.120670252656784	0	0.00958737525436476	0.0211746445218738	0	0.0070212581866399	0.0171986925239672	0	0.53103336415463	0.849049787389222
95	GSM2869341_treat	0	0.00365095622491441	0.400671988534314	0.108545427155578	0	0.0760241804672068	0.00229994052713664	0.0205212304711073	0	0	0	0.0398358269436644	0.00874995186673868	0.0436499854757836	0.0478566963326862	0.0899355818606922	0	0.00776929453728093	0.102780980328544	0	0.00165478552031155	0.0460531737540411	0.01	0.238880486563799	0.989387905364783
96	GSM2869342_treat	0.132852265866378	0.0619302631883133	0	0.223047958064555	0	0	0.00495162992471526	0.105099202957038	0.000281030274810788	0.0864238299922888	0.0266317478295165	0	0	0.0482580039799574	0.119503122246749	0.0800706844596955	0	0	0.0990794758371395	0.0040715241524372	0.00779926122640625	0	0	0.54903669032601	0.838802530223659
97	GSM2869343_treat	0.0493818468377275	0.160275307348207	0.201385189171497	0.143913290973846	0	0	0.00919251419898446	0.0397007132102043	0.0137078115091879	0	0.0820005358782617	0	0	0.0512632256860735	0.0930759640484863	0.0767077690686577	0	0.0260348192347584	0	0.0423230392040131	0	0.0110379736300949	0	0.506632144943242	0.862270545394177
98	GSM2869344_treat	0	0.0250784736252948	0.252539479901385	0.170326713455306	0	0.0950668349047844	0	0.0229702461496278	0	0	0	0.0414858932375441	0	0.0483676898155873	0.0768755699697712	0.0468549410367022	0	0.0103100595356725	0.169748308645251	0	0.0380701500400991	0.00230563968297436	0.024	0.204226387081927	1.00130892383412
99	GSM2869345_treat	0	0	0.374307609036369	0.200435728276548	0	0.0267849280291804	0.00261311315080133	0	0	0	0.0119470297607014	0.00727338313154853	0	0.0541090504407535	0.0783316687587725	0.0855405329294812	0	0.00245596054439533	0.135388718196814	0	0.0208122777446349	0	0.011	0.237343129113699	0.991514572676911
100	GSM2869346_treat	0	0.0182806190372507	0.335285062611713	0.079073436567857	0	0.0776888564838188	0.0538030434859326	0.0255004218944959	0	0	0.00409464185487289	0.00692709488678443	0.0265330570611369	0.0707259521741163	0.0864683035619555	0.0692829212199715	0	0.0363638028724336	0	0.0110498515794252	0.00451702242759248	0.0944059122806429	0	0.494989582145336	0.870961576720995
101	GSM2869347_treat	0	0.0154329307652178	0.185921515819829	0.277326080833445	0	0.00750806025960846	0	0	1.43585814799586e-05	0	0	0.0083111915415658	0	0.125028457637332	0.102093533990132	0.074767200069133	0	0	0.156282167564863	0	0.0473145029373934	0	0.013	0.230064085467719	0.991203378083058
102	GSM2869348_treat	0.0912383229605596	0.0784426160327115	0.0796449671096321	0.175058601220925	0.0578319442213655	0.0333952298279929	0.0700353168110877	0	0	0	0.0635193342483312	0	0	0.119680949566992	0.0586014945751463	0.0472005334957267	0	0.0472419311612017	0	0.0658879541431205	0	0.0122208046252076	0.001	0.33736555731882	0.9453805999195
103	GSM2869349_treat	0.0418420024513657	0.0573258058938065	0.369257734002728	0.0796788512831544	0	0.0618701544978067	0.0294677427517087	0.0132235639525942	0	0.0360385483812281	0	0	0	0.0393270652818685	0.0321398240957729	0.134924180275608	0.0113207987710391	0.0160163969877352	0.0266776319793797	0	0.0380319451040342	0.0128577542901702	0	0.442383983962748	0.897156982166145
104	GSM2869350_treat	0.0341226333105092	0.0691064236064759	0.229332843048363	0.129262482564731	0	0.0337815348506407	0.0296509635402577	0.0340601801555869	0	0	0.0296869204141633	0	0	0.160610905201287	0.0978266980988622	0.0782558132101049	0	0.0167530471578499	0.0203005979449052	0.0297008486998089	0	0.00754810819645429	0	0.365152697137162	0.932904887731024
105	GSM2869351_treat	0.0142536027049152	0.0262822545200409	0.0926771722362723	0.161794409537647	0	0.0971892665751064	0.0159917588594571	0.0271216501628868	0	0.140372684186736	0	0.00777069859514258	0	0.0268907352423691	0.102468196427453	0.0860319702310132	0	0.0216037318445993	0.133368721146408	0	0.0461831477299532	0	0	0.369749587255796	0.930862802305512
106	GSM2869352_treat	0.239122092561791	0.0579740860804403	0	0.0735778182937158	0	0.109729377928674	0.0591063000881227	0.0703567880823807	0	0	0.0366524781013406	0	0	0.0794126984163147	0.103295191837063	0.059730902423826	0	0.0481945364861297	0.0520867932596169	0	0	0.0107609364405836	0	0.481341011129112	0.875955891577129
107	GSM2869353_treat	0.22631510192707	0.0453844720142222	0.0728920739068432	0.0338525859376114	0	0.12578963961885	0.0534355777576304	0.03410852162895	0.00218400138129143	0	0.0746011955353123	0	0	0.0858672952364938	0.0537419664973809	0.0555983266106386	0	0.0474160982337806	0	0.0510190807772988	0	0.0377940629366261	0	0.531135356595937	0.850991337296496
108	GSM2869354_treat	0.0249158967053857	0.196605257312212	0.321333254357013	0.134472513289687	0	0.0317598934667667	0.0305670552310507	0	0.0110716056690672	0.028518019930538	0.0113005378330923	0	0	0.0582111100842664	0.0546617710021894	0.0656383969445975	0	0	0	0.0268041809927478	0	0.00414050718138685	0	0.684949308093972	0.75148048858861
109	GSM2869355_treat	0.0737412933600166	0.0632425348184806	0.191114412373951	0.14699173819645	0	0	0	0.0189325341585489	0	0.00775432679501098	0.0332716270800507	0	0	0.0192785083807438	0.0743649748738725	0.144169123907756	0	0.0214178198705305	0.18099847485126	0	0	0.0247226313333294	0.002	0.320783880571244	0.951248042729423
110	GSM2869356_treat	0.0269576216152509	0.0495395654234255	0.43953153997054	0.153306536747423	0	0.0416952564563652	0	0.00669374371644111	0	0	0.0216780724463354	0	0.00373735869659911	0.0531564749343301	0.0565830904568371	0.0941077939326049	0	0.0184149313266827	0.0136951208744522	0	0.0099137985787825	0.0109890948239306	0	0.6444244221182	0.781339996120227
111	GSM2869357_treat	0.185355881419775	0.145660190325968	0.0574647364059526	0.0690559468727045	0	0	0.0572144998195309	0.0861964518682741	0	0.0589700724840672	0.0482823581505496	0	0	0.0739547163105583	0.0557163108791777	0.0463692677140499	0	0.0325104150880133	0.00711664029466497	0.0480221341766843	0	0.02811037819003	0	0.585446098225762	0.818323392305676
112	GSM2869358_treat	0.0946136554838027	0.0903123878009538	0.0361290044366425	0.246754695308233	0	0.0238663235848638	0.0121684593366983	0.0424297044655105	0	0.0764129486692145	0	0	0	0.0532378960306886	0.0747786450414797	0.108893940694577	0	0	0.0974280338545089	0	0.042974305292827	0	0	0.421297975041424	0.906171533938402
113	GSM2869359_treat	0.0274232382893048	0.07362002685344	0.239377741793647	0.229502441645291	0	0	0.033572635585071	0.0604257490170135	0	0	0.0264889860257445	0	0.0186101046844436	0.0884572142741106	0.0593192078446719	0.0337618450727371	0	0.0293361905201742	0.0801046183943513	0	0	0	0.00700000000000001	0.253995116724611	0.981379015839842
114	GSM2869360_treat	0.0669040386314453	0.0900731682847249	0.208345094843057	0.172187779176694	0.026530360202942	0	0.0483724658499713	0.0367718310984595	0	0	0.0410349863786348	0	0.00104498368546724	0.0971005201508162	0.0574649763790104	0.0461553242030005	0	0.0494042194256749	0.0586102516901018	0	0	0	0	0.401379074455169	0.915715797046053
115	GSM2869361_treat	0.0774072290984513	0.0691740091824974	0.236662527918776	0.149305220054648	0	0	0.0456528756158355	0.0456418292434613	0	0	0.0487817653365551	0	0	0.106807524519582	0.0707309830837143	0.0640383687554126	0	0.0202108640357836	0.0655868031552824	0	0	0	0	0.365080474103797	0.932567843562097
116	GSM2869362_treat	0	0.00805114433171752	0.181842805467948	0.222189536811393	0	0	0	0.02328117683151	0.0174947868433121	0.0212476997831837	0	0.0260236579346841	0	0.0810397886795745	0.045885574726289	0.112597958461704	0	0.00307280642747768	0.249990703053305	0	0.00728236064790156	0	0.018	0.214155075633205	0.997663617688031
117	GSM2869363_treat	0	0.0416315112596149	0.211801313607696	0.235137549969328	0	0	0	0.0576357976700492	0	0	0.00837227753805637	0	0.0388834459072655	0.0295778026766898	0.032481180809224	0.0574772902625051	0	0.0456534003133044	0.190137290562662	0	0.0512111394236044	0	0.003	0.306413921385946	0.95604050382399
118	GSM2869364_treat	0.00695297523314855	0.0564852888652577	0.281305715510746	0.0871225570914237	0	0.065295212179678	0.0605628228930718	0.0256234798404224	0	0	0.0696822457978414	0	0.0305045205456578	0.0273229061182496	0.112210347531034	0.0462783968653176	0	0.0401057574622016	0.0122863716294155	0	0	0.0782614024365344	0	0.45714269793537	0.888777185175869
119	GSM2869365_treat	0	0.0957148588673772	0.414178371625972	0.105243589319909	0	0.0184657893025676	0.0244092461952731	0.0194618618586489	0	0	0.0542604448675504	0	0	0.0822099832892671	0.0387659466714046	0.0670059195777917	0	0.0236698509054223	0	0	0	0.0566141375188162	0	0.565566905827059	0.829536288761183
120	GSM2869366_treat	0.0901679824859615	0.0344151577694542	0.278223082917383	0.128083073817792	0	0.0217861937420751	0.015037948544617	0.0407874260384398	0	0	0.0484243630852683	0	0.011867911581405	0.0974399908681428	0.0710477303809416	0.0940596148078371	0	0.0182756244236276	0.0196603729470519	0.027927994417692	0	0.00279553217231087	0	0.355207103231254	0.937729056077926
121	GSM2869367_treat	0.221152997846649	0.116322216285961	0.0224627713255171	0.0811347160351469	0	0.0286179071454954	0.0507936622707096	0.109508994927317	0	0	0.0434206960612714	0	0	0.0783802306538921	0.0566150072008581	0.0805664110386982	0	0.0287436876416275	0.0757281852737946	0	0	0.00655251629306175	0	0.545396368302966	0.842531724225794
122	GSM2869368_treat	0	0.0833585980063439	0.173598212272246	0.113320344477232	0	0	0.140851388796416	0.0104792617541979	0	0	0.0593724376584745	0	0.012491046372609	0.0423122302892802	0.123585155192005	0.0441059907405311	0	0.0269955846325476	0.0351015753462242	0	0	0.134428174461893	0	0.433117640678022	0.900437861262908
123	GSM2869391_treat	0.017413787131318	0.0863798251844884	0.178449819138214	0.0567759858877974	0	0.080137552657951	0.0499382110782987	0.00772543135810842	0	0	0.0576928928020604	0	0.0393785049090088	0.113751675265974	0.06826813152319	0.0332127895098719	0	0.0245100008100081	0.156182462197641	0	0	0.0301829305460687	0.004	0.286474774447309	0.963115613365875
124	GSM2869392_treat	0	0.0186493408471849	0.42508012292354	0.14794554382084	0	0.0124123610633316	0	0	0.0565352149179546	0	0.0204196671199541	0.0255917345483241	0.0094393026641358	0.068347434527412	0	0.135833937003496	0	0.0425646549611138	0.0371806856027133	0	0	0	0.026	0.201695579329794	1.01100006584261
125	GSM2869393_treat	0.0402173787963919	0.131070268638587	0.0313655584264114	0.166951555344413	0.0879041756381267	0.0352029027980435	0.0373657318925782	0	0	0	0.0442021026250254	0	0.0471668517492787	0.0972132979137629	0.0476357633690785	0.0402096476970179	0	0.0785111826923681	0.0231164728353874	0.0696419568464912	0	0.0222251527370383	0	0.452103839043073	0.891569715257181
126	GSM2869394_treat	0.00801427816146104	0.0940743315532681	0.224461373591873	0.12614968871689	0	0	0.042208772248358	0.0439939236875599	0	0	0.0355721024149063	0	0.0046547999201168	0.105048506243438	0.0651875189052682	0.0559313611169402	0	0.0332682748957679	0.150916001635001	0	0	0.0105190669091518	0.003	0.303801581067883	0.957575138029747
127	GSM2869395_treat	0.0177692118976472	0.0555155849263272	0.157523135652598	0.123027396883909	0	0.0182047361007115	0.0717609479808539	0.0166569239325435	0	0	0.0411951431142605	0	0.0252464352280276	0.0535602676666726	0.144268888845443	0.0981940749028467	0	0.0241254109901727	0.0156648509438586	0.0301506245103454	0	0.107136366423782	0	0.411214848542311	0.911141400746462
128	GSM2869396_treat	0.126256813542589	0.14030027188642	0.153007332605798	0.0542829810038873	0	0.0129042481555926	0.0543717566406707	0.0722960170429843	0	0	0.0436198948180286	0	0	0.151976289979534	0.0426561805011905	0.0434324804863456	0	0.0371122107497421	0.0358825323351065	0	0	0.0319009902521101	0	0.59882756690738	0.814924011492224
129	GSM2869397_treat	0	0.0408234158602888	0.129295572218094	0.0401362506377488	0	0.0322700069878824	0.0464896358777443	0.0192829128819073	0	0	0.014422797130246	0	0.00986778834593265	0.0606927500436202	0.0541336851487328	0.0631087491814863	0	0.105622878068084	0.0373110578629743	0	0	0.346542499755258	0	0.583056055931485	0.813944852632494
130	GSM2869398_treat	0	0.110140662151526	0.121979591785098	0.0720175527892538	0	0	0.118484546493237	0.0503539215878228	0	0	0.0397551306003448	0.0159510280833096	0.0506198903193481	0.00380324590953906	0.13966964904823	0.141062727739376	0	0.028173421853042	0.0448840047735713	0	0	0.0631046268663022	0.037	0.178932570114511	1.01263084839336
131	GSM2869399_treat	0.0994489410226301	0.0920786358038787	0.211681775275049	0.0986077704719395	0	0.0363076085355671	0.0486467027274906	0.0416039155865183	0	0	0.0269598839589515	0	0.00792717276662013	0.141699367494131	0.048589043137463	0.0324472877372077	0	0.0318440601827967	0.0821578352997569	0	0	0	0	0.486794038858404	0.875257047720043
132	GSM2869400_treat	0.0979883894889054	0.155532432377757	0.163463598568167	0.101849149649906	0.0153275735371355	0.0225072484350248	0.0438427817733437	0.0337662473897658	0	0	0.0143458780761591	0	0	0.164242427262728	0.0460390564294086	0.0454681949789684	0	0.0440965052837028	0.0507370807266174	0	0	0.000793436022409877	0	0.556564253830702	0.837381067048075
133	GSM2869401_treat	0.0387781357784948	0.0424586507516254	0.159707923265029	0.0283463721477217	0	0.0778419523542605	0.0218915798729608	0.0235713949592796	0	0	0.00601303783245506	0	0.00796818026629626	0.0987246159242242	0.0448656875083908	0.00350849122559003	0	0.0733690934530937	0	0.113644523846037	0	0.259310360814541	0	0.389086257486406	0.925181002641542
134	GSM2869402_treat	0	0.0392431466693447	0.334793216261022	0.173929522118692	0	0.0524371201075317	0.044343832527338	0	0	5.96189123867385e-05	0	0	0.0145318264838026	0.0701988692774811	0.04479708964329	0.122630458541978	0	0.0323553308570217	0.0706799686001109	0	0	0	0.00700000000000001	0.261741412923277	0.977481352788966
135	GSM2869403_treat	0.0186422981116988	0.110063338362311	0.201315874414202	0.0797065187575259	0.0190674065370085	0.083328040677939	0.0631180539395032	0	0.00131895964186034	0	0.0673863592943852	0	0.0114868876947538	0.0874358951898719	0.0613635365879455	0.0496116163801324	0	0.0547613559985995	0.0604437297898842	0.0281008563965272	0	0.00284927222585111	0	0.532018928034142	0.855229307494546
136	GSM2869404_treat	0	0.0771754555394932	0.330175625847139	0.179662673796889	0.00454553960771819	0.0169712618140482	0.0202737173061075	0	0.00126536662647044	0	0.0679395264836873	0	0	0.100527168820918	0.0376617868608092	0.0762867521175238	0	0.0219555405123019	0	0.065559584666895	0	0	0	0.422844416584625	0.906385211979767
137	GSM2869405_treat	0	0	0.285269302488007	0.148848516714767	0	0.185375101761485	0	0	0.0181621663890234	0	0.0231830621082428	0.016194346278691	0.0365737891265175	0.0527102298323407	0	0.0765259269921334	0	0.0252233537792893	0.0823345256625442	0	0.0355287508427109	0.0140709280242486	0.0610000000000001	0.155033967475765	1.01829931414426
138	GSM2869406_treat	0	0	0.261681447694782	0	0.0140078924925635	0.127421456790691	0.0446363647007734	0	0	0	0.0283647886409058	0	0.0208666664630313	0.102303905966263	0.037820658162937	0.024388626996576	0	0.100611278021224	0.0166602788680151	0.0406555789682448	0	0.180581056233994	0.004	0.283594843006849	0.968780167888217
139	GSM2869407_treat	0	0.0781342662478366	0.43277713450287	0.0833140847614	0.0264235951149148	0	0.0143233433986288	0	0	0	0.019157050752823	0	0	0.0638972063070616	0.0716251275175066	0.121001156398684	0	0.0003636170986173	0.077730180559276	0	0	0.011253237340381	0	0.637017363948471	0.788327939113723
140	GSM2869408_treat	0.0501876202750328	0.101475863854136	0.186237988502134	0.154186604619108	0.000561503059945142	0.0686935408297825	0.0218731594551196	0	0	0	0.0879974307008941	0	0	0.0911887719463433	0.022635443134787	0.0807292870287901	0	0.0341655301564686	0.048410946710832	0.0468645871333179	0	0.00479172259330861	0.002	0.331065821801145	0.947695112364702
141	GSM2869409_treat	0	0.0255418504133167	0.315810279406921	0.0407234484024933	0	0.133260535930827	0.0232152383422628	0	0	0	0.0839003801401174	0	0.0349377486732532	0.0581747292745224	0.0957547028516901	0.0346162578226213	0	0.0161686374377795	0.0235507106359963	0.0523054002048638	0.0159204184239814	0.0461196620393535	0	0.427261579084839	0.903506956691861
142	GSM2869410_treat	0.000786264820963838	0.118940946689687	0.345558440672223	0.0602683361229651	0.0449184226087478	0	0.033686042591385	0.00316833415908932	0	0.000474853234097429	0.0416846102434054	0	0	0.137824864490531	0.0585437689766296	0.0652362877879428	0	0.00433753196693322	0.00575769676983907	0.0209810356682735	0	0.0578325631972866	0	0.654110527740751	0.780881851669303
143	GSM2869411_treat	0.0827039445091999	0.095634827612268	0.0146229874662685	0.106279608337163	0.0935779484684289	0.0872933159697815	0.0689820519714398	0	0.00244008380952497	0	0.0677203478984923	0	0.017876970912478	0.121745048298658	0.0447572783503851	0.0544060491217861	0	0.0581917680892804	0	0.0670668917268842	0	0.0167008774579605	0	0.578743716787136	0.828734621124954
144	GSM2869412_treat	0.00129988348712648	0.066664814364522	0.37324315851894	0.0809943465750018	0	0.00514260070047007	0.0325129199824994	0	0	0.0111612831712359	0.0378467515615443	0	0	0.0777504429170225	0.100845955962786	0.100526570126648	0	0.00745050662097938	0.039421212794249	0	0	0.065139553216975	0	0.617000819254942	0.802296304748056
145	GSM2869413_treat	0.0149314456888745	0.11087649997328	0.243475356393881	0.165463840050975	0	0	0.035407637096033	0.0336512595394128	0	0.0114071132251642	0.0383756288087663	0	0	0.105895596502243	0.0313830128202379	0.0703395998932895	0	0.0490078278506178	0.0462137950496773	0.0401686595485627	0	0.00340272755898449	0	0.358263418716905	0.935432874219446
146	GSM2869414_treat	0.0400102983591201	0.0497700775014878	0.25412618843189	0.102020160078319	0	0.0865629016490152	0	0.0400763178611295	0	0	0.0638149847943618	0	0	0.114123291856911	0.0443372312856495	0.0623401966453001	0	0.0252202106680817	0.012907586705653	0.0498890220926175	0.0177665774730462	0.0370349545974178	0.002	0.315353958251372	0.953703097227281
147	GSM2869415_treat	0	0.00703767198613578	0.457211034790111	0.0209493568202892	0	0.146789643342358	0	0.00459101181416435	0	0	0.0507073803544114	0	0.0362663805947664	0.0538658808486434	0.0506421308871014	0.0273369824855267	0	0.0383743567915573	0.0168462675778127	0.0529160103061942	0.0301288952553628	0.00633699614556529	0	0.401955029513151	0.917640328500327
148	GSM2869416_treat	0.00850440012197809	0.1091102129178	0.166698918758958	0.201062019505722	0	0.0564420355076134	0.0676339316844284	0	0	0.0131699945684857	0.027810542587336	0	0	0.081282908698464	0.0675619231847024	0.0745495651963322	0	0.0463714244179105	0.0594299079909799	0.0203722148592895	0	0	0	0.385629931652384	0.922471521753402
149	GSM2869417_treat	0	0.0826595307506768	0.381956992353215	0.0643167089630892	0	0	0.0110545213797696	0.0392209670425065	0	0	0.0251650857485024	0	0	0.0968201174867385	0.0918986936485429	0.0457763685933965	0	0.00756138413555	0	0.026738847810888	0	0.126830782087125	0	0.672094162286608	0.76423685176789
150	GSM2869418_treat	0	0.0516316438994916	0.282880925008212	0.0881418927750714	0	0.0858492121260656	0.00526684291251275	0.00687397603322997	0	0	0.037466521702939	0	0.049646993355145	0.0537893289293903	0.0903919999192134	0.0689086236370282	0	0.0186908202363055	0.00173069506561169	0.0940595753896424	0	0.0646709490101415	0	0.54801972023898	0.844406938859881
151	GSM2869419_treat	0.0174505410815175	0.206664330532724	0.0794779382744525	0.112105350353205	0	0.0366821437005678	0.0164347596640046	0.0597849042073969	0.00576581086924759	0	0.103865469922472	0	0	0.0831596827582874	0.0504691627978541	0.0561950149738339	0	0.057907069587624	0.0330757406070382	0.0662442099872939	0	0.0147178706824803	0	0.422239933856908	0.905673715301306
152	GSM2869420_treat	0.0545538578715508	0.215735821467665	0.172529671465404	0.0657645637497454	0.00112658596439343	0	0.0204518034890781	0.0767064007816607	0	0	0.0291547322201187	0	0	0.136826399528747	0.0522467501653006	0.050163543285219	0	0.034980301858356	0	0.0725321257618573	0	0.0172274423909046	0	0.644531957057807	0.784944812536008
153	GSM2869421_treat	0	0.06012188848721	0.149084285916973	0.062755588976393	0	0.0777511312998297	0.0477175246654327	0.00727360617768015	0	0	0.0438393208814118	0	0.0564796365382617	0.152572891715045	0.085384567451402	0.0394325037671787	0	0.0371046451263548	0.118734782243806	0.0304766249498	0	0.0312710018032219	0.00600000000000001	0.269929496223783	0.970676619733662
154	GSM2869422_treat	0.0156145073449308	0.144520077736693	0.185426393142512	0.141068317646764	0.000169608872751945	0	0.0515972936276894	0.0339117104962195	0	0	0.0526917732717896	0	0	0.100658034047536	0.0589631464367418	0.0684131372458481	0	0.0464656208214158	0	0.0986480559690924	0	0.00185232334001554	0	0.453197430476596	0.890871970813062
155	GSM2869423_treat	0.00117202371204243	0.12462619761375	0.36682301922354	0.0676946240429313	0	0.00732454143476604	0.0416176420358508	0.0285383210979835	0	0	0.0433222393058932	0	0.00675772392274971	0.0900597851685278	0.0616970303365771	0.0718232524856089	0	0	0.0381898343494093	0.00292623913637108	0	0.0474275261339984	0	0.65111600860548	0.782627437639216
156	GSM2869424_treat	0.101100507740166	0.119653148269976	0.0818575112167699	0.109355677385767	0	0.0768920116204842	0.0375055698269239	0	0.0112303084940414	0	0.0646829418980489	0	0	0.137377426829246	0.0522970738958999	0.0647677960905323	0	0.0417241925910814	0.0203340724616013	0.0550008059440291	0	0.0262209557354328	0	0.53453528615197	0.850695428206827
157	GSM2869425_treat	0	0.0147559760899804	0.144831266497531	0.0313152622475327	0	0.0685228175547689	0	0.0328743279659056	0	0	0.0348603487576877	0.0141445894603364	0.0197273211112524	0.0244396736323408	0.0570597698965628	0.059756050914004	0	0.175753501556509	0.0549602474974477	0	0	0.266998846818141	0	0.484006592002322	0.874511560033866
158	GSM2869426_treat	0	0.0991124038693827	0.254800147711572	0.135584126491664	0	0	0.0385633698154484	0.0182233650931748	0.0114295450421741	0	0.027859416533347	0	0.0281869353528367	0.0999636799344208	0.0735847965174442	0.118593217564338	0	0.0195215279252246	0.0745774681489732	0	0	0	0.00800000000000001	0.251085409544006	0.980792494783721
159	GSM2869427_treat	0.0705939229440916	0.148087844822778	0.133494977253487	0.181716265602695	0	0	0.0130452644916344	0.051806492213132	0.0108545909030278	0	0.121198369788502	0	0	0.0638162968596402	0.0370537616779637	0.0475287056635944	0	0.0177048722931029	0.0593408069140949	0.0437578285722556	0	0	0.004	0.281395089360164	0.974556824157058
160	GSM2869428_treat	0	0.0259913341707775	0.338194002015724	0.096946982062732	0	0.0931463584225856	0.0135527026931462	0	0.0150916027234665	0	0.0603162172111798	0	0.0466560117229919	0.0458977822676595	0.0513733085188393	0.0619570001065113	0	0.021221529256659	0.0853912507508564	0.0148271845794292	0	0.0294367334974418	0	0.356297227866665	0.935707923962009
161	GSM2869429_treat	0	0.0561608181579208	0.316975047035348	0.0633759907904187	0	0.0914185828027087	0	0.0126954399138234	0	0	0.0477505046687142	0	0.0444917641934345	0.0449207414060328	0.0783188176413111	0.0361163894011342	0	0.0310029486073534	0.0916070004356387	0	0	0.0851659549461616	0	0.484587917526618	0.876477917355441
162	GSM2869430_treat	0	0	0.15510303878225	0.0852939660447692	0	0.0293628230346799	0.0178644261757193	0.0169309970088385	0	0	0.00330055785657897	0.0396855960536903	0	0.0854998630839528	0.0409525417495407	0.0566982762230456	0	0.0842692230228027	0.0500096691506336	0	0	0.335029021813499	0	0.504521372896625	0.862864631331911
163	GSM2869431_treat	0	0.158308502431806	0.323217954663334	0.0647751363185319	0	0	0.00955424248777095	0.0402004589496602	0	0	0.0567872191532709	0	0.0060919387671036	0.0854984955890232	0.0717281695655563	0.0532823753738037	0	0.0131510562672142	0.0182430831239985	0.0259984307576283	0	0.0731629365512981	0	0.656128536718184	0.777589619550607
164	GSM1900148_treat	0.00671594110343998	0.0898467633251131	0.173887364852406	0.296753259557507	0	0	0.061943450630799	0	0	0.0319303922633232	0.0350194395857734	0	0	0.0983089590853858	0.0758142695175842	0.0761415414752653	0	0.0066991210002173	0	0.00893989377013673	0	0.037999603833049	0	0.49859263400159	0.867401255168154
165	GSM1900154_treat	0	0.0392680688986381	0.192790323975803	0.0811730782002342	0	0.0351798234413202	0.0556176066145556	0.00128392562693267	0	0	0	0.0208185682451479	0	0.110919562404521	0.0916037679193	0.0192013443485917	0	0.0380960894255553	0	0.0937316535411067	0	0.220316187358293	0	0.458520354592463	0.887969359960847
166	GSM1900155_treat	0.154751824829722	0.109308611951476	0.0851797677356459	0.0701027942077655	0.0190972206258696	0.0425493730924494	0.0112328154586273	0.0713487700961326	0	0	0.0398820150068974	0	0.000911560704376879	0.102016362056685	0.0625322524156126	0.0311160283172441	0	0.0249352391855282	0.0617311220844966	0	0	0.11330424223147	0	0.495830860295806	0.869168295050917
167	GSM1900158_treat	0	0.0300990840260365	0.214122973695301	0.200475429113075	0	0	0.0665237737760565	0	0	0	0	0.0308513828740785	0.017833707736404	0.0748877663728831	0.0483117664635593	0.0775868973289745	0	0.0297975607513273	0.126516595847548	0	0	0.0829930620147556	0.26	0.0802365670328928	1.04306005223561
168	GSM1900172_treat	0	0.0850088892481655	0.217716719259252	0.0664922828106631	0.0167369933012929	0.0443124227026794	0.0395678396888699	0	0	0	0.00157467587683236	0	0	0.109095510665258	0.0765959432575542	0.0460420411008848	0	0.0158956818325996	0.116218074611153	0	0	0.164742925644795	0	0.394428147558516	0.918698082823927
169	GSM1900175_treat	0	0.0716876912625085	0.352542264110182	0.0707789279945984	0	0.0315580941599681	0.040511009235432	0	0	0.0114021618970063	0	0.0198567880568086	0	0.0917598920399871	0.117048432910161	0.0653566342434559	0	0.012449345039628	0.0365831715010182	0.00607250982021562	0	0.0723930777290308	0	0.448984335471374	0.893088848201974
170	GSM1900176_treat	0	0.154030872865786	0.155153766996035	0.122626394298898	0	0.0230410947654805	0.0918013042069123	0	0.000297182715933689	0.00226106564761494	0.0866573731159846	0	0	0.13557630291322	0.113944981578529	0.0339395669846313	0	0.0196749069433304	0	0.052754765137468	0	0.00824042183017618	0	0.530452293910074	0.850602229641669
171	GSM1900180_treat	0.17100556466427	0.0440515492804452	0.221950451443354	0.120118712500373	0	0.0136256382391473	0	0.0635977139742814	0	0	0.0463798943463532	0	0.000865866479180439	0.0623413660897558	0.0498240721329754	0.0654054438161326	0	0.0363022069742892	0.0988388068069917	0.00441442312653249	0	0.00127829012591878	0	0.373359111628593	0.92986428222311
172	GSM1900181_treat	0.0715363276742351	0.0991663908241422	0.1733939578355	0.087700074338799	0.0375178862310662	0	0.0320643018512574	0.0457414390958982	0.00417108667996371	0.0391902796842758	0.0638306912059243	0	0	0.0600979747092369	0.0279648366977342	0.0927505212128183	0	0.101942564667253	0.0367542014553488	0.0261774658365473	0	0	0.00700000000000001	0.260691739210513	0.977457490058185
173	GSM1900184_treat	0.139790062579006	0.0735842978677604	0.207802381183777	0.0400121384008917	0	0.045273426465169	0	0.076823957067724	0	0	0.0480258899952051	0	0	0.140661136194828	0.0263366057623804	0.0454346655934111	0	0.0321301606878075	0.014699884335979	0.0752583562127133	0	0.0341670376533476	0	0.441705245344548	0.89653597877607
174	GSM1900185_treat	0.107543684238988	0.019197831833882	0.206394408759346	0.0855982015826567	0	0.0226205781099046	0.0251913681992147	0.0197643193050021	0	0	0.0172612429657802	0	0.000338065155333132	0.0560081890993169	0.080593284362009	0.0386649252956261	0	0.0542999936747855	0	0.10048762355021	0	0.166036283867946	0	0.460306195861576	0.886940242254171
175	GSM1900186_treat	0.0495665538274453	0.065282300472716	0.345957803128336	0.10713586711471	0	0	0.000162500872981041	0.0649670643433698	0	0	0.00438395437186355	0	0	0.109577891165282	0.0847299395771402	0.117013249212167	0	0.00732300534800327	0.0133656837500314	0	0	0.0305341868159553	0.012	0.231384055374292	1.00030747083395
176	GSM1900192_treat	0.106043772379609	0.104480557735965	0.160404304809028	0.176827253604602	0	0.00203980086709313	0.0094053255793466	0.0537843434359851	0	0	0.0452794910996331	0	0	0.0611398413928608	0.0464662452598033	0.102433388823336	0	0.0262828294460748	0.0884575553216768	0	0	0.0169552902449854	0.002	0.322867922180803	0.95146708958945
177	GSM1900195_treat	0.147597002520196	0.0728225586996373	0.058526075805257	0.0280908879078297	0	0.0501736222652613	0.0241258291805401	0.064863332699342	0	0.00801910320874958	0.0300944666878508	0	0	0.0482531275048431	0.161650939682986	0.0450877336972522	0	0.0162933657079902	0	0.0653300988423497	0	0.179071855589915	0	0.594095727418219	0.810020633720153
178	GSM1900202_treat	0	0.0444956141718814	0.352350316396161	0.109139296018173	0	0.0383812941734479	0.0360915939102845	0.0538493821669901	0	0	0.00606921594904305	0	0	0.114328403470456	0.0402201616937802	0.0885414641150236	0	0.0248544540581372	0.0853811545991228	0	0	0.0062976492774991	0.004	0.28968340995557	0.966370218594681
179	GSM1900204_treat	0	0.0145912132225658	0.309229568507412	0.206599249314128	0	0	0	0.0994656878002468	0	0	0.000567035066510431	0.0330411708143014	0	0.0972423961700604	0.0433680558576961	0.104312743540698	0	0.0320837434347971	0.0548805157181533	0	0	0.00461862055343116	0.301	0.070470695940014	1.05667506236273
180	GSM1900206_treat	0.158925175407323	0.123569688332391	0.198759538641448	0.0530186971125686	0.0126246909906592	0.00455117120934812	0.0375721617433542	0.0564579920224812	0	0	0.0325979459376144	0	0	0.147585021819227	0.0468468909025806	0.0332448274642477	0	0.0265822951474124	0.025697029220853	0.0163183863752972	0	0.0256484876731946	0	0.529257173690156	0.849933204864488
181	GSM1900208_treat	0	0.0207743358704907	0.252164216271726	0.102021755274591	0	0.0843603151325953	0.0417711956193041	0.0223534336189456	0	0	0.0278255488254134	0	0	0.0732787480310141	0.0925872146724457	0.0488948887771593	0	0.0490119103458062	0	0.062552989776798	0.0061654516340293	0.116237996149682	0.00700000000000001	0.257547308191966	0.979417071206858
182	GSM1900210_treat	0	0.0330945844522922	0.130156974368776	0.0547054517621819	0.0122534242989812	0.0669187770953872	0	0.020547926828984	0	0	0.057199421204901	0	0	0.134245790113148	0.0394099545620311	0.0427497775467292	0	0.0479410709037579	0	0.207004226631957	0	0.153772620230874	0	0.397266862774117	0.920144457381233
183	GSM1900213_treat	0.172631886564545	0.103124111414154	0.0877832691218093	0.0905354499400912	0.0594193396163127	0	0.00572655670177758	0.114698446222346	0.00473437739074845	0	0.0372002839606558	0	0	0.0746982518684612	0.0499627032200378	0.0984319189839212	0	0.0654336320935805	0	0.0356197729015593	0	0	0	0.431112908118841	0.901642357065463
184	GSM1900214_treat	0.0578181008739407	0.099639020055881	0.256227446200993	0.109161860860307	0	0.0291176067895134	0.031735678224339	0.0115661434620745	0	0	0.0605806108909128	0	0	0.0773927390024836	0.0625054175546562	0.0675138572714193	0	0.0393948462450994	0.0718024155671087	0.00977096855129205	0	0.0157732884499793	0	0.392778494813714	0.919948488858818
185	GSM1900215_treat	0	0.00817887891296961	0.194451872423393	0.0892615973901804	0	0.138505109230376	0.0123087638692311	0	0	0	0.0297228959406034	3.14540232464277e-05	0	0.0529072787584876	0.140407586327631	0.152628688613901	0	0.0115365413544828	0.117736811197716	0	0.00908942070587243	0.04323310125191	0.013	0.225795050128089	0.991855403694159
186	GSM1900217_treat	0.063458248830417	0.119583113963598	0.194044737101239	0.115991237029481	0	0	0	0.0574608754113928	0	0	0.00169810831345359	0	0	0.0719811278060039	0.0533196778010867	0.0915659094241614	0	0.046996894960024	0.17492488582922	0	0	0.0089751835299236	0.002	0.324259406051536	0.950840290344074
187	GSM1900227_treat	0	0.0704394589952896	0.339198697394076	0.165298029976809	0.00374649735911106	0.0142241319990925	0.041194880375934	0	0	0	0.0389117072520703	0	0.00610938342160463	0.110311314695708	0.040189356800912	0.0957927929998891	0	0.0198642540078994	0.0530797416273675	0	0	0.00163975309423725	0	0.391896038980344	0.921128621077544
188	GSM1900230_treat	0.0219626117178977	0	0.368142210593078	0.176026170023824	0	0.147893746315096	0	0.0038633256690075	0.00683188473385721	0	0.039465979436139	0	0	0.0297234171397666	0	0.0922486073370013	0	0.0295499999702718	0	0.0714984511937184	0	0.0127935958703432	0.184	0.101340729562257	1.05341840917623
189	GSM1900233_treat	0	0.0235099544124433	0.131477726527977	0.0199256749915845	0.0298608231272103	0.0378393998248559	0	0.00814389218377161	0	0	0.0781130146078949	0	0.0489469822443982	0.183877783655354	0.00629314095157769	0.026048528377401	0	0.0623887846430387	0	0.14239078196581	0	0.201183512486684	0	0.346213454916473	0.947621656584436
190	GSM1900236_treat	0	0	0.34215039934618	0.322970090596097	0	0	0	0	0.0759854317384569	0	0.0480960246158377	0.0307142897926855	0.00830874931664827	0.0205004766296017	0.0354177019245944	0.0505608727702967	0	0.0107769490685326	0.0545190142010688	0	0	0	0.574	0.0318484917695581	1.09432348205632
191	GSM1900239_treat	0.0777286276872159	0.190163137355431	0.172104739440653	0.141589925874907	0	0.0345100895354729	0	0.0599329854833891	0	0	0	0.00850677407895356	0.0184755893362798	0.0443816204607965	0.0377148840315297	0.0699485001105297	0	0.0260579046612151	0.118885221943626	0	0	0	0.002	0.318000720213026	0.957262921262597
192	GSM1900241_treat	0.0376574553343977	0.106094959844306	0.281221512261155	0.076710724962928	0	0.0360729814920973	0.0150416900283029	0.0382203664497957	0	0	0.0504360823841644	0	0	0.106058096260354	0.101236261328906	0.0551151532186743	0	0.0282469159945774	0.0209593494497767	0.0284531506682605	0	0.018475300322304	0	0.499076806652089	0.867044277480895
193	GSM1900244_treat	0	0.0334076665581961	0.219822220930849	0.0459841317495509	0	0.0912729437815682	0.0404465979617196	0	0	0	0.0369721141141551	0	0.0357229729568986	0.0433258326845196	0.100370219526198	0.0607987996670836	0	0.081531961811374	0.194193567067544	0	0	0.0161509711903426	0	0.469355684296827	0.884334790353322
194	GSM1900246_treat	0	0.0506260416585974	0.322882441595562	0.169495906752852	0	0.00364241072615876	0	0.00861479220162224	0.0353807425722582	0	0.0133904372475473	0.0294079879610768	0.0195787447651556	0.0815981470395343	0.0337003401995542	0.164032266601149	0	0.0178994022583371	0.0457140913776407	0	0	0.00403624704295516	0.0659999999999999	0.151548034740352	1.02509542645398
195	GSM1900248_treat	0.0766358764468333	0.249838878100395	0.0303237835436432	0.0549335749681799	0.00612973396271214	0.0765825439917111	0.0591395752345338	0.0062577022819426	0.0115858609337007	0	0.0492927716157006	0	0.00528094996566513	0.0814661494219963	0.102864213719914	0.0448885288704573	0	0.0667434496308734	0.0780364073117409	0	0	0	0	0.571332204431062	0.826954340408892
196	GSM1900251_treat	0.0248118059326167	0.121741686869815	0.255232112217481	0.124206218372983	0	0.0306669119865133	0.0290237677192197	0	0.00741777510966053	0	0.0675648027419389	0	0.00177891692086343	0.15553444933008	0.0585142333625634	0.0459883403529725	0	0.00592369531449093	0.0149132000579591	0.00772692336416836	0	0.0489551603466742	0	0.599381070312847	0.814600565463848
197	GSM1900254_treat	0	0.0172908008434612	0.459951417601632	0.106489534846035	0	0.0125998532092505	0.0237951406248561	0.0040605352707863	0	0.0742464701914977	0	0	0	0.0485411539515746	0.0599219629696331	0.089680783430733	0	0.00421276414369677	0.0680656287456516	0	0.00799738249779618	0.0231465716733964	0	0.439840015477919	0.898837151863453
198	GSM1900257_treat	0.0019872604824729	0.0667544501303396	0.176324054728205	0.0931305655357981	0	0.0726183851376355	0.173027501281365	0.00392558581857637	0	0	0.00135243854385828	0.00609470667092542	0.0369162827396819	0.0470876569041598	0.114988101276804	0.0486395556508719	0	0.0204947758300166	0.0235681198498399	0	0	0.113090559419449	0	0.416541189938253	0.908304791507443
199	GSM1900260_treat	0.0240726204758871	0.0416953002881424	0.394872141735644	0.156860471238094	0	0.0603170335813432	0.024002285118132	0	0	0	0.014040903765666	0	0	0.0555439105646124	0.0561981381630048	0.127959433012583	0	0.021443996021498	0.00144008604239888	0.0215536799929942	0	0	0	0.372345519549995	0.932477664322578
200	GSM1900263_treat	0.0155250503151334	0.0118783182556145	0.217845094868619	0.270258646736085	0	0	0	0.0742698373044547	0	0	0.0175785185372181	0.0343435136819366	0.0162206631660939	0.112874439541665	0.0553197283014237	0.0610840556376514	0	0.0485561014850574	0.064246032169048	0	0	0	0.027	0.199754787072232	1.00457183793597
201	GSM1900265_treat	0	0.0242327137451561	0.391025788612361	0.100082159636335	0	0.0568151281814055	0	0	0	0	0.0332661506051248	0	0	0.0641724612195933	0.00982958857757682	0.129495003528165	0	0.0400253138848422	0.134013360066048	0	0	0.017042331943392	0.034	0.185386147325913	1.01263937808275
202	GSM1900268_treat	0	0.0354548333929371	0.231020319807631	0.0778107247158621	0	0.198008304253338	0	0	0.00571242219299203	0	0.010659402127352	0	0.0464186627847165	0.0313243043687734	0.0414640560421002	0.0917598085975066	0	0.0438173853527872	0	0.0428555360891381	0.0100553393190454	0.13363890095582	0.013	0.228656094091114	0.989385083672011
203	GSM1900271_treat	0.0174823598830564	0.0354940486040541	0.340207482514802	0.0400508373261142	0	0.118702469632044	0.0118022467710233	0.016533405830378	0	0	0.0484864670086022	0	0	0.0716748875202078	0.0267731523566545	0.0726670644287137	0	0.0378041695517124	0.108519230097279	0.0301368856353594	0	0.0236652928399997	0	0.486356534687048	0.876981848196913
204	GSM1900274_treat	0.0146333677627416	0.100770381165066	0.290387835127696	0.0782712122492751	0	0.0264000676898839	0.00794058346245347	0.00425203704452141	0	0	0.0470771442535464	0	0.000833968707479665	0.0721972988039638	0.00158703886438032	0.0178243319763371	0	0.0645089612220328	0.0887143312581391	0.032350447321441	0	0.152250993091042	0	0.521093971789171	0.856587151017066
205	GSM1900277_treat	0.141169162791135	0.176033821712577	0.151918940129324	0.135206446106722	0	0.00171182375550974	0.0350593446911939	0.0452241824568733	0	0	0.0239131595531461	0	0	0.0910585371476477	0.0237662210115963	0.0414839143499509	0	0.0564453270114798	0.0474865829442574	0	0	0.0295225363385867	0	0.605782226654921	0.806284543999197
206	GSM1900280_treat	0	0	0.264039921868217	0.205385698453009	0	0.0518684100416657	0.0499335249121882	0.00725261402141058	0	0	0.0137578052494893	0.00476367750805784	0.00405410648690347	0.0104573870095646	0.0821576231485847	0.131220893902875	0	0.0194655161505475	0.155642821247487	0	0	0	0.003	0.307807723668833	0.956155250398311
207	GSM1900283_treat	0.0510799434599427	0.139455289410004	0.0349610565689224	0.0276345664711618	0.020232609599291	0.053682200911792	0.0113773475393297	0.0209975722456226	0	0	0.0297932085186649	0	0	0.11543305953396	0.0147654216458608	0.0226684226755774	0	0.0610512085232177	0	0.0808255675537481	0	0.316042525342906	0	0.475488630077213	0.880723534675774
208	GSM1900285_treat	0.0216746652785711	0.0620054161822079	0.214001412883135	0.00481776653671101	0	0.0658816554673478	0.0150819806867507	0.0262956943291219	0	0.0108798085194684	0.0490760144703262	0	0	0.119130042505634	0.0303592522649656	0.0464287658388581	0	0.0446728168008002	0	0.131646289550271	0	0.158048418685831	0	0.542955952006059	0.844809181138096
209	GSM1900288_treat	0.016323486676537	0.0633036806361417	0.232594991208975	0.379914911057618	0	0	0	0.0159070504217097	0.0558654469832149	0	0.0322448048510354	0.025662749517964	0	0	0.00738647184171143	0.0821014411017537	0	0.0511314083129981	0.037563557390341	0	0	0	0.311	0.0691015768183583	1.08020776981791
210	GSM1900291_treat	0.099168184545403	0.153482512773413	0.161511723954641	0.100027218576669	0	0	0	0.10415743346859	0.000963592349816465	0	0.0891444524614429	0	0	0.054561163545747	0.0461325239030923	0.027301377392286	0	0.0948708105573614	0	0.0613949838370458	0	0.00728402263449234	0.002	0.314336507459387	0.960263035008226
211	GSM1900294_treat	0	0.10981021935185	0.232716156241348	0.118648485308443	0	0.0160951698949299	0.0603203465603245	0.0068590210324595	0	0	0.0742836170086928	0	0.011708574732706	0.0815698519560557	0.135519928103676	0.0809272314642962	0.00105179655625236	0	0.0666744694642446	0	0	0.00381513232472111	0	0.546566611369001	0.843189585944843
212	GSM1900297_treat	0	0.155285753517545	0.33491938046428	0.0864105701869411	0.00463560531229379	0.00700893111828016	0.00914722033229037	0.0178695805167618	0	0	0.00562297044346244	0.00556945976758342	0.00698056762370962	0.0650678959297512	0.113938610857358	0.0761386927367094	0	0.0259344231315124	0.0534161683454429	0	0	0.0320541697160786	0	0.593549181061097	0.811843642941949
213	GSM1900299_treat	0	0.0861363430630695	0.478135420089723	0.0774134625292847	0	0.0522676350044995	0.00407629278852229	0	0	0	0.0224680534518565	0	0	0.0435801838426918	0.0505083356444606	0.0527947266812431	0	0.019696546283186	0.0740420958058889	0	0	0.0388809048155736	0	0.53841285803337	0.844361222462806
214	GSM1900302_treat	0.0390261861074345	0.0468500386786718	0.270343624268242	0.121474488228673	0	0.130832375981032	0	0.030383169674656	0.0110260073780333	0	0.0436158420178782	0	0	0.0719405661288414	0.0947559532078788	0.0892821644633597	0	0	0.0295756791004111	0.0208939047648884	0	0	0.003	0.311060956563806	0.957859975535028
215	GSM1900305_treat	0	0	0.140510878893542	0.405238168527923	0	0	0	0.0214727158145904	0.0559543832903927	0	0	0.0567512889794097	0.026387992484129	0.0609864947180511	0.0270205120401666	0.102014770962772	0	0	0.103662794289024	0	0	0	0.105	0.129035343159655	1.04500861063916
216	GSM1900307_treat	0	0.0307721078893311	0.315012275523725	0.182665565742469	0	0.0342975082231533	0	0	0.00400058557274176	0	0	0.0216275534023574	0.0128186411171187	0.0794448002712664	0.0426834559384066	0.143613543858839	0	0.0162731196446284	0.116790842815964	0	0	0	0.00700000000000001	0.259206598374202	0.978004374131458
217	GSM1900310_treat	0.281732880047831	0.0640103953123541	0.102876445100649	0.102581520538543	0	0.0167881054371733	0.0197461311610756	0.055670973034914	0	0	0.0584476819870206	0	0	0.0835677160717275	0.0360025427973805	0.0701071339037289	0	0.0589534792924623	0.0396191921759644	0.00989580313917563	0	0	0	0.549199046809229	0.83767673673902
218	GSM1900313_treat	0.0689645890156713	0.101943573119733	0.19129392724087	0.283107683223201	0	0	0	0.0635890229437155	0.0134213095468454	0	0.0249865452830808	0	0	0.00386181575837686	0.0607261343492751	0.104522513523378	0	0.0373737852228233	0.0462091007730292	0	0	0	0.003	0.311080087009933	0.961019107282162
219	GSM1900314_treat	0.0741991411899186	0.164511781981293	0.197145842332847	0.130055922060298	0	0	0.0207804112404552	0.0572779665510274	0.00849259772604132	0.0448727832057132	0.00113983559032226	0	0	0.0657181708539639	0.111344216461968	0.0884543440101528	0	0.0153793389960252	0.0206276477999742	0	0	0	0	0.593698980086978	0.812339587726169
220	GSM1900315_treat	0.00109581223044725	0.0331455634790605	0.190080836751123	0.105105149717866	0.00160108938863459	0	0.0977335159028971	0.00481096466344182	0.019686698724388	0	0.0538784380154127	0	0	0.13926562568742	0.155183306015249	0.118961646558087	0	0.00714746762496137	0.0491873629640076	0	0	0.0231165222770042	0	0.496813162116391	0.868869660355021
221	GSM1900316_treat	0.152702869365405	0.143597916032573	0.0664768329540598	0.0931772896274496	0	0.0560750680212414	0.0367366490057155	0.038035700706966	0	0	0.0475144975650705	0	0	0.0803991195512451	0.0951299379703883	0.0606222633480552	0	0.0315846709389237	0.0600966444157043	0	0	0.0378505404972033	0	0.508541293931226	0.861939134260557
222	GSM1900317_treat	0.00787980848687076	0.0312492226433985	0.112716866881565	0.181044496754187	0	0.0369842953557118	0	0.0282019599647455	0	0	0.0185432156321104	0.070180766305056	0	0.0859875408477322	0.0587082362407867	0.113128225729338	0.00637092649417844	0.0204216163292255	0.214094070872698	0	0	0.0144887514623958	0.175	0.104010744905803	1.0422421517014
223	GSM1900318_treat	0.0034808152366329	0.0526441207849316	0.171605697493503	0.0822122347591446	0	0.0893446528488569	0	0	0	0	0.0682968052235812	0	0.0446149269700141	0.038712914398403	0.0559855164461515	0.0997859531449668	0	0.038019757801773	0	0.0863412734048092	0	0.168955331487232	0.024	0.205036902816232	1.00322385016324
224	GSM1900319_treat	0.0030833346297589	0.0458710686908045	0.219964319152319	0.162043303894422	0	0	0	0.0420638844670083	0	0	0	0.0399937429482137	0.032511811251262	0.0487012730257461	0.041043506612572	0.112898968906839	0	0.0043806463379926	0.247444140083062	0	0	0	0.199	0.0963593434956562	1.0445399986739
225	GSM1900320_treat	0.0122993833963361	0.0183072365714917	0.0422279837342862	0.0224711807922165	0.0435672542133468	0	0.115395962510454	0	0	0	0.0370613355941734	0	0.0688933231178199	0.0605629929374507	0.124812296002578	0	0	0.0670312228119214	0	0.199441646694117	0	0.187928181623808	0	0.529456936645204	0.848019464405264
226	GSM1900321_treat	0.00035339549158566	0.110322918556878	0.315450307439495	0.139837350985528	0.0617956618553069	0	0.04749921216213	0.000903670628091082	0	0	0.0313747012118488	0	0.00159893731147124	0.0160688961399146	0.0595061593984746	0.0903576634063904	0	0.0353863695737745	0.0811414082660942	0	0	0.0084033475730177	0	0.578992070715275	0.827792920434945
227	GSM1900322_treat	0.0318103947258181	0.0994167820416432	0.156290268959822	0.0574889015603774	0.0553163044375893	0.0234466363423262	0.0356957096196807	0	0	0	0.0467467326551241	0	0	0.0998599180751264	0.0356744776623616	0.0455109519634041	0	0.0710610192821347	0	0.138260707745096	0	0.103421194929497	0	0.50938534623757	0.863338673348505
228	GSM1900323_treat	0	0.000133259587400812	0.253540123389805	0.281282575686952	0	0	0.0485730441156282	0	0	0	0.0232630819218733	0	0.00450007781767951	0.143665258611968	0.0458762805538419	0.113170104279428	0	0.0268051852824575	0.0591910087529661	0	0	0	0.00600000000000001	0.269481003613347	0.973783454645064
229	GSM1900324_treat	0.00578968869246214	0.043141771523592	0.339077250815885	0.0551962242286431	0	0.047334548678992	0	0.00511971928768721	0	0	0.0425385306917984	0	0.00571738680944508	0.11451504165464	0.0634779152505908	0.0822437291470659	0	0.0145274344210381	0.0758363866107915	0.0303326632440054	0	0.0751517089433633	0	0.561393317120426	0.837470931838496
230	GSM1900325_treat	0	0.0341782770820366	0.42891198170729	0.110215376996993	0.00511870273711318	0.0320409575189613	0.0106356605945984	0	0	0.0204834220912003	0.0122269596428799	0	0	0.0924970328533067	0.0428174430252789	0.104244060052491	0	0.022614197846585	0.0732500132459747	0	0	0.0107659146052911	0	0.401125089829344	0.918143798906663
231	GSM1426090_treat	0.0400548442159581	0.0869933260268834	0.213350366309916	0.132662119808252	0	0	0.0152531213683287	0.0217284863594179	0	0	0.0574572933197068	0	0	0.0673203229441627	0.205373861432429	0.103727325547736	0	0	0.0560789326672093	0	0	0	0	0.471845135030712	0.88134292179004
232	GSM1426091_treat	0	0.0609299900149663	0.155616025134651	0.217853542963282	0	0	0	0.0257295302955535	0.0685769003874807	0	0	0.0499979124145165	0.0125024015668805	0.0619098811505253	0.0288026465664669	0.168759206004111	0	0.0380751135053276	0.111246849996239	0	0	0	0.32	0.0673037530991742	1.05021168455171
233	GSM1426092_treat	0.0334708117606184	0.0297612707268518	0.300775833388572	0.17496582131418	0	0.0810947960558636	0	0.0059918529626301	0	0	0.0621925037015588	0	0	0.0363297994217688	0	0.162667992579726	0	0.0332318995103221	0	0.0663878771410586	0	0.0131295414368508	0.215	0.0910608156286225	1.05155720700058
234	GSM1426093_treat	0	0.0619745261895694	0.367657571267067	0.129128291190514	0	0	0.0437706134596098	0.0162999403089873	0	0	0.00845556147628163	0	0.00236592110338745	0.0709968683762606	0.0298881778739793	0.154254153364225	0	0.0113963638544572	0.103812011535662	0	0	0	0	0.399704886770149	0.917904276764952
235	GSM1426094_treat	0.0225766477598821	0.0934596885155127	0.157978386803797	0.0640963926621413	0.0230573545682945	0.0171827197419953	0.0312273444962176	0.0178975472598594	0	0.000669642896100273	0.0441328455602899	0	0.0339640377251596	0.0545396829119626	0.127649651644249	0.0340949840715626	0	0.024255029012479	0	0.114528643240736	0	0.13868940112976	0	0.534253073642893	0.847800859146545
236	GSM1426095_treat	0	0.119453314798791	0.232817278328431	0.175407257222428	0	0.0267211674150069	0.0490207086069305	0	0	0.0481615641523191	0.0406754714281473	0	0	0.0767023579143448	0.0501654749302572	0.0716562782966345	0	0.0156812373527821	0	0.0337464335140324	0	0.0597914560398948	0	0.53574825242113	0.849652053372526
237	GSM1426096_treat	0	0.0457832073118467	0.230692048355535	0.0694382474269383	0.00269221838691667	0	0.0494451708727797	8.01389715722834e-05	0	0	0.00295303368891324	0.0161220346573202	0	0.0906672870268043	0.0543439916520534	0.0160670350594429	0	0.0316659094641664	0	0.132980647018952	0	0.257069030106759	0	0.505232878242558	0.862228013704568
238	GSM1426097_treat	0.162911201827504	0.128170619912079	0.0833022231916958	0.0378195475271431	0	0.0833947370710596	0.00268140806686419	0.0870627861083337	0	0	0.0511948209445557	0	0	0.0899477782020884	0.0457486473023905	0.0310579297811112	0	0.0317371173725113	0.0287052576354193	0.0193588533749635	0	0.11690707168228	0	0.495175865245475	0.868892258077403
239	GSM1426098_treat	0	0.0395751520162399	0.204804093034288	0.0630056127288734	0.0261261058717797	0	0.0351106715341163	0.0168514383462707	0	0	0.0157859727230674	0	0.0149518562932258	0.0807635774830654	0.103502209046078	0.0536750687185633	0	0.0429426862449641	0.0721568026432132	0	0	0.230748753316255	0	0.424717357049677	0.905253960147195
240	GSM1426099_treat	0	0.0598222354410884	0.412606221348484	0.0718438734484047	0	0.0286462121211772	0.0405415014415887	0	0	0.00415272824863878	0.00019039590155114	0	0	0.0848693063830475	0.0665904168132147	0.0460262881761506	0	0.0195745495680349	0	0.08167731861571	0	0.0834589524929089	0	0.498824220450896	0.866988811533014
241	GSM1426100_treat	0	0.168466897868131	0.197890920765211	0.089906325856381	0.0205253254665727	0.0186399353919267	0.065036693284533	0	0	0	0.0610391388524686	0	0	0.141476823008436	0.0699964905339005	0.0380546840123916	0	0.0228621298289434	0	0.0816460937387554	0	0.0244585413923493	0	0.58117823843402	0.825372798532711
242	GSM1426101_treat	0	0.0342735438329553	0.362575725820684	0.0814799207483015	0	0	0.00586135844414889	0.0435226959798983	0	0	0.0118609368838404	0	0.0276259362643379	0.0804005056728156	0.063295859938824	0.0271173586898226	0	0.0841730222759399	0	0.0927244392592381	0	0.0850886961891935	0	0.542540549999209	0.844381572318697
243	GSM1426102_treat	0.0641428556982142	0.0846505764830822	0.242884061144818	0.103354812495214	0.0676697415260269	0	0.0484088936358669	0.0505536934799773	0	0.00316526807459559	0.0495565512710324	0	0	0.0550834246445098	0.0124349600925014	0.0984836246139931	0	0.0760784565544069	0.0362263005970533	0.00730677968870854	0	0	0.00800000000000001	0.245395934034604	0.984589120557221
244	GSM1426103_treat	0.151784369294615	0.064504804983733	0.244764492173403	0.0449026020396802	0	0.00260937076882715	0.00272979148779915	0.0834615266779059	0	0	0.0537909701926682	0	0	0.159099095620467	0.0164640091766299	0.0359127105754006	0	0.0243461697942177	0.0230919486181059	0.0511679938216969	0	0.0413701447748503	0	0.473939892352595	0.880224325452098
245	GSM1426104_treat	0.0944157637379957	0.0472628490473067	0.251501731924214	0.0434707167992062	0	0.00889248296594721	0.0116621405668328	0.0401359937023666	0	0	0.0190801259646859	0	0	0.0556147298299032	0.0778454724641036	0.0212142747479761	0	0.0347884533620876	0	0.110995053335	0	0.183120211552374	0	0.470025572946203	0.881800622158453
246	GSM1426105_treat	0.191939420085636	0.0820815183894323	0.0705905633738167	0.0202295890099374	0	0.0192568389891835	0.0202276713590971	0.0693413883118111	0	0.0022946190902837	0.0235184219520872	0	0	0.0572323609326649	0.0888090180687538	0.0444880595877494	0	0.0229792553436024	0	0.0741962595261841	0	0.21281501597976	0	0.592860999113522	0.810959212517113
247	GSM1426106_treat	0	0.0439257119768892	0.42578882850313	0.0716714207767022	0	0.0442926292040517	0.0145830155812604	0.0701817526298863	0	0	0	0	0	0.0996843230140212	0.036510250485525	0.0877011709899102	0	0.034132626351215	0.0607578977969964	0	0	0.0107703726904127	0.003	0.31256221270061	0.96082815208618
248	GSM1426107_treat	0.142045895555697	0.168800411890015	0.208736023394458	0.0448612887796436	0.0110913071030777	0	0.0233086534490259	0.0631350720104049	0	0	0.0190198902130256	0	0	0.155023264310608	0.0399003267422492	0.0206671368041428	0	0.0220839842780546	0.0233623448863103	0.0223006009774672	0	0.0356637996058205	0	0.540116760572151	0.84249683489909
249	GSM1426108_treat	0	0.0388102602543875	0.281646354017369	0.0794337223376409	0	0.0624420579875323	0.0238662783989758	0.0284685920910447	0	0	0.016117664955861	0	0.00290894561804282	0.0794373461859863	0.0501659104003529	0.0399618098632554	0	0.05588234965198	0	0.123866279300885	0	0.116992428936686	0.002	0.324727275959221	0.950707509793034
250	GSM1426109_treat	0.0660132815895235	0.104264231811215	0.281081951344622	0.085155630471416	0	0.0267883003066994	0.0386967730609832	0.0223163250161729	0	0	0.0447074042553661	0	0	0.0857881715456074	0.0482756606243445	0.0556232717796708	0	0.0425790827449462	0.0609547014592556	0.0221146838617562	0	0.0156405301284218	0	0.38428683300968	0.924605986263001
251	GSM1426110_treat	0	0.0248664356674215	0.281211627935351	0.0469614395791939	0	0.0514223834299818	0.0344291562119201	0.0145245492531085	0	0	0.0331476905067521	0	0.00601521634369594	0.0702000329228044	0.111091602619121	0.13185842051161	0	0.00575553521874825	0.14089307293182	0	0	0.0476228368684706	0.019	0.213440606897517	0.996362261725514
252	GSM1426111_treat	0.077068834698552	0.111252600829491	0.237907744045886	0.0694327615928595	0	0.00213260996497347	0.0112230453768186	0.0585294556126986	0	0	0.0112986536590279	0	0	0.0723955895013358	0.0299678010215175	0.0880946171077616	0	0.0404564910780448	0.173918355906331	0	0	0.0163214396047029	0	0.350541816120448	0.939974307315913
253	GSM1426112_treat	0	0.0710391411937963	0.349832570421479	0.199210972649142	0	0	0.0309540237604763	0.00464304739921712	0	0	0.019286366379426	0	0.0117524969494398	0.0325940305060722	0.0226529202204368	0.0722054528011001	0	0.0213420139150377	0.143686908959481	0.000232452571109949	0.0126979979915449	0.00786960428224029	0	0.501602417803468	0.868053150325284
254	GSM1426113_treat	0.0202818347513769	0.107190720822572	0.265872830733607	0.146992278136758	0	0	0.0407505370498723	0.0047239339490618	0	0.0136926839215573	0.0398769159200322	0	0	0.0968421389111952	0.0391174140412106	0.100209387058093	0	0.0511915425240805	0.0452517382965082	0.00571751769690565	0	0.0222885261871697	0	0.451084944575696	0.892488245959087
255	GSM1426114_treat	0.0948436859954713	0.0810348360132398	0.213278680390317	0.039655565968248	0	0.0554023455124071	0.0292377128055627	0.0273701273646506	0	0	0.0293418882092503	0	0	0.131031286382628	0.0469335208589166	0.0411681615617348	0	0.0409964910029444	0.0761002801497923	0.0170721648754607	0	0.0765332529093765	0	0.541657599964934	0.848268645974639
256	GSM1426115_treat	0	0.0703001046623976	0.277466329511596	0.0926650601530562	0	0.033986412718967	0.0517274501259343	0	0	0.0101059377407214	0.0297958783477863	0	0	0.0410398963331132	0.111496602479554	0.10811697239682	0	0.0193654949436377	0	0.0822293321035032	0	0.071704528482913	0	0.464845538504555	0.8849326416174
257	GSM1426116_treat	0.0756060937244325	0.00607284986245562	0.174441103817822	0.107424144117221	0	0.0507216486699414	0.0529351916759567	0.0149990906116236	0	0.010904485581378	0.041134620975185	0	0.0143944788231708	0.0912610687751447	0.110098616096168	0.0673929205111302	0	0.0167517929611362	0.0507959017003067	0.02464475534678	0	0.090421236750148	0	0.500613329674227	0.868998695493312
258	GSM1426117_treat	0.0154764222339044	0.0330242065938575	0.393099775719278	0.129234475787567	0	0.0798131130767578	0.027031696539548	0.00698771838819463	0	0.0314167878852685	0.0187873269471724	0	0	0.0128379259646262	0.0345680652144839	0.103814807125134	0	0.0356719245418928	0.0552051200839499	0	0.0230306338983645	0	0	0.39963874661647	0.918027086341056
259	GSM1426118_treat	0.469541705258878	0	0	0	0	0.0210650012254794	0.0155646536158529	0.0871814311934188	0	0.0516939547290264	0.0472694982001426	0	0	0.0633694392474935	0.0272827222366858	0.0817124669733196	0	0.0420560000531835	0.048044490275939	0.0452186369905802	0	0	0	0.571635515188856	0.820452559523776
260	GSM1426119_treat	0.0154299073153442	0.101654581930876	0.298392206901598	0.102832520080038	0	0.0178684111011567	0.00866576418332633	0.0389239655618696	0.00204892315819379	0	0.0230461813862905	0	0	0.0540597599318308	0.0604793909583166	0.106544357756629	0.00431728661381588	0.0111521912305494	0.136132186862288	0.0163187632992921	0	0.00213360172858437	0	0.545803040762493	0.845736929388359
261	GSM1426120_treat	0.200684798779748	0.0647009456762633	0.149252663360435	0.0758156335805958	0	0.0103051296701813	0.0119807509372587	0.0636473537138466	0.00266936422880441	0.0764888631406046	0.00548098069969199	0	0	0.0630040423448237	0.0452641997588982	0.0877892580503164	0	0.0467248854837515	0.0352201809535227	0.0544518978134116	0	0.00651905180784652	0	0.440298578091392	0.897091257282186
262	GSM1426121_treat	0.0059663571336412	0.0443831213478789	0.335187541305449	0.0966451138103619	0	0.00854201804125741	0.0584115723230151	0.0196312952600745	0	0	0.0195641840166759	0	0	0.0608670273574667	0.133169190952174	0.162346711611028	0	0	0.0361763868851686	0	0	0.0191094799558083	0	0.432263302187879	0.901523496697307
263	GSM1426122_treat	0.05135929481341	0.0862616350954653	0.369356187556999	0.0491967236117534	0	0.0475514352362605	0	0	0	0	0.0376331007108434	0	0	0.129830261456968	0.0263710327039647	0.106276904272095	0	0.0215075557670457	0.00044806833911723	0.0697361524773558	0	0.00447164795872203	0	0.425437947030963	0.90676389246206
264	GSM1426123_treat	0	0.0448714350307042	0.282032926685793	0.122306392394778	0.0174078344472088	0.00566107914505412	0	0	0	0	0.0149369188790463	0	0.0106935077479907	0.126955402199193	0.0471408060152963	0.0782808352848065	0	0.0193029843048281	0.100941231808808	0.0867257618737934	0	0.0427428841827002	0.00700000000000001	0.261514056590089	0.979325367920948
265	GSM1426124_treat	0.0186677172162147	0.127460377318351	0.231631480081326	0.136091569587957	0	0	0.0481600462913904	0.0294423410032445	0	0.0307817332904741	0.0272921646375111	0	0	0.0729245707728012	0.143010861080595	0.0758799327995852	0	0	0.0302839236885328	0.00955926701827934	0	0.0188140152137379	0	0.530390645114937	0.849594895755123
266	GSM1426125_treat	0	0.0771690563467676	0.399471794781749	0.116350936183472	0.0327690319082163	0	0.0396059760394035	0	0	0	0.0414345408680724	0	0.00776018839701038	0.112706038255098	0.0208828382177773	0.083183824885713	0	0.0172150550778801	0.0494724552921488	0	0	0.00197826374669195	0	0.418880724397668	0.90964796127319
267	GSM1426126_treat	0	0.0301093024863793	0.156646526291677	0.0173601709785079	0.0165639918761193	0.0065637405731927	0	0.0229073908904135	0	0	0.0279672314516545	0	0.0672334316218028	0.171734362701661	0	0	0	0.067730861312341	0	0.199969891717543	0	0.215213098098709	0	0.529205164274595	0.847704129468934
268	GSM1426127_treat	0.144144342549384	0.0914572189882761	0.286519152658238	0.0654658000409397	0	0.0278727735753396	0.0275164581301916	0.0856030189891909	0	0	0.0474775387512684	0	0.000254928722573239	0.0389709855339115	0.0178145235885661	0.0502972470650908	0	0.0310537600680519	0.049187643719168	0.0349315167800302	0.00143309083977943	0	0	0.358217510524401	0.940860493263171
269	GSM1426128_treat	0.0266945871210575	0.118861752787496	0.329697263684551	0.0973728008357727	0	0.00684282868472092	0.00491892345014792	0.0378069802014695	0	0	0.0385046749886385	0	0	0.108852955499344	0.0486736492401372	0.0595184481095134	0	0.0465049479580504	0.00813646110769204	0.0511376273778883	0	0.0164760989535198	0	0.531278688640629	0.849741356343916
270	GSM1426129_treat	0	0.0366228467375493	0.289355794801964	0.045707469498945	0	0.0905128004520821	0.0507371514830537	0	0	0	0.0294804011424148	0	0.0411546955594951	0.047100262316568	0.0814524380617421	0.0592902642194836	0	0.0753709875417514	0.126578178466555	0	0	0.0266367097183962	0	0.446494256589779	0.895532531865369
271	GSM1426130_treat	0	0.031331264765346	0.409308545756363	0.123816044293765	0	0.0193455911133108	0	0	0.020564364428005	0	0.00077067330288234	0.0362394626578186	0.020303522729581	0.108515702163121	0.0304753988010641	0.126459902142122	0	0.0155569515268192	0.0523147408230826	0	0	0.0049978354967195	0.014	0.221246495353568	1.00157898384727
272	GSM1426131_treat	0.155296730217672	0.186169496378028	0.0627994887464257	0.0608009562388496	0.0287323563988505	0.0207001668829331	0.0543275820531342	0.029776690175495	0	0	0.0402046275844267	0	0.0156408950457398	0.0987019331500085	0.0469437906288957	0.048086422031878	0	0.073939285928572	0.0778795785390912	0	0	0	0	0.43019568954756	0.902279700634668
273	GSM1426132_treat	0.0304719406146229	0.131821591714956	0.273713767204725	0.0740501136014235	0	0.0380204486348144	0.0186475167699367	0.0308647234857859	0	0	0.0664228706986346	0	0.00523704588786021	0.145388834745018	0.0380439584837148	0.0347268198735803	0	0.0128871040465721	0	0.0462002678170998	0	0.0535029964212551	0	0.573179750343064	0.828255713698373
274	GSM1426133_treat	0	0.0515885575387064	0.494137758793838	0.0691085579750165	0	0.0927113125217161	0.0185961563819502	0.0111019598917963	0	0	0.0365097275678319	0	0	0.0160018472044309	0.0383587852729839	0.0389063981772118	0	0.0161292718852425	0	0.0733249303045006	0.014592551609122	0.0289321848756524	0	0.482147440955963	0.876825944545729
275	GSM1426134_treat	0.00683002472494568	0.058665299102233	0.237162567597708	0.0807389875239773	0	0.0510814484214249	0.149277547151353	0	0	0	0.0211356319575459	0	0.0435369868014813	0.0484485569522347	0.0631227395607339	0.0466070118858007	0	0.0463963557556796	0.0104568988984939	0.00754839485630073	0	0.128991548810087	0	0.389827883282751	0.920356638126405
276	GSM1426135_treat	0.0304260771498965	0.0320620830797522	0.49645702104557	0.0888548156487089	0	0.0333874306380709	0.0233194757206197	0.0101657117104533	0	0	0.0126191602730396	0	0	0.0691428374950559	0.0390313234241661	0.135338336387743	0	0.0230463957648912	0.00495442852402192	0.00119490313800997	0	0	0	0.412332971251055	0.91663785175978
277	GSM1426136_treat	0	0.0553604548061138	0.302863551769572	0.210300057361106	0	0	0	0.0660601559354319	0	0	0	0.053281304070229	0.0147404787269878	0.0942698185150098	0.0469875054832477	0.0702280306522768	0	0.0316673386590526	0.0542413040209727	0	0	0	0.014	0.224088806705922	0.996335133050148
278	GSM1426137_treat	0.00687440299609146	0.0188818653042992	0.405656387022105	0.0743683411101211	0	0.113012591996691	0	0	0.00361743845681828	0	0.0583180952819747	0	0	0.0594324081097223	0	0.0878093451176446	0	0.0331125496562518	0.0213523779080715	0.0762891227485218	0	0.041275074291687	0.019	0.213860909466864	1.00320179349161
279	GSM1426138_treat	0.00788356978481182	0.0429842453466877	0.400378594434879	0.0353749462903253	0	0.0895070202916615	0	0.0232764503036373	0	0	0.0315494038737129	0	0	0.0712222807267278	0.0156123880491427	0.0801954597863119	0	0.0431595229943373	0.0957573555381461	0.0103944928167236	0	0.0527042697628951	0	0.545520401285714	0.845939993811954
280	GSM1426139_treat	0.0266631550499775	0.0892095553325645	0.354350059873737	0.0481306871098256	0	0	0.00189356572004315	0.0270017524187678	0	0.00604426196940361	0.0421904335425697	0	0	0.0618287440331441	0	0.0131933491767685	0	0.056662763025725	0.080831748899401	0.0301630146491247	0	0.161836909198947	0	0.471688648666874	0.881324992425258
281	GSM1426140_treat	0.198164704572878	0.128914263703271	0.197853634754809	0.0869926629555262	0	0	0.0329273608153119	0.0811351668763971	0	0	0.0257569509889262	0	0	0.0723199422102667	0.014822759831298	0.0331313219164396	0	0.0498702222919935	0.0465754963630574	0	0	0.0315355127198258	0	0.595416029920571	0.809814027074972
282	GSM1426141_treat	0.0111843154415505	0	0.370925139092725	0.167506942809563	0	0	0.0138361118713411	0.0236127589290964	0	0	0.0516218438515976	0	0	0.019748813324249	0.055445242721365	0.119009116765201	0.00162681394296154	0.0401751627535506	0.122113452035501	0.00319428646129896	0	0	0.002	0.329067582485536	0.949458411467985
283	GSM1426142_treat	0.0170124881693446	0.0902984583959065	0.228856894014174	0.00821253609615682	0	0.0353402444727343	0	0.0435346029642833	0	0	0.0319611967250508	0	0	0.111265999604778	0.0154125493632757	0.0324300986920987	0	0.0503792583434521	0	0.16921841688704	0.00463265825303214	0.161444598018673	0	0.594946929879751	0.813201865781815
284	GSM1426143_treat	0.0178653446406036	0.0559575069886714	0.315539184652013	0.26207211534401	0	0.0494280819517155	0	0.0467340661896365	0	0	0.0342537488703501	0	0	0	0.0107177893928543	0.100492022171731	0	0.0496440896329736	0	0.0285463157093742	0.0201341518912358	0.0086155825648316	0.113	0.124693747368675	1.04607292770004
285	GSM1426144_treat	0.191609853471732	0.0554467122714237	0.238453354627306	0.126865962630809	0	0	0.0400252176017461	0.0924961986939716	0	0	0.0205515030766125	0	0	0.0628570318806938	0.021406454402116	0.0599058442492817	0	0.0687394645872221	0.0216424025070855	0	0	0	0	0.355343489552481	0.941285900030405
286	GSM1426145_treat	0	0.0850591417342893	0.287328713760812	0.122814748313667	0	0.00979209110566779	0.0336841241750762	0.0212981398316541	0	0	0.0414388439676325	0	0.0387545437369765	0.0942381089311528	0.0746789111672457	0.0718206743720052	0	0.040680286858274	0.07511696113069	0	0	0.00329471091485657	0	0.506362497724595	0.866590007298521
287	GSM1426146_treat	0	0.160764567185193	0.388957492861152	0.0567843208215933	0.0109230349666062	0	0.00282313717273979	0.0552313534129919	0	0	0.0054251408500144	0	0.00923773636971545	0.0301019669599991	0.0601172832516305	0.0668052027436846	0	0.0859336009965589	0.0418648192325199	0	0	0.0250303431756015	0	0.541522236070911	0.841933095194367
288	GSM1426147_treat	0	0.0431384668599162	0.512580123291198	0.0744813746379874	0	0	0	0.0141393589937796	0	0	0	0	0	0.0721342907153354	0.0470559446575893	0.0647988498211301	0	0.0112052486516161	0.112127818413232	0	0	0.0483385239582152	0	0.544249309062692	0.841146006793031
289	GSM1426148_treat	0	0	0.204818128803386	0.311482008742587	0	0	0.014908399327081	0.00495317765525147	0.0172282477581041	0	0	0.0656509070616496	0.0227533024766549	0.102237220329212	0.0233867920949595	0.110067299357563	0	0	0.122514516393552	0	0	0	0.055	0.159326997920003	1.02193629756868
290	GSM1426149_treat	0	0.0503749884241339	0.374956796237442	0.110722281638607	0	0.0381492253808217	0	0.0233518930775226	0	0	0	0.0271101725033868	0.0143271762819929	0.0700853275107919	0.0390507774219455	0.120977215738316	0	0.0146949390990813	0.116199206685958	0	0	0	0	0.363100497834888	0.93474767139705
291	GSM1426150_treat	0.286134994395517	0.0829003519691165	0.12595826349273	0.0770010269164737	0	0.00837832866024914	0.0222663050886034	0.0553054507878985	0	0.0040093013172933	0.0531666714944278	0	0	0.085100707588503	0.0171198312678657	0.0595810424846443	0	0.0548563078563668	0.0339883053246253	0.0309622972513546	0	0.00327081410433129	0	0.525974579553776	0.850286626971832
292	GSM1426151_treat	0.0678030111296053	0.101614054605697	0.292450694393486	0.178205664646292	0	0	0.0429547145356485	0.053387101086384	0	0.0025820649158811	0.0344411792778787	0	0.00838777136950729	0.015168075682466	0.0331859601124383	0.0957351287583617	0	0.0312091828936994	0.0428753965926541	0	0	0	0	0.368014152021908	0.933719762315957
293	GSM1426152_treat	0.110072795215127	0.16280448196013	0.239176102243426	0.0393588402247859	0	0.0237002962359013	0.0407454381914829	0.0761651775380601	0	0.0875741269028182	0	0	0	0.0625457084657524	0.0618669544596227	0.0677378416635308	0	0.0157759031732453	0	0.0124763337261178	0	0	0	0.570680352822963	0.824770552302012
294	GSM1426153_treat	0	0.0743719388655239	0.245377220879352	0.0827695101123261	0.00030399157928084	0.00710651467155904	0.0676375317046569	0.00165997302616134	0	0	0.0306423596484871	0	0	0.14796988571469	0.173714011465344	0.092125001276809	0	0	0.052129131557337	0	0	0.0241929294984736	0	0.523004151031366	0.853207960465051
295	GSM1426154_treat	0.150721828806451	0.163027307504136	0.0996326373764957	0.0571067229549278	0.0509579564734081	0.0214446270612986	0.0403385508591815	0.0227187182454588	0	0	0.040003059542024	0	0	0.0775238989377529	0.0694904053581051	0.0674924017445905	0	0.023972176246877	0.0773227687645075	0	0	0.0382469401247852	0	0.540542847272909	0.845144182985078
296	GSM1426155_treat	0.0302535945527622	0.0248758750731236	0.235819554330116	0.133069782978586	0	0.0976218028750382	0.0149571418311825	0	0.00848069502171441	0	0.0547651782115076	0	0	0.0483101889895645	0.0336636737289307	0.0967247085334499	0.0181551703126705	0.0412305938058671	0.0192483852192541	0.0984570073384717	0	0.0443666471977602	0.0649999999999999	0.152368361273346	1.01942959002328
297	GSM1426156_treat	0.0048060554582185	0.0548970136685647	0.22423771126201	0.0354139247200067	0	0.126273631264422	0	0	0	0	0.0508819017908189	0	0.0198933708084741	0.0652389006218965	0.0571449758276179	0.0601512062419047	0	0.0341684283464773	0	0.059558327040703	0	0.207334552948886	0.00600000000000001	0.271526739025384	0.977030593701995
298	GSM1426157_treat	0.00771529840940229	0.0340514582410502	0.320556482015141	0.109536463415218	0	0	0	0.0495450768106808	0	0	0	0.0478638660641253	0.0269851890562746	0.061830252258687	0.0311961500748904	0.0777989659642741	0	0.0140913423319046	0.218829455358352	0	0	0	0.031	0.190265178390723	1.00976693138561
299	GSM1426158_treat	0	0.0405597609657648	0.0588236286834232	0.0198327349526097	0.0364232237381633	0	0.0776204583614575	0.00786270417907542	0	0	0.0440557750603872	0	0.08441408533053	0.0554266409467042	0.0500512124137844	0.00109565770505152	0	0.111950065946768	0	0.206380261476771	0	0.20550379023951	0	0.532577260280427	0.846184416507304
300	GSM1426159_treat	0.0178677006565598	0.129196939909641	0.344453306200954	0.117995204564494	0.0199722236285238	0	0.0430191414891982	0.0185016913412502	0	0	0.0358012049627371	0	0	0.0242896895067016	0.0372391040766473	0.0707557614051376	0	0.0530552274074822	0.0497674761735553	0.0178714410377051	0	0.0202138876394124	0	0.567081258865909	0.830830718473521
301	GSM1426160_treat	0.0416382297547783	0.107076060491918	0.199704286177567	0.0357834458693302	0.022769539318119	0.00125900842803173	0.0201178285496394	0.0438269916313751	0	0	0.0337033009004142	0	0.00467733999356848	0.111214269136539	0.0375181811469476	0.0167378343883064	0	0.0664222248334132	0	0.145533470888757	0	0.112017988491294	0	0.515000826882293	0.858970999003585
302	GSM1426161_treat	0	0	0.372916100594826	0.225938134133385	0	0	0	0	0	0	0.00575225036658978	0.00504683323010854	0.00296757065441895	0.165145453934821	0.0330709635406681	0.113914310881945	0	0.0331082527418056	0.0421401299214326	0	0	0	0.001	0.342750841461526	0.945428079340099
303	GSM1426162_treat	0.0099480546523855	0.0543382442287046	0.378230514632379	0.0306646709740453	0	0.0257869410220607	0	0.0383727387271118	0	0.00177145500768555	0.0290009830429864	0	0.00446663287483957	0.132824966006065	0.0751681415606802	0.0434864638035741	0	0.00531585311910164	0.0240990384697798	0.0565663073280314	0	0.0899589945505695	0	0.599689517745739	0.811501518011219
304	GSM1426163_treat	0	0.0387325929663831	0.492704460878365	0.049204132329824	0.0172405259345516	0.0467844589506774	0	0	0	0.0388541483471694	0.010140913506454	0	0	0.0970240597402411	0.0209949741241266	0.0914312889560894	0	0.0263099620886187	0.0599606126608297	0	0	0.0106178695166697	0	0.47858678799838	0.879465212916419
305	GSM1426164_treat	0	0.0949368487690189	0.287187581920206	0.290576157830138	0	0.0556612628401584	0.00454420672898015	0.000833206736504306	0	0	0.0547708261575662	0	0.0356324796332347	0	0	0.0921557433028153	0	0.0278137804393725	0.0113381337641447	0.0334073411302489	0.0111424307476124	0	0.014	0.223452879655025	1.00371959443985
306	GSM1426165_treat	0	0.118711997244149	0.105292375652303	0.38650189434822	0	0	0	0.0335638519507757	0.0653560082182822	0	0	0.0204014029215972	0.0279648972560064	0.000552230546990139	0	0.103180889085912	0	0.0116073068015654	0.126867145974201	0	0	0	0.289	0.0745227002957126	1.06902878709015
307	GSM1426166_treat	0.010460032992235	0.135132298617989	0.0115402782669463	0.208236096423136	0	0	0	0.103673457157362	0.0077188481487782	0	0.0100275337272397	0.0524507825982406	0.0340061869522216	0.0349721038450443	0.119347720666811	0.0802958531866189	0	0.0410071562728484	0.151131651144529	0	0	0	0.316	0.0687705176175246	1.06538126634343
308	GSM1426167_treat	0	0.190949096369307	0.136668327157373	0.184887326494778	0.00590138539229562	0	0.000729708830123349	0.0932737848399164	0	0.00812070828903413	0.01834695449899	0	0.00899245225784964	0.00584707134694465	0.0467377736458107	0.142549492959031	0	0.0343118675049563	0.12268405041359	0	0	0	0.017	0.216610017272858	0.996274666627031
309	GSM1426168_treat	0.0552408568996975	0.124595883985327	0.270507837821597	0.191275387679865	0	0.0119032535189308	0	0.056846925361468	0	0	0.0490770890219303	0	0	0.0193552153011292	0.0142131079988745	0.111348581317638	0	0	0.0391927142659219	0.0444548705891617	0.0119882762384605	0	0.031	0.189716012468365	1.01843316034501
310	GSM1426169_treat	0.016662315316628	7.03769450731584e-05	0.368236116551009	0.254638216940539	0	0.0538222881626186	0	0.0296056259501243	0.00421545493365825	0	0.0793145721544646	0	0	0.00852389503928435	0	0.0833294616626346	0	0	0.0156623842769852	0.0170645656446807	0.0688547264223003	0	0.083	0.138481829850622	1.043818873352
311	GSM1426170_treat	0.138650902894589	9.52782228966741e-05	0.121320213123293	0.301269390703744	0	0.0995247803208213	0	0.0755202246928316	0.000150781973825379	0	0	0	0	0	0.00573724142037565	0.119772004099875	0	0.0258246733103588	0.0152620625007271	0.0595804711360003	0.037291975600662	0	0.083	0.13837603590812	1.03878201161668
312	GSM1426171_treat	0	0.0622348399215168	0.299567594360543	0.195693558698431	0	0	0	0.0532283642712224	0.0159849914984146	0	0.00924830033488288	0.0516128123341015	0.0268449473795574	0.0549543815924773	0	0.0626440720836497	0	0.000144778745313205	0.167841358779889	0	0	0	0.251	0.0829446690096611	1.0566345063972
313	GSM1426172_treat	0	0.0311246203719965	0.353066538966984	0.142250166583264	0	0.0330521757538256	0	0.0881565379851251	0	0	0	0.027257664021542	0.0225990246210868	0.0284799038111558	0.0692940731803478	0.0730088323190415	0.0225050641480434	0.0223040038560815	0.0647279008558869	0	0.0221734935256188	0	0.15	0.11030406749244	1.0423728928468
314	GSM1426173_treat	0	0.107615080664324	0.156645761754811	0.328827157534633	0	0.00205973433015352	0	0.00221643376424223	0.0244378394545103	0	0.0323245155835168	0.00868519523452706	0.00406049219962477	0.00745368598760137	0.020387141828659	0.137767950775233	0	0.0461653745410293	0.121353636347135	0	0	0	0.586	0.0311546864358879	1.07595357348055
315	GSM1426174_treat	0.0358217378804628	0.127684342134742	0.259434328338938	0.112174647349803	0.0261275881266425	0.0781498244720703	0	0.0269841855233058	0	0	0.0713217248645202	0	0.0119047545979009	0	0	0.111627377147361	0	0.0367305694463385	0	0.0699735245439717	0.0320653955739442	0	0.00700000000000001	0.254345065063233	0.985108457485587
316	GSM1426175_treat	0	0.0180394913225883	0.310766876005767	0.230080519615694	0	0	0.00772308321637939	0.00777697627334809	0.0143653204862608	0	0.0115356640758392	0	0.00355816221779913	0.0138992009314487	0	0.157349712364736	0	0.0133158299548137	0.20815616429294	0	0.00343299924238508	0	0.01	0.238255906191138	0.989226233999486
317	GSM1426176_treat	0	0.036009067322866	0.300742422872081	0.126021681659685	0	0.0983975282863141	0.00641151652303156	0	0	0	0.00352379319485469	0	0	0	0	0.210676941849987	0	0.0100810136249375	0.208136034666243	0	0	0	0.002	0.331255384316918	0.948310272864239
318	GSM1426177_treat	0.0640427781400849	0.0380752318575461	0.296829410199799	0.15209780225515	0	0.0460184514813278	0	0.018337541133774	0	0	0.0300815093027049	0	0	0	0.00265827156009315	0.197156823354449	0	0.0221375827510697	0.132564597964001	0	0	0	0.00600000000000001	0.267429801153855	0.976342631147179
319	GSM1426178_treat	0	0.0594540102910348	0.193624708317408	0.117233120059597	0	0.102694994679076	0.0665916842273373	0	0.00601513439108043	0	0.0120284547826069	0	0.018036414563721	0.033212513798846	0.102567153150336	0.110428719740753	0	0	0.176638972336032	0	0.00147411966217185	0	0	0.361939740705124	0.932486463285513
320	GSM1426179_treat	0.118453973533949	0.153405081327492	0.116461995338489	0.206972238497749	0	0.0305157792372102	0	0.0448639717701132	0.000155508994281754	0	0.0405264545349453	0	0.00165953544988429	0.0625822052408761	0	0.119362748888036	0	0.0125822392405637	0.0623323240330798	0.0301259439133299	0	0	0.003	0.303147806376903	0.96481335025328
321	GSM1426180_treat	0	0.0831411010084552	0.254407953386974	0.148643601054608	0	0.0801098938219577	0.0122133512504386	0	0.0215869654365177	0	0.0480052059847854	0	0.00102073556856491	0.00485776678078848	0	0.201315435510216	0	0.032122608797768	0.100835804520187	0	0.0117395768787391	0	0.00800000000000001	0.252518940421269	0.979379756191882
322	GSM1426181_treat	0	0.00490281245986215	0.334013805706105	0.20990891993838	0	0	0	0	0.0276598860732471	0	0.0104804831152369	0.00664392963244926	0.0180918147690687	0	0.00245838850504715	0.206558393609811	0.00901337811444099	0.0042018869864324	0.129922492548776	0	0.0361438085411431	0	0.017	0.217867248481771	0.99509601676121
323	GSM1426182_treat	0	0.0587425519508589	0.239536958270299	0.23505231912919	0	0	0	0.000362709031705201	0.00820721335671306	0	0	0.0116212682620919	0.0267710454106783	0.00806038653472608	0.0118220579800025	0.180298579152064	0	0	0.219524910921671	0	0	0	0.004	0.283100010205745	0.968683340114322
324	GSM1426183_treat	0	0.0862442437170345	0.24961099179251	0.196254359030082	0	0.0408537430713469	0.0277574581898067	0.0172097085509657	0	0	0.0297665478647898	0	0	0	0	0.21904176047574	0	0.0188265418716697	0.0583968725551456	0	0.0560377728809088	0	0.03	0.196307000112404	1.00301676489733
325	GSM1426184_treat	0.019716214526934	0	0.310636063029911	0.395284423828997	0	0	0	0.0542217744324714	0.0358803651121918	0	0.00671047066997602	0	0.0201157979948189	0.00859855474607448	0	0.0626254752481615	0	0	0.0432918278269005	0	0.0429190325835626	0	0.02	0.210772588186206	1.01342510886965
326	GSM1426185_treat	0	0.17503689727879	0.154282434088761	0.164758981875564	0	0.11354298570984	0.0142148593170663	0	0	0	0.0310957790881211	0	0.0136124328892151	0	0	0.174458112061799	0	0.00774959325098179	0.136304557125244	0	0.0149433673146175	0	0.079	0.141696093701045	1.02741015769962
327	GSM1426186_treat	0	0.0196751078309002	0.397381623586708	0.157127820701226	0	0.0765992172278348	0.0173482637111811	0	0	0.0113963933432894	0	0	0.00148644783970137	0.0405300981675521	0.00778358165028961	0.126950127838379	0	0.00324533497509884	0.140475983127839	0	0	0	0.001	0.33697943902787	0.947958256817375
328	GSM2332119_treat	0.185858965505941	0.153938116123436	0.0889574075517841	0.123430623969189	0	0	0.0433521273466618	0.0541230654217903	0	0	0.0529885609628646	0	0	0.0877609075666569	0.0509217511292224	0.0965884506853001	0	0.0233586207498678	0.0263754310602765	0	0.0123459719270102	0	0	0.556635826932613	0.834329575359693
329	GSM2332120_treat	0	0.049981683311417	0.331675804938643	0.0584653841705046	0.0273331989350442	0	0.0162821152776697	0.00271813142185287	0	0	0.00746142638599314	0	0.0358525863587048	0.083820035730319	0.0672978741097818	0.0420037421373806	0	0.0610729964799285	0.00618099360235777	0.10702405960793	0	0.102829967532473	0	0.430091208264201	0.902385239123829
330	GSM2332121_treat	0	0.0749931346837249	0.16539051425722	0.218900800805692	0	0	0.00292406843785383	0.0362182328287943	0	0	0.0341855593121423	0	0	0.0910506333996636	0.106971251115561	0.116768647607848	0	0.0225007856874302	0.126757097265142	0	0	0.00333927459892837	0.048	0.16760976414605	1.01653914989777
331	GSM2332122_treat	0	0.105173294864467	0.280390044895269	0.167568426895524	0	0	0.0176603359047879	0.0683847338442849	0.00713751894082669	0	0.038849379386822	0	0	0.0860830743825366	0.0762437705654614	0.0782282836620518	0	0.0271670879565893	0.0257239401898309	0.00216090097250267	0	0.0192292075390469	0	0.386773649487572	0.923027523232535
332	GSM2332123_treat	0.120608618257242	0.0815941410563826	0.167089582996086	0.164440263142921	0.0372562067353906	0	0.0316044433059576	0.0337717045606446	0.000503377481105669	0	0.0632183898658228	0	0	0.146919165531959	0.0346887318587421	0.03711295604024	0	0.0491603521802607	0.0320320669872458	0	0	0	0	0.448738289746983	0.893068922187524
333	GSM2332124_treat	0.0688734389041811	0.0438540370332208	0.311656646901786	0.182293587670821	0	0.0520160824954521	0.0121007691930803	0.0147510551075176	0.000197749999050499	0	0.0285465802884392	0	0	0.032149526525795	0.0378273968724874	0.0550031703028655	0	0.0311674332032142	0.0877671490903257	0.0248196506038362	0	0.0169757258079278	0	0.394621315672623	0.919787909645679
334	GSM2332125_treat	0.0139719559948642	0.0389608484549088	0.299922858106019	0.138308108665281	0	0.248028833580759	0	0	0	0	0	0	0	0	0.0317970606941655	0.18421968459313	0	0	0.0214823275040086	0.0153166175459244	0	0.0079917048609397	0.031	0.191277221552688	1.01131534598353
335	GSM2332126_treat	0.0554409237403475	0.111362832395459	0.292544821657896	0.0737552470531775	0	0.036335285189312	0	0.0477054047357343	0	0	0.0104326974538962	0.00705919874829995	0	0.0617688236604952	0.0113664037288025	0.0832778052885339	0	0.0561184779391314	0.139824721022286	0	0.0130073573866293	0	0	0.372662276896729	0.930572711010497
336	GSM2332127_treat	0	0	0.265102733207035	0.156600518158182	0	0.0554051543229281	0	0.0154228401884857	0	0	0	0.0400092357444813	0.0243878113401018	0.00987403617526028	0.0509399109952635	0.178854758003527	0	0.0375493724491144	0.0294651798628318	0.0415237330135917	0.0804322063657791	0.0144325101734183	0.032	0.188035777771131	1.00360385025445
337	GSM2332128_treat	0.165235006627908	0.124856926595711	0.0684063998832454	0.106263908079971	0	0	0.0458535677530173	0.0614228557324777	0	0	0.0219213572824089	0	0	0.0858181879247694	0.0787789062689684	0.0513271187313349	0	0.036006327018427	0.0165923382157836	0	0	0.137517099885978	0	0.52029090751673	0.854960509339439
338	GSM2332129_treat	0	0.11399793188639	0.297494544007786	0.236605138687591	0	0.0148767730070697	0	0.0112980494079476	0	0	0.0294358506789867	0	0	0.0123895510854406	0.00668534408727582	0.149086581490747	0	0.0114907480592415	0.096268116405586	0	0.0203713711959383	0	0.042	0.173278607154199	1.02072937916168
339	GSM2332130_treat	0.0546147079857195	0.0936242181723968	0.226131047296694	0.137825700338348	0	0.0655604192374339	0.0501543014342205	0	0	0	0.0524420566890411	0	0.0058972597306608	0.105951139536053	0.0564193765206033	0.0372695642017818	0	0.0374208223161117	0.0724252555051472	0.000279056330664701	0	0.00398507470512353	0	0.482872499527097	0.877275404190225
340	GSM2332131_treat	0	0.0183484977650551	0.253858276274102	0.0821404728494881	0	0.0888037113107324	0.0598381404402512	0	0	0	0.0079600070446356	0.0311301932354598	0	0.0963256713120141	0.086803607033627	0.0803522464512803	0	0.0049344430790931	0.167529756521286	0	0	0.0219749766829748	0.002	0.316319953351271	0.951940665080853
341	GSM2332132_treat	0	0.083585359426555	0.210451076788622	0.306903263618505	0	0.0413017198608205	0	0	0.0181300774738357	0	0.04182937807209	0	0.0119099635985311	0.00566510637115319	0.0147434378121121	0.15735699483611	0	0	0.108123622141665	0	0	0	0.199	0.0963566235333886	1.0508163692989
342	GSM2332133_treat	0.0152735412971044	0.0902883614506294	0.331800890713249	0.104376577511614	0	0.034584543711925	0.0398362246452322	0	0	0	0.0205820100352544	0	0	0.0583184532402465	0.0453777488033782	0.0787259546089116	0	0.0361894254619765	0.128646543628841	0	0	0.0159997248916378	0	0.576321209467628	0.830295693635147
343	GSM2332134_treat	0.045657504984028	0	0.114813504155108	0.133654935079412	0	0.0724345751512463	0	0.0210709897811866	0	0	0.0464868408742199	0	0	0.195808409127387	0.0802553357004481	0.120618281204469	0	0.00368646027375006	0.0179715282801512	0.106776935217106	0	0.0407647001714885	0.021	0.210431563377438	1.00394633855594
344	GSM2332135_treat	0.0371580805630458	0.0911151229078013	0.251541525643994	0.114523263412894	0	0	0.0350270323697704	0.0347802223019768	0.0166018261790358	0	0.0745725261893645	0	0	0.146705275326703	0.0368571137587305	0.0261992221846849	0	0.0393113351513107	0	0.0608176455534247	0	0.0347898084572626	0	0.593043674252293	0.820108017773422
345	GSM2332136_treat	0	0.0680746012867842	0.334923803664948	0.208676036594575	0	0.0571528138347409	0.00288757202197102	0.0244992440418649	0	0	0.000655930466592597	0.00334197363062028	0.0226964632896223	0.0189521712892619	0.0178674064970281	0.112051035717827	0	0.0453169064058604	0.0588334877262306	0	0.024070553532072	0	0.033	0.186256837132063	1.01272755149722
346	GSM2332137_treat	0.0228950854955481	0.106134031098306	0.360668283738704	0.0973855032952657	0	0.108377649405154	0.0120857221565075	0	0.00769396399824176	0.0068565916500761	0.0137683456623797	0	0	0.0381778975060348	0.0599021788461184	0.0715735595076248	0	0.0201787424181926	0	0.0376447442895671	0	0.0366577009322795	0	0.552876515988903	0.837407499178825
347	GSM2332138_treat	0.10164366240329	0.0884087678306569	0.325535193990139	0.150316769222796	0	0	0	0.0238552746394311	0	0	0.0285760166457483	0	0.000878127968122447	0.0763590124065433	0.0811954969641609	0.0727676435012338	0	0.00086120251263207	0.0496028319152468	0	0	0	0	0.438836707006511	0.899473868088902
348	GSM2332139_treat	0	0.108808934873534	0.196929683204957	0.185095310634135	0	0.0591830533883952	0.0237719203550657	0.0391004439048999	0	0	0.0380798686997926	0	0.0157840032831103	0.0509558418472893	0.0670338214296282	0.103668010223146	0	0.0252725338122426	0	0.0217050675240149	0	0.0646115068197892	0	0.381302243931794	0.924459826831156
349	GSM2332140_treat	0.080829984861807	0.151700857550085	0.0132208794019902	0.185717367346555	0	0.0193140184747089	0.0114789425343142	0.067183457408782	0	0.000407349842356966	0.0536099025712307	0	0	0.0651229583877286	0.157084743749409	0.0729375194070389	0	0.0455031766101564	0.0584708410713023	0.00785242208361021	0	0.00956557869892492	0	0.494178415987344	0.868814732975411
350	GSM2332141_treat	0.0944654629749576	0.134143278964992	0.0927480516852737	0.275561461055394	0.0357557242272049	0.00364749174472467	0.059502086312229	0.0115932176895271	0.00290763937271717	0	0	0	0.00698386833252435	0.00433458593893963	0.0442981869692747	0.0672817783878397	0	0.062973342521958	0.0671446584269196	0	0.0366591653955242	0	0	0.451626442513894	0.891418490881254
351	GSM2332142_treat	0.0253132996435726	0.075705940162621	0.320615445781517	0.0577657818402777	0	0.0823287569245388	0.0286455271801975	0.0390828815829326	0	0	0.0424765653918507	0	0.0519300402972287	0.0781389301627899	0.0437617349204694	0.0306617020399451	0	0.0317290147668279	0.0568086094470577	0.0247632941470344	0	0.0102724757111392	0	0.592491608373765	0.823652885265768
352	GSM2332143_treat	0	0.0590581836750777	0.314615470988199	0.127992987172172	0.000336191051809643	0.0491683368976937	0	0.0123961161760071	0.00460081265686868	0	0.0704477333101778	0	0.0164784136531534	0.183787237285271	0.0762528293822449	0.084865687751326	0	0	0	0	0	0	0	0.387916859987366	0.923777760448903
353	GSM2332144_treat	0.0653753049274797	0.155057374793969	0.0246173552150039	0.0161501196601875	0.0249489003566198	0.0289682496132279	0.0831186982700339	0.0149020512490915	0	0	0.0334443485163453	0	0.0581846135913011	0.0543751444860936	0.129174231409328	0.011018208835281	0	0.118089518575882	0	0.0260136649764816	0	0.156562215523674	0	0.507497031875353	0.861352335927083
354	GSM2332145_treat	0	0.055839575388781	0.288701398630235	0.129254619953295	0.00137913871483643	0.0593299023886016	0	0	0	0	0.031522795914748	0	0.000658873079672299	0.0755673218744208	0.0363538202335555	0.027307096842031	0	0.0513577857629939	0.0880155944137776	0.0065646557026771	0	0.148147421100375	0	0.4496076086165	0.892863577369201
355	GSM2332146_treat	0	0.0716198464284085	0.224745607845473	0.315113576393593	0	0.0627338035849598	0	0	0	0	0	0.00456573139352986	0.0307037639408743	0	0.0178808949972009	0.201822127630276	0	0.00687668183441549	0.0608764523271089	0	0.00306151362416036	0	0.045	0.170697236514851	1.01866128196962
356	GSM2332147_treat	0	0.041580887467164	0.282139613058372	0.0900938787685694	0	0.0539087104024572	0.0350133706354456	0.00559903344491258	0	0	0.0419102207317478	0	0.0241403145087554	0.0721177393620663	0.081118162453238	0.0584917814520227	0	0.0274843132214052	0	0.0746690250174627	0.00119183292674926	0.110541116549632	0	0.379633721242562	0.92549797024387
357	GSM2332148_treat	0	0.0349818739033021	0.353192089303376	0.10495848712057	0.0163527068404948	0	0.0563025856955915	0	0	0	0.0513639281194663	0	0.00466143618926484	0.0808224558484154	0.0535835700780166	0.0345799179814261	0	0.0232939068103689	0.118816914135727	0	0	0.0670901279739802	0	0.460555213942008	0.888515327448187
358	GSM2332149_treat	0	0.00395558449609773	0.215065405275121	0.2566082706068	0	0	0	0	0.0305018455317561	0	0	0.036276755395035	0.0220063094113718	0	0	0.259744688590447	0	0	0.15471468565237	0	0.0211264550410018	0	0.48	0.0433161671175089	1.06234267631147
359	GSM2332150_treat	0	0.0611676548082882	0.288831480762314	0.206283980773466	0	0.052385233249375	0.0315109304531108	0.0165759016555433	0	0	0.00385853039524279	0	0.0267607951175917	0.0216433159412777	0.0385197498128996	0.126479867843716	0	0.0259154376279052	0.0744368542330751	0	0.0256302673261947	0	0.002	0.3308048297963	0.946759111482332
360	GSM2332151_treat	0.0258307457319192	0.1029988657742	0.232547726473247	0.264375318168908	0	0	0	0.0966673309442983	0.0185861803409307	0	0.0124094268817438	0	0.0267318127792708	0.0747973408287703	0.0422924143083431	0.0731880206503235	0	0.0163143614417166	0	0.013260455676329	0	0	0.43	0.0510053162784314	1.07503293950722
361	GSM2332152_treat	0.0234610529766594	0.15303986930044	0.256401201321652	0.00829992951099963	0	0.0444729189261341	0.0487319244655004	0.0390196318681011	0	0	0.0418330446266547	0	0	0.0603580164127211	0.0165102657490836	0.0777796886269848	0	0.047411648654721	0	0.0773555303341041	0	0.105325277226244	0	0.545179692165966	0.844552025410169
362	GSM2332153_treat	0	0.0422287258133044	0.273448572972094	0.183014099034592	0	0	0	0.0167015974636255	0.00898952647538223	0	0.0280998517209852	0	0.0183994334640735	0.109684053539647	0.0829998939425312	0.126951261753837	0	0.0245874312186651	0.0837245417740956	0	0	0.00117101082716704	0.002	0.320581580936197	0.951629519348417
363	GSM2332154_treat	0.0181434290041704	0.0634339394071052	0.237716976395066	0.123221593478847	0.0141841505218923	0.000686493440035539	0.0752036440228416	0	0	0	0.0647698770932875	0	0	0.0977727588366341	0.0606611880801605	0.0765726505860086	0	0.0213032836477449	0.128412664594798	0	0	0.0179173508914076	0	0.447368932417447	0.895354401596938
364	GSM2332155_treat	0	0.0694427232841913	0.369401752612657	0.11002356890369	0	0.0581526487477424	0.00142083127754109	0.0130750706257358	0	0	0.03519811489182	0	0.017700079167194	0.0876116834338559	0.0560039106022183	0.0466030886579766	0	0.0333735680333094	0.0957371604381962	0	0	0.0062557993238727	0	0.465733073156612	0.885471880857475
365	GSM2332156_treat	0.0833161954510842	0.0768571110221584	0.254420428774924	0.116683621879013	0	0.008590507142224	0.0036311652188594	0.0517813378208274	0	0	0.0555890620971337	0	0	0.0496262408284063	0.0295824632043397	0.110115258754252	0	0.0332718956460863	0.126534712160692	0	0	0	0	0.453617796081203	0.891345731609761
366	GSM2332157_treat	0.0910725099697851	0.154987326967193	0.184850954752906	0.0865621404571844	0	0.0427265798706489	0.00249381630947488	0.0580657776838484	0	0	0.0351048988885514	0	0.0159270504559561	0.126969044839451	0.0684314338924924	0	0	0.0693202363185992	0	0.0156126130427911	0	0.047875616551118	0	0.503952714943784	0.863727920572847
367	GSM2332158_treat	0.0551819094833586	0.07303365909853	0.227903081068244	0.0354001771166959	0.0374059567971301	0.010964566916653	0	0.0125192265596106	0	0	0.0287659379719474	0	0	0.130835649118694	0.0360125296130115	0.0339909309849604	0	0.0430876963653506	0.0482297583944858	0.0600554503750894	0	0.16661347013624	0	0.552017888664467	0.839400287332148
368	GSM2332159_treat	0.0916182536308577	0.0797276104146616	0.0717789419843093	0.0581843973275551	0.00473508720433521	0.00605980312680412	0.0495232799171569	0.0468784507857473	0.00470846208516707	0	0.130424916980715	0	0	0.134079668377828	0.181869292037739	0.0626631695817064	0	0.0336664140665744	0.0288186630991498	0	0	0.0152635893796934	0	0.583971152648566	0.816312696438932
369	GSM2332160_treat	0	0.0257004967530116	0.279152083656528	0.15806311123222	0	0	0	0.0208473012490985	0.0675466269447152	0	0.036132414914993	0	0.00157130218956405	0.115492930272458	0.0269753680670908	0.113504834276912	0	0.0258220569523811	0.124867833552027	0.00432363993900062	0	0	0.004	0.281951547164316	0.966567795844653
370	GSM2332161_treat	0.0282499383482874	0.116578765963993	0.273780984695633	0.128312563170711	0.0133572696021657	0	0.0194998180391399	0.0310840807912103	0.00035621421543713	0	0	0.00557411495403395	0.00791967797038385	0.106665349779895	0.0932458347524471	0.0375328732809454	0	0.0286645545550232	0.0129417432215858	0.0255725793368786	0	0.0706636373222298	0	0.567402001616268	0.830246046520551
371	GSM2332162_treat	0.00605500731007173	0.0633464198229464	0.258955072015208	0.0923581051524745	0	0.0119700526907964	0.063190681582336	0.0235350474601296	0	0	0	0	0.045678501561117	0.0695603178595597	0.182726472539872	0.0575003137163444	0	0.0205345190012556	0.0020989258897827	0.0103137157459057	0	0.0921768476522003	0	0.56330269254133	0.82900272226394
372	GSM2332163_treat	0.116152063170214	0.146919161263001	0.249333404879364	0.0899610342560477	0.00331591203880553	0	0.0176146477294877	0.0906853633345283	0	0	0.0708477091003359	0	0.00641356047021598	0.0639290772556194	0.033811316419136	0.0665467975248113	0	0.0156011498771519	0.0238728829152509	0.00499591976603119	0	0	0	0.565028155499719	0.828907689408719
373	GSM2332164_treat	0	0.14175642471468	0.237138463719229	0.121695894274056	0	0.00703165103014329	0.0568227468474528	0.0329129314331005	0	0	0.0731041894123377	0	0.0202132947909134	0.026797307333484	0.0895581933444099	0.070415613423923	0	0.0490944428538062	0	0.0060381495222536	0	0.0674206973002096	0	0.549158623727062	0.841523501521142
374	GSM2332165_treat	0.103218461440725	0.138899116510993	0.0391346347986875	0.125639239119673	0	0	0.0416309833993875	0.0575960033005433	0.00480020542912465	0	0.0939519876487353	0	0	0.148121091302618	0.08540095879498	0.0395725954400578	0	0.0318216351647108	0	0.0643533272550154	0	0.0258597603947492	0	0.563284628322924	0.832701795294814
375	GSM2332166_treat	0	0.0544761654153484	0.398899947039776	0.104958242766276	0	0.0235291102026048	0.0273879484817309	0.0151423952843697	0.00291610861888745	0.019417540187814	0	0	0.0141225275255219	0.0996226435059164	0.0460255571485477	0.100471912730646	0	0.0227934966152619	0.0555266627890792	0	0.0132645572260252	0.00144518446219417	0	0.449375538062834	0.893968005090583
376	GSM2332167_treat	0.150413264906312	0.113202961079948	0.159943828386208	0.0687040206678266	0	0	0.0236137217619146	0.114190431763922	0	0.00082656087073614	0.0447202755324128	0	0	0.0883903774124305	0.0386807720464454	0.0459793071840302	0	0.0349111487935832	0.0905534845193333	0.00627181154226841	0	0.0195980335326294	0	0.507127590644665	0.863835444150141
377	GSM2332168_treat	0	0.0780834647644146	0.261523511361946	0.132875346478237	0	0.0315263500589325	0.046341762789688	0.0162617689679497	0	0	0.0964975524434198	0	0.00449588493594673	0.0801895178889196	0.0663299765720048	0.0806838954081673	0	0.0370844802251536	0.0261041083071289	0.00878718749532299	0	0.0332151923027676	0.004	0.284844768943437	0.967748006550971
378	GSM2332169_treat	0	0.0439171220797623	0.14386266616707	0.207613812399788	0	0	0.0266075289633321	0.00744150937140114	0	0	0.0203944603782205	0	0.0239520762106748	0.0662946085612499	0.136593545063802	0.174585250418168	0	0.0237019898452813	0.0789996611967469	0	0.00376204599085448	0.0422737233536483	0.00700000000000001	0.256366377168684	0.980677329832708
379	GSM2332170_treat	0	0.045133810200278	0.390234502705636	0.103947981277548	0.0064418777489626	0	0	0.0796882491838961	0.0327549511846602	0	0.0474287891131477	0	0	0.0943277016711043	0.0227536558008586	0.0513814753247028	0	0.0236476424741821	0.0561600462844924	0.0194222692202234	0	0.0266770478103078	0	0.398756913393373	0.918195952061032
380	GSM2332171_treat	0	0.0375421231293591	0.247736754805758	0.0457584001572021	0.0314449642762817	0.0488549323242885	0	0.00830831225073755	0	0	0.0954167367631112	0	0.045245568605795	0.187010906784824	0	0.0230536281943043	0	0.0366512373402482	0	0.0774018410435875	0	0.115574594324503	0	0.404585613710296	0.914417519205637
381	GSM2332172_treat	0	0.0436206028316216	0.28810437719863	0.201315050348689	0	0.0683642233550895	0.0194770049411573	0	0	0	0.0426346880854095	0	0.0365288718548145	0.0690153397075779	0.0355780492188188	0.0802679275708686	0	0.0238664837245386	0	0.0387155117799467	0.0525118693828375	0	0.082	0.13917985425581	1.02812004944116
382	GSM2332173_treat	0	0.108329896125324	0.268765143078958	0.139560548251781	0	0.114318917386764	0	0	0.0271725175850483	0	0.0504878202362688	0	0	0	0.00707334877890567	0.164332422637601	0	0	0.064053017697697	0.0433611082874226	0.0125452599342293	0	0.249	0.0838956356382288	1.05411993487926
383	GSM2332174_treat	0.0163799230870561	0.0734419954888031	0.408926188260678	0.117589686283902	0	0	0	0.0360373790131589	0	0	0	0	0	0.0779196824191603	0.0565973086331579	0.0486409582020937	0	0.0126849959044911	0.0838706338832733	0.0227358950184196	0	0.0451753538058059	0	0.634495633042747	0.790585699762798
384	GSM2332175_treat	0.0100500477743553	0.0870560681536115	0.175312263120075	0.0809055838740138	0.0109499039239782	0.0708850314182546	0.0401904633061175	0.00577043037504602	0	0	0.0481027223586321	0	0.00881886904458771	0.0827439440327594	0.126981300957312	0.125695577573685	0	0.0421574183523479	0.0800549265487819	0	0	0.00432544918644222	0	0.352764143166877	0.937466509458205
385	GSM2332176_treat	0.0484930535851745	0.0580054027060239	0.258627172487179	0.179626007390225	0.0111460263282914	0	0.00557357264477547	0.0127937818230727	0.0359185283235445	0	0.0857787388223359	0	0	0.0652104536402835	0.0423686618382093	0.119098511767576	0	0.0457713301818295	0	0.024000712978005	0.00758804548347358	0	0.011	0.234616510752749	0.992085095655845
386	GSM2332177_treat	0.0400001542985057	0.00854979254022853	0.309578406198155	0.147913276282827	0	0	0.0242660627474193	0.0572132383440127	0	0	0.0222835800948992	0	0.0338311764235986	0.075337378961061	0.075269758999538	0.081696505948901	0	0.0324671926380454	0.0915934765228085	0	0	0	0.013	0.230981632277483	0.989324967900202
387	GSM2332178_treat	0	0.179693943231193	0.169717215929549	0.162938009240883	0.034882539198205	0	0	0.0118027068898062	0	0	0.00921856007487518	0	0.0133517379047248	0.036112102515581	0.123849739602232	0.102515262636436	0	0.0294537529668358	0.101031780500366	0	0	0.0254326493093133	0	0.529501714795037	0.851606817617068
388	GSM2332179_treat	0.00705584445370261	0.161015241563587	0.170629638406377	0.0673391845625169	0.0155373807702834	0.0101318614539993	0.0261954352291114	0.0791882190974383	0	0	0.0781344396531354	0	0.0111939628255901	0.104577427068666	0.0836176857607668	0.0432647406141447	0	0.0316384005715132	0	0.0700390496304464	0	0.0404414883387202	0	0.516307135885455	0.859835011958401
389	GSM2332180_treat	0	0.0480030391803116	0.287189916882909	0.200072858157912	0	0.0513627821947027	0.00410903227516237	0.00875683230160196	0	0.0200597299566608	0	0.0432038737910143	0.000906114443087836	0.0627066586808573	0.0384683460135831	0.115081317162798	0	0.0123554391764542	0.107724059782944	0	0	0	0.213	0.0915774517687554	1.04882611731297
390	GSM2332181_treat	0.124298828855598	0.118170050616647	0.0781326294423879	0.154132292358073	0	0	0.0239573090174522	0.136571569489042	0	0.00315163087641734	0.0525579400323819	0	0	0.0578865638382421	0.0399301702448298	0.0662288616803474	0	0.0574249449799375	0.0875572085686439	0	0	0	0	0.447234964219569	0.89371384829663
391	GSM2332182_treat	0.0799282161648539	0.116714448211449	0.162541968979824	0.0735524758809942	0	0	0.0284364579793345	0.100588387283409	0	0	0.0762456854750975	0	0	0.0973104456003032	0.0801381054714136	0.0408514099025038	0	0.046605728847	0.0524636829998703	0.00675038799194912	0	0.0378725992119973	0	0.443736817627579	0.895441227206101
392	GSM2332183_treat	0.0455020365907759	0.122698488237932	0.18472737350398	0.135976916552465	0	0.0255735682285561	0.01399293102553	0.0639215603583174	0	0	0.0513746784116625	0	0	0.0428510671236836	0.137538532641289	0.0801762916192749	0.00389086885151364	0	0.0797732787884731	0	0	0.012002408066547	0	0.546300249760041	0.842227718471435
393	GSM2332184_treat	0.0995422608761957	0.107522688532291	0.0692545117518871	0.0882381603819996	0	0.0225704202370255	0.0283968831819291	0.0851008269073458	0	0	0.0776875021725272	0	0	0.0464230393723022	0.0689721494325964	0.0813726030003595	0	0.0610522904438293	0.163866663709712	0	0	0	0.021	0.209796299267578	0.998097074165786
394	GSM2332185_treat	0.101770738714755	0.0105932504939925	0.111719041322434	0.127210011183203	0	0	0.0143570849001666	0.0795285500481717	0	0.0407807837048978	0	0.00418470043097595	0.00273105380820535	0.107534329605785	0.178210408965605	0.0577143777674347	0	0.0336231608202694	0.0336754285281196	0.0449666043880577	0	0.0514004753179276	0	0.389556974676763	0.924347502829738
395	GSM2332186_treat	0.0258622668080613	0.0594439804567923	0.346950179815092	0.11390371864431	0	0.0253989841005375	0.0187525573680057	0.0325032973588281	0	0.0200895088913325	0.0183505822619455	0.00406161699321363	0.0534532958627473	0.0596197211073645	0.0706166449619601	0.0965725539386881	0	0.000699291870820139	0.016965819301621	0.0124525187256389	0	0.0243034615330418	0.001	0.341446340958074	0.944907625525028
396	GSM2332187_treat	0.0858285011846828	0.0984245447307047	0.153391098575888	0.136603845312167	0.00452593508064234	0	0.0450672250781415	0.0459087001706028	0	0	0.0297379396953335	0	0.0135568735837125	0.0381801340935411	0.0719165805237313	0.0887412046309198	0	0.0271311017138711	0.160986315626062	0	0	0	0.003	0.311248665863544	0.955215171231279
397	GSM2332188_treat	0	0.0754190091924964	0.389822003748763	0.158550176521334	0	0.0231855225371171	0.0116951285925915	0.0123482271582254	0	0	0.0301649906813565	0.0120060178184094	0.0070164185486458	0.0756290421038017	0.0331245049143695	0.128732157037106	0	0.0145031628658314	0.0278036382799532	0	0	0	0.034	0.183752467316498	1.02106826760806
398	GSM2332189_treat	0	0.0615219693249111	0.187413192966888	0.0803054792065822	0	0.116544179535097	0.066035987858705	0.0269488742516945	0	0	0.00308154524014098	0.00917461617713347	0.0131400670552989	0.0246403625320591	0.147624662278253	0.0539688315436659	0	0.0285179939962068	0	0.0981914260536652	0	0.0828908119796987	0	0.433534346985946	0.900364992477413
399	GSM2332190_treat	0.0115211218666898	0.0644621817349805	0.233444199831358	0.0983697609976511	0	0.0787465942256272	0	0.0949084440330405	0	0	0	0.0284554907076954	0.0149831585021266	0.0940622648081448	0.178398395615179	0.0415163674631718	0	0	0.0611320202143347	0	0	0	0.017	0.2177780542023	1.00692824638747
400	GSM2332191_treat	0.0768871080232185	0.126879936064087	0.150350437879779	0.077253524008309	0	0.0458104391352584	0	0.127973514368424	0.00368255640016701	0	0.086893328490309	0	0.0126068598724637	0.0693343261344685	0.047156960700576	0.0506138434768694	0	0.0808883015568936	0	0.0436688638891768	0	0	0.002	0.323957309605573	0.951896666267731
401	GSM2332192_treat	0	0.0224356250551244	0.182074857299419	0.203776842224376	0	0	0	0	0.00328100030956995	0	0.0341545795634075	0	0.00711691593209618	0.0426409886046748	0.0850270761915075	0.145414628056366	0	0.00418485095181033	0.26989263581165	0	0	0	0.003	0.30594277397992	0.959497093614203
402	GSM2332193_treat	0.0571850825352744	0.0402248731769794	0.238900432647232	0.144773355441235	0	0.0389692957188796	0.0299663383375327	0.0111720674889079	0	0	0.063186974757541	0	0	0.0883225723042889	0.125125804476256	0.0952483237318789	0	0.0163534756642511	0.050571403719744	0	0	0	0	0.495370949082547	0.869518683978731
403	GSM2332194_treat	0.00235780403739872	0.070675881494311	0.105954699299845	0.0558094040817608	0	0.0872186834202218	0.0114616610696507	0	0.00153521197855893	0	0.0672652073766148	0	0	0.0249887653909489	0.0502256792186984	0.0700811683608353	0	0.0250034756293703	0	0.0894290081179772	0	0.337993350523808	0.003	0.302450262284997	0.977356891093332
404	GSM2332195_treat	0.063948781023081	0.0535565763595422	0.174637894286473	0.11033989287597	0.00524973747733019	0.050873340201664	0.0460578601892061	0	0	0	0.10529391876787	0	0	0.0488435728861659	0.120105607878915	0.0678280756358727	0	0.0269180333477493	0	0.0795815693904774	0	0.0467651396796841	0	0.512481290327484	0.860171828676468
405	GSM2332196_treat	0	0.105316052936065	0.278910208321634	0.136609143894249	0	0.0318815148106582	0.0254511301792169	0.0190588673199948	0	0.00393470881330981	0.0204134618576953	0	0	0	0.0399568374394781	0.139870220163053	0.0104213632328693	0.0360686907148108	0	0.0339533963751456	0.0411950946764629	0.0769593092653578	0	0.381896632194636	0.924352128502078
406	GSM2332197_treat	0	0.0671823692681537	0.359049470597712	0.18562662874292	0	0.00374807372967645	0.0247721878131367	0.0258214075727649	0	0	0.0169345305699208	0.00670673217662401	0.00895514447385645	0.0879089472148833	0.0247033013889799	0.105800566331963	0	0.0131905526098054	0.0533293510372887	0	0.0162707364723143	0	0.041	0.175342270876082	1.01909875425431
407	GSM2332198_treat	0.10447404263378	0.200027205815539	0.0166528493726177	0.130063773739706	0	0	0.0610406381271395	0.0823605431258192	0.00057219028832446	0	0.0308509899279725	0	0	0.0929492471520878	0.0809657240802632	0.0394378523088795	0	0.0505184812539486	0.0745465236057897	0	0	0.0355399385681328	0	0.592510618220182	0.818218702309277
408	GSM2332199_treat	0.0245653134130932	0.106644293304015	0.197309999259239	0.104873959321587	0	0.0252623074685592	0.0503573795195912	0.0183455661293762	0	0.0331851868023845	0.0434855130137296	0	0.00355291018036084	0.0653732790549781	0.128532096711816	0.0983231364580037	0.0167034861076816	0	0.0557048517546944	0	0.00015351211525033	0.0276272093856402	0	0.42591588468716	0.903940481610454
409	GSM2332200_treat	0.0835585670002795	0.0701737139558509	0.191302477799254	0.0584377924504189	0	0.154944930300128	0.0220591824789077	0.00674748398490726	0	0	0.0663723538266091	0	0	0.100315031785146	0.0857228376890742	0.0613024630449466	0	0.0301414985566732	0.0106847099780462	0.0372908287032006	0	0.0209461284465569	0	0.370817006652936	0.929803948663074
410	GSM2332201_treat	0.0779648102429251	0.173895701400459	0.147390478657798	0.0214653668418546	0	0.0591404409155797	0	0.04825877525687	0	0	0.0203721013583053	0	0	0.138435859115359	0.00972146229190612	0.0157566668778469	0.00226614644171646	0.0262834644145944	0	0.137650737234247	0	0.121397988950538	0	0.600484546347229	0.808780794075235
411	GSM2332202_treat	0.0380041085016078	0.0536622853894841	0.305173013621286	0.16592510888266	0	0.0290805801009684	0	0	0	0	0.0193649890963142	0	0.0121414944053946	0.0553385537887431	0.0580558389737225	0.0662811273129666	0	0.0483216514761876	0.0405066820678154	0.0430210996394597	7.23437939200273e-05	0.0650511229494706	0	0.524197088031555	0.855720732627827
412	GSM2332203_treat	0.0140627111797574	0.0774949214093253	0.35934978914318	0.10434520279905	0	0.0517686406867673	0.0191274135119153	0.028306491053255	0	0	0.0516004273043286	0	0.0141449506675324	0.0611100707950161	0.0528944111918171	0.0819332097859082	0	0.0376197068796022	0.0462420535925452	0	0	0	0.003	0.311381225115354	0.959559634506906
413	GSM2332204_treat	0.0719389175743079	0.0700400447405912	0.250608638129764	0.0758176866704647	0.118510935178166	0	0.0321270243840688	0.0248648869436379	0.0039631473971291	0	0.0900139299603732	0	0	0.127946181912402	0.0328610767643371	0.0441154530448842	0	0.041638390658282	0	0.0155536866415927	0	0	0	0.473433841955166	0.88132868389898
414	GSM2332205_treat	0.0817373370870472	0.0383492742754755	0.0838321777841139	0.181857227368173	0	0.0438566550154991	0	0.0221467091162214	0	0	0.0283946714124068	0	0.0166693017277965	0.133979640600118	0.146131830752108	0.0856445579921988	0	0.02183201414137	0.0496934223089856	0	0	0.0658751804184853	0.00600000000000001	0.270203520128947	0.979248635972262
