"sample","cohort","set","label","subgroup","DDC","TSPAN7","LCN2","RHOU","SOCS3","ANXA1","SERPINA1","CHST2","FGR","PDE6A","TRPM6","CATSPERB","MOGAT2","SERPING1","KDELR3","ME1","VLDLR","PCK1","MAOA","ADH1C","ADH6","PFKFB3","SLC2A3","PPARG"
"GSM2869369","GSE107499","discovery",0,"Control",0.635633386150063,1.34349187818664,1.38058681971017,1.10350252487934,-0.919340621561626,0.408548234474539,1.06540805687759,-0.525730044705925,-0.79998152147904,0.575517340669417,1.55752079008087,-0.119592558372897,0.0278807776715596,0.422523086553776,0.138904556978412,0.0496742098654072,0.602892197877665,1.4337879707214,1.56958096001407,2.49056102873911,0.536756803771681,-0.45363380032554,-0.469612121786145,2.01006881257112
"GSM2869370","GSE107499","discovery",0,"Control",0.616469463878352,1.30779544763813,1.27612865641241,1.05754058698694,-0.919104978617883,0.36411349577098,1.19527957066711,-0.42742524360417,-0.81948860297286,0.49040868528599,1.53757402138194,-0.192617978367323,-0.0498288452578226,0.27181132357461,0.0948936999775228,-0.0941180230935226,0.539791648733024,1.41883961807593,1.49942028897126,2.56594254002168,0.56588408423232,-0.432168125856902,-0.595868477660571,1.95812241601292
"GSM2869371","GSE107499","discovery",0,"Control",0.519179973097479,1.29162227768484,1.11206050145221,1.02200703158617,-0.661939714396213,0.540506451965263,0.838434331641736,0.105759388378868,-0.413590040374536,0.504742099579908,1.60608008267143,-0.25773528311144,-0.262528058557912,0.698140486471779,-0.106225330730912,-0.0660729102619857,0.617029854903143,1.12592523781362,1.63772658111865,2.5417799417233,0.40905194587453,-0.415272975015644,-0.311457476600812,1.88297134504334
"GSM2869372","GSE107499","discovery",0,"Control",0.426071903174922,1.05349677778524,1.52857064430479,0.788548660782071,-0.87567334449003,0.608644170007951,1.53807787548094,0.142648130131415,-0.498261918162963,0.0179937124006917,1.35539209175942,0.389482457285851,-0.0776862474201149,0.714791093821281,0.647587162643997,0.580079879233027,0.337014490543121,0.873635664255925,1.42137968914789,2.49400910682594,0.461350533764014,-0.469094838290016,-0.531057508971587,1.6618163671485
"GSM2869373","GSE107499","discovery",0,"Control",0.421510117513646,1.38621639090773,1.07774845995903,1.07995954118242,-0.967051725944829,0.536221756499787,1.25820416313746,0.01444102832694,-0.56951306065646,0.655990954088265,1.68499186148633,-0.0308164812970477,-0.183186254447109,0.788759441857512,0.0433351388418863,0.257256332840361,0.684997250176138,1.30200593681953,1.59938511091804,2.50099555732116,0.400670178096338,-0.415609702977058,-0.574241977907312,1.91579455754257
"GSM2869374","GSE107499","discovery",0,"Control",0.476521324239448,1.32654862318883,1.47790522170323,1.15252210222451,-0.882948078267244,0.511243546304258,1.03274083059784,-0.0229369647617361,-0.669070666954234,0.665597327463903,1.72461750657206,-0.0831092971149503,-0.168442257136903,0.707829507398611,0.155610420159156,-0.0141321085356113,0.845258138202955,1.46423406293052,1.58512031012008,2.45761133947537,0.371218989999165,-0.430473128665466,-0.581359552826417,1.73149149512543
"GSM2869375","GSE107499","discovery",0,"Control",0.717385656366209,1.47423259275489,1.45616098960721,1.03063710525736,-0.918162916737858,0.428779367329191,1.08384169010088,-0.267807090380375,-0.789391995464101,0.741365320892946,1.23172189434172,0.0200018488150082,-0.0345251213435291,0.318111325638725,-0.00270277561385511,0.0475094374007953,0.647587162643997,1.36945709140501,1.69141349939445,2.49400910682594,0.609759778709138,-0.359826074636795,-0.414094797564651,2.00543258859808
"GSM2869376","GSE107499","discovery",0,"Control",0.557024364665852,1.44686077458339,1.46153244727969,1.17440177580606,-0.881808326236334,0.502813356494313,0.971003533911927,-0.260929802037633,-0.836898871661103,0.587405191274325,1.67800739083371,-0.145301034752316,-0.0990833538786672,0.481891629248225,0.202066868658862,0.0167579727269297,0.879077583137459,1.55596433166038,1.68244255123878,2.5378936353904,0.572785563142486,-0.375192989043735,-0.490060357288295,1.57810724745721
"GSM2869377","GSE107499","discovery",0,"Control",0.153734788004464,0.75978787371312,2.58728892324521,0.583555497476673,-0.133137007722288,1.02018617611085,1.61854458488326,0.428948688039168,-0.328852199199884,-0.206640255373778,0.901342886147054,0.855679676835526,-0.198600225103699,1.11608223010283,0.678955998463575,0.83624142112586,-0.0869843917349653,-0.315837710589154,1.30020563720235,1.97412772798816,0.191516743358883,-0.244505701637592,-0.124416097122821,1.39474404563608
"GSM2869378","GSE107499","discovery",0,"Control",0.579166408021821,1.45705331581781,1.49847034966017,1.21669179142103,-0.881580513272997,0.482932645489055,0.995040485353162,-0.215167824576162,-0.735482663288252,0.644922819877758,1.66120227867092,-0.218013797599854,-0.0215466235984744,0.509660133774756,0.24641571344473,-0.134227820235297,0.786022014093982,1.53455906212587,1.63536928395763,2.49748709427409,0.572603596757427,-0.338322529148991,-0.533726894465292,1.76788887838704
"GSM2869379","GSE107499","discovery",0,"Control",0.649111709534809,1.44160206983538,1.31950786088925,0.991751942601448,-0.890040315123541,0.466338107528878,1.02487524200679,-0.260770013105723,-0.770342529724341,0.64055559102955,1.28137604431693,-0.0292713426239339,-0.0700977784765499,0.453976189867988,0.0155222586429523,0.116948579988266,0.73224793409347,1.25650185800889,1.71044169323537,2.48714230967673,0.545159433143328,-0.391982889454852,-0.451067569693485,1.98842008263364
"GSM2869380","GSE107499","discovery",0,"Control",0.684997250176138,1.51724366514731,1.57971875872516,1.04173312194365,-0.926196621944568,0.454661128694134,1.06214457798997,-0.363453458690041,-0.934290553661507,0.564796845102137,1.05000602656913,-0.0252542998953042,0.00471056346977134,0.332440876338215,0.0933424028338238,0.182558061147695,0.88981083505103,1.39392751395038,1.76715238741602,2.51170971425578,0.671003790813812,-0.393150596076262,-0.510187795788283,1.97088608620743
"GSM2869381","GSE107499","discovery",0,"Control",0.488319607801143,1.44730080939061,1.54161583713037,1.26093546007807,-0.914637417447551,0.498611661384246,1.11925486935608,-0.135474658782514,-0.786022014093982,0.745233420725623,1.69660149436146,-0.108710748640073,0.0128964425617985,0.49966125731043,0.204747300734455,-0.116637577806701,0.83997177089599,1.53959178535875,1.61284782721935,2.40987236286234,0.543189429397624,-0.38232796466145,-0.543189429397624,1.85377892474421
"GSM2869382","GSE107499","discovery",0,"Control",0.594946495934368,1.40007431401368,1.14178638754759,0.994280636500582,-0.915811319040119,0.539077121197567,1.12099015808137,-0.206798034928283,-0.700704625100208,0.676041697778459,1.53506058690448,-0.210902122881074,-0.0351432728097037,0.666175658908562,0.00795395670455314,0.191044856665444,0.524489119315654,1.35810594909776,1.59551258208196,2.43905280217229,0.470647066049266,-0.441853537655924,-0.436411069621867,1.96234152554376
"GSM2869383","GSE107499","discovery",0,"Control",0.108710748640073,0.564796845102137,2.73579152367196,0.407541122417201,-0.142180075222118,1.14624354946134,1.80285514291388,0.589425173574489,-0.253267363439959,-0.553060750891376,0.520417460084894,0.938600451042269,-0.366755234377449,1.20479885746052,0.723592281585341,0.976213411591166,-0.105914699940056,-0.36130942955752,1.10748615383434,2.01357455079746,0.140308165979528,-0.246495316733707,-0.0823344297898437,1.07581807705397
"GSM2869384","GSE107499","discovery",0,"Control",0.604003921288869,1.37978615925189,1.17655909071607,1.02906229968351,-0.87612665621278,0.550722697018629,1.06350298439146,0.0507566827643446,-0.601781219099546,0.691455856287339,1.17532566956843,0.0345251213435291,-0.134227820235297,0.627150342658274,-0.0204652760705879,0.0601923172452532,0.78035531500416,1.38460346196505,1.66923479730956,2.46721757528817,0.473236636791846,-0.459633344587256,-0.518649864930442,2.0171052123757
"GSM2869385","GSE107499","discovery",0,"Control",0.489189797251287,1.15222209302023,1.38783293423263,0.971746187187024,-0.840631281500811,0.596052934778488,1.44686077458339,0.156548441152757,-0.529102362898695,0.439640965426655,1.4530469425061,0.377679746768647,-0.0838842143437101,0.686951375537543,0.619834723813125,0.269087974804489,0.568968236994742,1.09081502857495,1.42222842071918,2.44208797132066,0.410563703606676,-0.42573369006105,-0.622644477645949,1.78055854934236
"GSM2869386","GSE107499","discovery",0,"Control",0.599007014416047,1.52857064430479,1.32915923632912,1.0175908060479,-0.847246623759086,0.574606271877665,1.08634600702593,-0.0422530394707256,-0.584837765236751,0.602706983101356,1.54926285196348,-0.555762268316354,-0.11181846747869,0.771381914904349,-0.0748981498705451,0.215800111622272,0.512123773851908,1.30417188199615,1.58241376321684,2.4704708783693,0.354722772491534,-0.501236684383051,-0.456031646901449,1.94875485574579
"GSM2869387","GSE107499","discovery",0,"Control",0.572967548495463,1.52460861726298,1.30561925135208,0.997069563348675,-0.872505185681508,0.574606271877665,1.13411392026932,-0.0376160153320283,-0.659058369854071,0.725600368010717,1.56536026557766,-0.444409197064363,-0.147642681871854,0.778053835000073,-0.0289623233932518,0.149516582017013,0.498436782152486,1.35153238295141,1.57329714202743,2.45133096010861,0.336033839979036,-0.467888331142127,-0.505268446158666,2.0159255313363
"GSM2869388","GSE107499","discovery",0,"Control",0.346839019549576,1.30092525111343,0.779727229117808,0.925011451630803,-0.591447563792663,0.651210428702118,0.786863671437111,0.544980254556736,-0.392483269611335,0.468232977900333,1.49138852366956,-0.439811086762147,-0.35900233076016,1.10180060520903,-0.192932659792057,-0.113372730090419,0.599376641656014,1.12041135362171,1.46333233738451,2.58292460872287,0.18177292079034,-0.549285390372737,-0.144988875605346,1.85291862299888
"GSM2869389","GSE107499","discovery",0,"Control",0.635444378542287,1.31803390514828,1.42435474401305,1.0067642896773,-0.840191567158235,0.466165929687515,1.15673317202727,-0.0529218082694073,-0.754029025724931,0.573513618461765,1.65025426252748,-0.125817016733733,-0.00563724070261363,0.581176684065091,0.141868055925886,0.0198473740226568,0.59199954450809,1.38098748204012,1.51968949657476,2.51901601914741,0.498436782152486,-0.486754197563081,-0.49564078195609,1.96446424757843
"GSM2869390","GSE107499","discovery",0,"Control",0.600486015168846,1.34349187818664,1.28067435384866,1.11954385005295,-0.868895122101938,0.407708945696333,1.11665823770418,-0.113217291566109,-0.719985057190528,0.574970642120041,1.69855881855625,-0.35357169611893,0.00579168735723792,0.496339417979891,0.061275421957866,-0.0643704073369502,0.728617996979162,1.46513698063282,1.52807407799117,2.53023410307782,0.524843586937136,-0.484147826356433,-0.513532964064849,2.00890570367761
"GSM2869432","GSE107499","discovery",0,"Control",0.422860839217292,1.41336731389224,2.14933147621103,1.11034239819814,-0.910655544073567,0.570421476008152,1.27892288070015,0.0866743368641495,-0.46857768028488,0.393651205829843,1.4806728320417,-0.158268504738119,-0.112440139898687,0.614416350177075,0.448504306155469,-0.0200018488150083,0.519887011040204,1.21313811972827,1.69921270834314,2.4126993890336,0.493895248813079,-0.455003678091328,-0.552341028231324,1.81234941123003
"GSM2869433","GSE107499","discovery",0,"Control",0.475137673304131,1.31509455325036,1.90620559472772,1.2969756755105,-0.901342886147054,0.54086395714836,1.09586886178159,-0.0470455868971694,-0.813453489526352,0.632234712044032,1.78662098462743,-0.451751606765822,-0.145301034752316,0.677206727751033,-0.0149044106071517,0.253267363439959,0.922881412690414,1.33855763454098,1.42180392690982,2.4704708783693,0.633366790232231,-0.463412958569058,-0.617029854903143,1.90430868458444
"GSM2869434","GSE107499","discovery",0,"Control",0.191044856665444,0.978205109848456,2.50810625843815,0.706243104833941,-0.538898532323669,0.651210428702118,1.89029570668304,0.32038658630166,-0.555041467798836,-0.436920749728195,1.4530469425061,0.790024865083257,-0.265886586552815,0.589976495152252,0.815820882587375,0.570421476008152,-0.52183270758941,0.439130677729781,1.42991353759075,2.23268184949373,0.192460644809319,-0.356367983421809,-0.552520932060456,1.16308851320396
"GSM2869435","GSE107499","discovery",0,"Control",0.386651573984222,1.4050301168008,1.20416084012372,1.0594336284235,-0.891188419312852,0.418305227700486,1.15072360008711,-0.123171040286193,-0.991499421913567,0.413085388536831,1.09361926513099,-0.16171004241203,-0.0682400098348891,0.775547820435815,0.0356068952091215,-0.0618943711306061,0.389315848530449,1.36044009958019,1.58566301505483,2.54570502098725,0.624332691044301,-0.472545774957475,-0.565340381131898,2.00890570367761
"GSM2869436","GSE107499","discovery",0,"Control",0.507550902143565,1.47469058438472,1.49562861466536,0.947272987170678,-1.04626100880967,0.400670178096338,1.11896598209779,-0.139060499970209,-1.04332875728765,0.348151469036863,0.985457778951002,-0.213587482649136,-0.0345251213435291,0.690083445767642,0.062049112119539,-0.0161401126042184,0.265566598094903,1.27160917621293,1.62083806680471,2.5618103629024,0.638281882778618,-0.469957047265908,-0.544263715067376,2.08407418738326
"GSM2869437","GSE107499","discovery",0,"Control",0.350778170746807,0.69106360619674,2.05133705455653,0.748703827385779,-0.237351034503428,0.801471212442373,0.950664939199954,0.677206727751033,-0.289965975576651,-0.368738218356838,0.808518153719957,0.784550451876929,-0.405695822476129,1.04519369572337,0.526794339699936,0.477732767537302,-0.342741451061297,0.367746545609312,1.18711626846931,2.23081839712003,-0.148267257325147,-0.454147404596234,-0.305950103079696,1.69400179756763
"GSM2869438","GSE107499","discovery",0,"Control",0.430981497754647,1.2750833868851,1.42435474401305,1.11608223010283,-0.87273119216412,0.556844010902087,0.997069563348675,0.122081772225006,-0.679345007400491,0.533548817274538,0.847246623759086,-0.158894098252581,-0.321850129448899,0.662516642587724,0.0104251677996604,0.304008546255095,0.816251808971328,1.27927286143487,1.64306403160777,2.51170971425578,0.543905550108703,-0.455860285327168,-0.544084623863498,1.83849899762043
"GSM2869439","GSE107499","discovery",0,"Control",0.384488870886861,0.866644572282313,2.1815391598435,1.04866683178316,-0.204589587719928,0.738116557590393,1.15012492585408,0.451751606765822,-0.415609702977058,-0.153109697779047,1.10977042494703,0.692436947343988,-0.376684764255571,0.802962684141223,0.608644170007951,0.602151462768149,-0.139684305794562,0.878623096472543,1.39678945369328,2.2778473400748,0.188057224105353,-0.422016547904479,-0.390315663365616,1.80758191002246
"GSM2869440","GSE107499","discovery",0,"Control",0.371880914492498,0.865970262923496,2.13252577900493,0.90715407918713,-0.29447905372549,0.694204593209556,1.11579436511676,0.589425173574489,-0.385985934707365,-0.067156420624916,1.09530594292739,0.663671161133247,-0.362793579909262,0.93500766362876,0.513004398372364,0.466682504696333,-0.142492108361054,0.81711411681405,1.29020094086926,2.30338961358773,0.144520663364163,-0.430134277743104,-0.413758281056896,1.7745608574784
"GSM2869441","GSE107499","discovery",0,"Control",0.499311330893847,1.33140413670011,1.45928922190528,1.08718229487756,-1.06431897104585,0.588690356689721,1.04786421688388,-0.0677756047221073,-0.602336615557559,0.589057725373959,0.916986484020641,-0.226087067267524,-0.26684671543906,0.578801154853676,0.0648347076055309,0.253905326144484,0.912293387136019,1.24838101315853,1.62951546698634,2.49748709427409,0.551261980302776,-0.536221756499787,-0.602706983101356,1.86071123712324
"GSM2869442","GSE107499","discovery",0,"Control",0.514414225909766,1.27438731376997,1.90430868458444,1.07885334127259,-0.842612011126135,0.582457174062813,1.05000602656913,-0.155297776959357,-0.698928962643155,0.43947085681398,1.55908103086674,-0.431998570334075,-0.133137007722288,0.613483972686,0.0322071689053767,0.346839019549576,0.888434937351038,1.07416664818714,1.36866858059726,2.47375054093667,0.490931288888282,-0.437600499830722,-0.607343583110553,1.83849899762043
"GSM2869443","GSE107499","discovery",0,"Control",0.507199583217046,1.33177893965656,1.85464060069887,1.21961081115869,-0.712997673859135,0.671584216947405,1.05565132779177,-0.0589545696721208,-0.738319376866089,0.520771174141323,1.70645392272334,-0.334400139689104,-0.140152195823183,0.685778586042858,-0.016449041880644,0.223236022147041,0.780145918847547,1.28102512024058,1.42862681804846,2.45445904842782,0.523957541402604,-0.428610058911212,-0.605858454834727,1.892142736858
"GSM2869444","GSE107499","discovery",0,"Control",0.510011892673873,0.898333064655249,2.34962446995776,0.934051623752193,-0.25773528311144,0.680123333880857,0.973729221241837,0.190573012509478,-0.419485475016413,-0.098772950397037,1.04359495485112,0.465821615452902,-0.187900027008261,0.653885682182418,0.593840784948982,0.586120995315389,-0.292221770658138,0.898795584070709,1.39801950886376,2.3747660966111,0.313241290322834,-0.370557228113281,-0.280314818597201,1.70052267184946
"GSM2869445","GSE107499","discovery",0,"Control",0.383158870626379,1.09081502857495,2.52272019985624,0.699915169352501,-0.57861855722524,0.62283196921494,1.77381561895463,-0.118192702143199,-0.701297003605502,-0.348643792124273,1.12418031824193,0.701692059359133,0.00965290820263038,0.303361615592118,0.813883585276303,0.588139452572768,-0.512299866964876,0.296737838259898,1.57170183437309,2.23643218206009,0.385653179209246,-0.358837611230976,-0.419485475016413,1.24200991993992
"GSM2869446","GSE107499","discovery",0,"Control",0.65044692666741,1.54619319110072,2.12067126521544,1.05511223109236,-0.825988096781174,0.520594308971428,1.16339232139858,-0.369730253859741,-0.806378489934115,0.41662016985177,1.38420079209343,-0.247371056128534,-0.00239388634415464,0.348151469036863,0.437600499830722,-0.201751619506326,0.486406490681441,1.30344922075016,1.77830191391442,2.3747660966111,0.572603596757427,-0.378841032534453,-0.509660133774756,1.81635403493659
"GSM2869447","GSE107499","discovery",0,"Control",0.462897167883865,1.29126669889338,1.76568227446564,1.12099015808137,-0.751978349514872,0.502462877016616,0.890269842076134,0.0806298950116691,-0.674683654748683,0.476002348365538,1.54212283811368,-0.400670178096338,-0.110419862153344,0.571875920696909,-0.056324653569921,0.245778943296808,0.829033159575182,1.2115278677786,1.36748740750741,2.45133096010861,0.535152122104575,-0.39448577477243,-0.31729913208856,1.82119835933131
"GSM2869448","GSE107499","discovery",0,"Control",0.233381486500618,0.938360555099322,2.45761133947537,0.493197456991522,-0.541221531472627,0.667718966820463,1.83766260104447,0.412244535788872,-0.423029733637853,-0.447479826222309,1.05727046176086,0.479811161032243,-0.28851660109606,0.665211896820448,0.654842264139519,0.613670405497673,-0.510187795788283,0.162961983537889,1.43034297063383,2.3055873102049,0.178790404823716,-0.398161153651224,-0.392316465312892,1.11206050145221
"GSM2869449","GSE107499","discovery",0,"Control",0.479984453959619,1.41546703147124,1.22254025996674,0.966312442169273,-1.01061730446664,0.483279767181921,1.15192218748647,-0.0649894774627723,-1.13735179400267,0.365599159872524,0.996815704159956,-0.108089331802961,-0.0600375937943571,0.884088978434228,0.0567887275864555,0.0318981219262858,0.214061529039994,1.17748533253943,1.54670378976168,2.60988368482747,0.624145023970829,-0.471682514672807,-0.543368433447442,1.99065533438729
"GSM2869450","GSE107499","discovery",0,"Control",0.548387649802344,1.56273642722916,1.62893314803185,0.893488159376823,-0.804882919418861,0.501586948160257,1.0613304740869,0.0023938863441545,-0.899026915895042,0.311781732496039,1.01190498119907,-0.410059680269761,-0.0204652760705879,0.800832555849771,0.00594613415001605,-0.051065971604112,0.354887250311767,1.35114751809263,1.59496131309448,2.60068593925342,0.537648890909797,-0.490234513851976,-0.483279767181921,2.04131061102042
"GSM2869451","GSE107499","discovery",0,"Control",0.228939951316449,0.988474090336538,2.5340452858987,0.578983771782479,-0.435222256502964,0.814313831633084,1.7745608574784,0.382161815157444,-0.49040868528599,-0.42742524360417,1.37659232834685,0.706639538720693,-0.225294926921262,0.636767909134838,0.810661525451938,0.627714470242848,-0.348479675044741,0.624520380108678,1.32506089452201,2.25962182328629,0.110575252029175,-0.398662757554696,-0.489015729745503,1.13088789293217
"GSM2869452","GSE107499","discovery",0,"Control",0.576064211283167,1.56958096001407,1.47928761051646,1.10265116581132,-0.765572030547441,0.553060750891376,0.925485363758801,0.120525925903239,-0.640176409931569,0.608086649681075,0.912996069473609,-0.454661128694134,-0.216432484954224,0.517766675001624,0.00270277561385511,0.213429477856261,0.720785851727593,1.48159789384562,1.68563090313301,2.4639901774655,0.556483357697799,-0.423198640126338,-0.460491769441872,1.89492544410046
"GSM2869453","GSE107499","discovery",0,"Control",0.498436782152486,1.29769227516189,1.38058681971017,1.08051313701877,-0.726605509003169,0.544980254556736,1.00445963825658,0.12675110017088,-0.617216694971183,0.584288104283251,0.834708773599363,-0.313241290322834,-0.258853063909479,0.600486015168846,0.0173758392470831,0.110730644575003,0.657907363678543,1.28807380995636,1.61740102940852,2.48375241460822,0.483626947116616,-0.451409561827457,-0.489537976741057,1.83184351418
"GSM1900150","GSE73661","discovery",0,"Control",0.729020848673436,2.22527404736431,1.44510343073326,1.56012330368154,-0.308378672956349,0.720185212523945,1.21928596243365,0.253905326144484,0.0305074477945848,-0.585021024819034,1.72393457386871,-0.960172158419231,1.37619408567215,-0.226245512346277,0.909954358713029,0.352256753562336,0.175338949290484,2.34477006075542,1.6225637899696,2.08137192058283,0.285458795730462,0.384821477156377,-0.588323067437812,1.47469058438472
"GSM1900151","GSE73661","discovery",0,"Control",0.631291932180263,1.94056933963453,1.72735731270344,1.62314010626319,-0.219753871547746,1.42520707923557,1.44116564064918,-0.0136687313681049,-0.119437007268493,-0.451067569693485,1.89865869752084,-0.56027384024177,1.277524521742,0.488319607801143,1.10350252487934,0.888664136797795,0.112440139898688,1.96128347176922,1.56852316512116,2.34477006075542,0.311457476600812,0.369068856490352,-0.203328066439023,1.4512737949709
"GSM1900152","GSE73661","discovery",0,"Control",1.01862813070741,2.06157406190177,0.333420348025501,1.66799200643004,0.24148333657822,0.291093687959505,0.814098689617271,0.228622872592868,0.0827993442228842,0.0948936999775228,0.984203625477233,-0.35357169611893,0.919340621561626,-0.302714811866929,0.16906889326221,1.08801934377201,0.0527671483402545,2.08407418738326,1.63419403527112,2.4639901774655,0.777426873738337,0.0269537644863011,-0.658482757720304,1.88937460466622
"GSM1900153","GSE73661","discovery",0,"Control",0.975964721535757,2.35701154564882,-0.0868293632561504,1.95393787753222,-0.53176897439787,0.78833791473497,1.06404689677363,0.150766140119875,-0.0956694339608662,-0.0485917951689924,1.72393457386871,-0.626398482844798,1.32283478510279,-0.485537480577283,0.331298562252826,0.54157917501055,0.13734531219192,2.54570502098725,1.5982762270263,2.42713168578093,0.600301068291558,0.0260267744632792,-0.819920824185079,1.76568227446564
"GSM1900159","GSE73661","discovery",0,"Control",1.07995954118242,2.18826030012374,1.42563363538945,1.83516109477217,-0.402679214534917,0.988222387656083,1.13176655058791,0.302714811866929,0.104827572449804,-0.278548295007202,1.61114896513846,-0.922172329654608,1.1824424422936,-0.0391615952544582,0.51794328065865,0.225136515830838,0.277424596390089,2.14008986960254,1.59716930493675,2.57011900046511,0.550902440310106,0.111663056135219,-0.751158964131362,1.79121128359576
"GSM1900211","GSE73661","discovery",0,"Control",1.05295890393568,2.36452952524348,0.0232459353913939,1.98287501185642,-0.505619421651556,0.256937065448223,0.909954358713029,0.170479067700318,-0.0184571217610904,-0.0814046542085218,1.78433988149857,-1.1155065925627,1.03564093806144,-0.0345251213435291,-0.0744335241302747,-0.0397798532115826,0.459976673850668,2.06028258080233,1.75983965749649,2.57011900046511,0.363123499534839,0.149204229041358,-0.537470439271898,1.76494864673505
"GSM1900221","GSE73661","discovery",0,"Control",0.840191567158235,2.15402199173733,-0.0162945770480423,1.83349978196276,-0.231001525684299,1.67485951188934,1.3561664606115,0.114305418895636,-0.0666920494609074,-0.0995489770112811,1.82690463219999,-1.10977042494703,1.24134220634996,0.405695822476129,0.576428887417952,0.107001952619643,-0.0617396316237056,1.83432980553293,1.70183555997757,2.5378936353904,0.630538112123046,0.132903282836824,-0.43386436558519,1.74407492457667
"GSM1900222","GSE73661","discovery",0,"Control",0.633178054194725,1.94362366204846,0.285780543821392,1.62893314803185,-0.504040521565529,2.01828770721208,1.52658663530609,0.141868055925886,-0.00301166514143473,-0.520594308971428,1.65875216783043,-0.0105796204504207,1.02696652031764,0.599931236119784,0.867544264896797,0.935486004181659,0.384655168702466,2.10768167339755,1.62718949724875,2.08137192058283,-0.134071980127827,0.245938126481055,-0.514414225909766,1.68627063389034
"GSM1900223","GSE73661","discovery",0,"Control",0.971993857406462,2.14933147621103,0.507902283725723,1.82526819757015,-0.444409197064363,1.29375918832269,1.68883648313235,0.132357952980941,-0.174084394399576,0.0343705855475082,1.74975732587547,-0.550183573851675,1.42520707923557,0.279351152188738,1.15975368306109,-0.0115063417840334,0.267486937998027,2.09642662835839,1.58512031012008,2.47375054093667,0.746865432736515,0.0267992645621864,-0.572057811310013,1.72804429424576
"GSM1900224","GSE73661","discovery",0,"Control",0.68851656637051,2.23081839712003,-0.257256332840361,1.9090638851524,-0.548208154735208,1.68755216974453,1.31619547777842,0.107001952619643,-0.131423193274965,0.0289623233932518,1.78131278005043,-1.58187384271007,1.3154613509512,0.5780708800405,0.332604099447599,0.197025269182339,0.159206918315783,1.65448828050088,1.52956490922361,2.52645932158258,0.696958585271854,0.142180075222118,-0.122859805983821,1.82854597380808
"GSM1900225","GSE73661","discovery",0,"Control",0.762263674820748,2.08952482968032,1.45260322736375,1.42819843672579,-0.215009766264418,1.67485951188934,1.36278168572007,0.280475454952564,0.299482686111535,-0.555582041129658,0.177691985342596,-0.938600451042269,1.25480318625751,0.459805002444023,0.578435978887005,0.670810365669729,-0.00934400600152003,1.40420175290491,1.53405792303367,2.68137176249543,0.763916807529196,0.179732078908065,-0.120214791766561,1.71311539470257
"GSM1900226","GSE73661","discovery",0,"Control",0.94076195040714,2.17821520639653,-0.0972210751269643,1.73914861068368,-0.439130677729781,1.62718949724875,1.3750006652875,0.112284717729075,-0.0450356837264198,-0.0303529321377584,1.79121128359576,-0.784130317530076,1.61114896513846,0.354064957112322,0.853899253359741,0.132513757487691,0.01011626324055,2.14623053862588,1.67048017173244,2.33052938990055,0.814744228781906,0.18868605900738,-0.369564889365216,1.73705019245931
"GSM1426079","GSE75214","discovery",0,"Control",0.728013941043821,2.21979726979385,1.47744505246749,1.54364622435174,-0.322175454791028,0.738522226517588,1.22711814602739,0.223394365733456,0.0212376646463318,-0.595130851800219,1.71044169323537,-0.956261305146163,1.36748740750741,-0.214693665750469,0.90459339089771,0.385985934707365,0.172359828278885,2.29686245503762,1.57329714202743,2.07734679999064,0.269087974804489,0.401339676836506,-0.518473194598998,1.48021077590692
"GSM1426080","GSE75214","discovery",0,"Control",0.630349713096528,1.94260354001113,1.77084447329791,1.55234718106827,-0.193876818837444,1.4350842432222,1.45083122033823,-0.0292713426239339,-0.128308152103871,-0.463412958569058,1.87574662644212,-0.572785563142486,1.27997329337936,0.493895248813079,1.10977042494703,0.891418181135258,0.104516987405588,1.92753887864939,1.54466380879938,2.32588576346401,0.300290422974338,0.377348044433509,-0.199230345214327,1.49044991407554
"GSM1426081","GSE75214","discovery",0,"Control",0.996308178402772,2.0628689907319,0.371218989999165,1.61284782721935,0.26348733419961,0.293672709540465,0.83865384443732,0.197340221146568,0.0493649426402781,0.0711815881741246,0.964589497064981,-0.387816855284479,0.916281233182715,-0.302229792183269,0.176280046487478,1.08801934377201,0.043798911175319,2.03514678199004,1.59883042322725,2.4639901774655,0.748090748278849,0.0414801417124939,-0.65560796133077,1.91193785793794
"GSM1426082","GSE75214","discovery",0,"Control",0.965327551216201,2.37218357249763,-0.0668468382460251,1.8572339243514,-0.45226477330486,0.799556221506437,1.09277709180596,0.116326586906188,-0.110419862153344,-0.0646799393013055,1.70381040947242,-0.650065317818993,1.30056535997161,-0.485537480577283,0.324942101251581,0.54749035098109,0.124104814907439,2.49400910682594,1.56588632836224,2.41554583022419,0.563710273202543,0.0475094374007953,-0.775547820435815,1.78282428869696
"GSM1426083","GSE75214","discovery",0,"Control",1.06295938645487,2.18321021683294,1.46198197588677,1.77605429814509,-0.384655168702466,1.02644327987983,1.18306412650847,0.276622169020962,0.0835742414335759,-0.292221770658138,1.58187384271007,-0.903199148938571,1.17071618488796,-0.021392143867153,0.52183270758941,0.2726126914056,0.273734900682168,2.08272115291694,1.54568299523137,2.57011900046511,0.536935187006944,0.132202151687119,-0.743196192520407,1.82772468751735
"GSM1426084","GSE75214","discovery",0,"Control",1.05511223109236,2.36961677323933,0.0523031761108989,1.90620559472772,-0.436920749728195,0.25677744157491,0.952365023251417,0.126284044679265,-0.0289623233932518,-0.0876045265940148,1.76056670368091,-1.09333845452601,1.02174670196652,-0.0312800370782102,-0.0809397928566031,-0.00316611001113918,0.450554680377648,2.01828770721208,1.6972532134476,2.55772147078162,0.328852199199884,0.159676177633498,-0.523603238372774,1.78206802544669
"GSM1426085","GSE75214","discovery",0,"Control",0.628843325237247,1.94260354001113,0.309512627428612,1.55700155143733,-0.49686355400781,2.0171052123757,1.52460861726298,0.122392976834148,0.00270277561385511,-0.523426111505683,1.66058881600217,-0.0193839524724816,1.01862813070741,0.606044022740416,0.867994374632191,0.929997941430215,0.383990041210296,2.04379800998052,1.58403629867663,2.09503826706584,-0.111352241535178,0.247211816692118,-0.480331083068006,1.71177701435146
"GSM1426086","GSE75214","discovery",0,"Control",0.956505304833504,2.15717553237224,0.540685195918693,1.74266308727319,-0.423705432064786,1.31729799989695,1.67235310532547,0.0843491888309893,-0.177221299835292,0.0193839524724816,1.7287320922971,-0.550183573851675,1.41043813659306,0.290771446707594,1.16765696261749,0.0383887938302648,0.266366620302261,2.05133705455653,1.55908103086674,2.4704708783693,0.711803333671019,0.0529218082694072,-0.529457693379795,1.75405650432837
"GSM1426087","GSE75214","discovery",0,"Control",0.674102017147386,2.24021423639453,-0.24514227279082,1.79661478194791,-0.496164736274128,1.71378573722913,1.30779544763813,0.109332207459647,-0.136565815237689,0.00610058108463227,1.77307136427311,-1.50323364352997,1.30525715263403,0.585570921504356,0.328037182726891,0.222286078011342,0.150766140119875,1.61455135698836,1.48345183054673,2.53023410307782,0.689299794530611,0.148267257325147,-0.13812489260824,1.86245836461159
"GSM1426088","GSE75214","discovery",0,"Control",0.777217954554048,2.08137192058283,1.49138852366956,1.41630866845315,-0.164057641519019,1.66861307971713,1.36434690388707,0.255660257390272,0.305140981324168,-0.562624366433813,0.160771252978246,-0.919104978617883,1.22384561094862,0.458260568665837,0.569149826109259,0.689495667639768,-0.0150588720734941,1.36395528602209,1.49468404844769,2.68703812250106,0.744418158726717,0.200648405137742,-0.0990833538786672,1.74690907434793
"GSM1426089","GSE75214","discovery",0,"Control",0.935964558878656,2.17163860365495,-0.0605017684737105,1.67737648443132,-0.432676867004245,1.64425650994083,1.37064145655859,0.0869843917349655,-0.0527671483402544,-0.0376160153320283,1.76056670368091,-0.767644013813757,1.60105213338135,0.358014159506629,0.867094330856211,0.159519753959177,-0.0081084058183565,2.11341083690886,1.63126574737059,2.33287017896861,0.791080351579788,0.203801098892397,-0.353242903249961,1.76494864673505
"GSM2332098","GSE87466","discovery",0,"Control",0.576428887417952,1.00241552887538,0.824034594818627,0.717185903311648,-0.402511732852035,-0.303523336344925,0.472027776571023,-0.102032667422796,0.235127630876802,0.706441307899293,0.503163897746411,-0.582457174062813,0.273734900682168,0.778262890057505,-0.230049908355229,-0.274937650468572,-0.248963796249627,1.70117874937859,2.05133705455653,2.39060360845496,0.65178330442849,1.54212283811368,-0.241324326062515,1.67990412849333
"GSM2332099","GSE87466","discovery",0,"Control",0.649874548892125,1.08718229487756,1.19370352329749,0.857462816878249,-0.291415959441253,-0.1356305283707,0.533726894465292,0.192617978367323,-0.161084167005379,0.31729913208856,0.850124810030019,-1.27334436036858,0.382161815157444,0.863501156255687,0.417209805301758,-0.438620504354087,-0.451922649054255,1.72530124458065,2.06157406190177,2.23455308716288,1.12679898451082,1.39474404563608,-0.2726126914056,1.95707306543146
"GSM2332100","GSE87466","discovery",0,"Control",0.872957243233703,1.12913319188598,2.54966971634694,0.78844328338129,-0.134695360133057,-0.34741314255545,0.573149552826342,-0.239655083167691,-0.0478186767427061,0.146237597275631,0.713396013290048,-0.799343625746569,0.204353027738072,0.981199954443922,-0.449187554322346,-0.527681708193169,-0.607529318301072,1.77980533017172,2.0171052123757,2.50453507872895,0.470302028667213,1.57011051671048,-0.0958245876512769,1.63890865040984
"GSM2332101","GSE87466","discovery",0,"Control",0.877374192844569,1.41757300819521,1.44730080939061,0.927620545878341,-0.334400139689104,-0.184757054580803,0.433355362801611,-0.0758274499606031,-0.210112601399293,0.175495788017081,0.94076195040714,-1.03405798311987,0.0614301570410687,0.921109573608451,-0.210744208082949,-0.56588408423232,-0.109176838805462,2.10484283905728,2.06546927433563,2.51170971425578,0.592735799515268,1.56588632836224,-0.157173864964267,1.70579192632684
"GSM2332102","GSE87466","discovery",0,"Control",0.793617122959125,1.12811121982886,1.34730982761694,0.79637106796513,-0.144832801331677,-0.387816855284479,0.593288201682041,-0.3238839732827,-0.45929006949457,0.324290902599851,1.07885334127259,-0.758345805170399,0.116482080948244,0.876920385255065,-0.0933424028338238,-0.839092991310077,-0.214535623539639,1.80442625544408,1.90810938881518,2.53023410307782,0.238463175790739,1.64187388515195,-0.260610230831647,1.32468942028333
"GSM2332103","GSE87466","discovery",0,"Control",0.71918472409368,1.08606741318926,1.5834949902503,0.882948078267244,-0.275017847911576,-0.50948427797351,0.514414225909766,-0.163744576342063,-0.209165348429058,0.778890259423188,0.16562320925209,-1.2390095555889,0.276140798113431,0.785601394170552,-0.541221531472627,-0.452435855281135,0.0805524217614936,1.96340178068809,2.06028258080233,2.5340452858987,0.568242068033754,1.50180107566918,-0.427086835195167,1.55752079008087
"GSM2332104","GSE87466","discovery",0,"Control",0.591263610267194,1.01992632993874,0.757111000477485,0.990489970773316,-0.233064082297998,-0.452606950500799,0.553600730934759,-0.491279765785014,-0.624332691044301,0.67023024074631,0.731844131829889,-0.596975524821837,0.186485461572734,0.947756884081004,-0.31729913208856,-0.648158691167531,-0.151078566354948,1.92261315516601,2.02544262129868,2.37997916894972,0.493546322863008,1.58025684189402,-0.526084743481083,1.55960195549334
"GSM2332105","GSE87466","discovery",0,"Control",0.598637468996879,1.0421317820362,1.39637990458976,1.15582907405981,-0.335216877998301,-0.479118133324199,0.472027776571023,0.0233231783943956,0.18499271383002,0.806485385408843,1.10805667961849,-0.860142651134613,0.301744843586966,0.887289639428801,-0.279511745218432,-0.451922649054255,-0.210270495202453,1.82200991516159,2.01474864910065,2.25764243859667,0.495291554663976,1.52165272763803,-0.360155640533495,1.4481817207093
"GSM2332106","GSE87466","discovery",0,"Control",0.337668437628689,0.634310809122947,0.98797074756814,0.84393433601206,-0.298998137800127,-0.50948427797351,0.571330362326324,-0.339958392108953,0.618525179464737,0.455174972810808,0.904825935540461,-0.990994570116546,0.200018106639205,1.3321539297911,-0.545697073964022,-1.17455568848102,-0.55270085377392,1.58729393828066,1.98397915378609,2.26161010089093,0.221652893394149,1.78282428869696,-0.436411069621867,0.899952724725756
"GSM2332107","GSE87466","discovery",0,"Control",0.613856859641248,1.0905350764895,1.11263393254286,1.17071618488796,-0.431659496537678,-0.360073245393349,0.48449515216449,-0.17784888925512,0.121926174355987,0.722990424560257,1.09109506617715,-0.996561909194263,0.303442474976507,0.943168783100352,-0.199702987201492,-0.310971154140108,-0.502638109037716,2.00890570367761,1.98619472179065,2.29470831499236,0.707631109713637,1.5094773744491,-0.429626093931912,1.64068605979205
"GSM2332108","GSE87466","discovery",0,"Control",0.535330351956908,1.21088464579137,2.48375241460822,0.919576315565208,0.0529218082694072,0.262847790219988,0.751158964131362,0.326082030732549,0.485537480577283,-0.121926174355987,0.694401132166153,-0.745641237511825,0.0152133338991171,1.03300411773277,0.0823344297898437,-0.00223944179679887,-0.854900408121081,1.90147610362487,1.83766260104447,2.31224805873997,0.626022685709981,1.88025056519009,0.129398273349571,1.46153244727969
"GSM2332109","GSE87466","discovery",0,"Control",0.46599376566463,1.2971547629796,0.741975335049279,1.12738196054282,-0.293511463630902,-0.216274383516821,0.648730431487243,-0.461178753698897,0.114149963877957,0.218409210801803,1.22974566756766,-1.23535752373503,0.295608257464496,0.91440278835438,-0.591079676747259,-0.48971208874065,-0.490234513851976,2.06157406190177,1.9591739271956,2.48039082324273,0.602892197877665,1.69530021377052,-0.479291368666178,1.13853216343667
"GSM2332110","GSE87466","discovery",0,"Control",0.763503328768565,1.34463520560465,1.44554234826884,0.728416615470074,0.366920427863366,-0.268447477538382,0.511947696617843,0.169225562657717,0.243869229548249,0.178398087457032,0.288194600276292,-1.47012451280523,0.339303937996724,1.02788286826563,0.157095683630612,-0.318436261794433,-0.346019042046641,1.52609157086116,1.64068605979205,2.41841197833394,0.525198120516068,1.74690907434793,-0.111196838270915,1.27822338879009
"GSM2332111","GSE87466","discovery",0,"Control",0.384987796254554,1.08551047825069,1.66985716078635,0.743399776455704,-0.277424596390088,-0.252310612533428,0.61759043976586,0.028189787351702,0.716087772527666,-0.520948055603112,1.11665823770418,-0.379753829818623,0.120603711259304,1.16796239308519,-0.21137589884936,-0.317623984361974,-0.224819710593786,2.01240322167605,1.74761980881916,2.52272019985624,0.261249399893495,1.76862632954495,-0.138592681124393,0.700704625100208
"GSM2332112","GSE87466","discovery",0,"Control",0.402009355516952,0.910421765885362,2.13402885379755,0.492325554742474,-0.0161401126042184,-0.0871394223043765,0.53265868491394,0.394986648018114,-0.0383887938302646,-0.533014687174955,0.408716126750825,-0.249919743308577,-0.00440167199703108,0.994533855649795,0.493023046565518,0.0422530394707256,-0.341595165320609,1.42265317096182,1.7287320922971,2.17491514649602,0.0169124387479889,1.84693457121693,0.0586451469648158,0.969890557047388
"GSM2332113","GSE87466","discovery",0,"Control",0.646825453479893,1.22597126506636,1.99742143869933,0.981449922153547,-0.146159545510547,-0.246097315897442,0.23957561210153,-0.0759823396540177,-0.145691253601203,0.192303316015312,0.880442134009224,-1.16887933888688,0.0778411592364939,0.930831272556308,-0.00795395670455328,-0.282242933607748,-0.23750989382559,1.90430868458444,1.8443900983129,2.42713168578093,0.681291596819902,1.66058881600217,-0.144364599662397,1.4724037113273
"GSM2332114","GSE87466","discovery",0,"Control",0.961642519619244,1.32043054089203,1.23139218918129,0.835365382253706,-0.379670835182717,-0.176593780209592,0.464444910083453,-0.0704074299325308,-0.216906821744598,0.363783457420275,0.881580513272997,-0.979202415526767,0.248167347494548,0.981699951202997,-0.041325565149061,-0.45929006949457,-0.278708852063868,1.84101593434776,1.95498080609674,2.49400910682594,0.700309842668682,1.42520707923557,-0.50333919155813,1.62835138091769
"GSM2332115","GSE87466","discovery",0,"Control",0.466165929687515,1.20895797922803,0.834271234357697,1.1924448169659,-0.381497322573773,-0.56027384024177,0.441002292923325,-0.567879095913599,-0.224186167772331,1.07609360055102,1.28172712626281,-1.39311191057326,0.148735726861067,0.808946530705198,-0.69833756480888,-0.836022351260946,-0.484321481957183,2.26360735961037,2.01828770721208,2.34962446995776,0.520948055603112,1.62777016440238,-0.322012787859872,1.52807407799117
"GSM2332116","GSE87466","discovery",0,"Control",0.832522671942984,1.30453346816478,1.50371185238418,0.87612665621278,-0.0944282870256097,-0.166092958567183,0.475310579878637,-0.159363334187946,0.103585292640722,0.685973985423746,0.52183270758941,-0.994533855649795,0.309836687470116,0.758551718364788,0.0725751808347225,-0.325512013119177,-0.283046624235186,1.84778539225375,2.06157406190177,2.27168801726818,0.658674604181536,1.44862259810807,-0.129242532358313,1.94618285374596
"GSM2332117","GSE87466","discovery",0,"Control",1.0183686968099,1.22351907773546,1.41336731389224,0.758551718364788,-0.0845041843744066,-0.324453689360073,0.373370841053851,-0.306759425183661,-0.191044856665444,0.619647581009801,0.648730431487243,-0.701988423055111,0.193955506548139,0.562805304794523,-0.154047355629596,0.170008972023625,-0.0921015270118363,2.04255273080313,1.99177670041567,2.57434077811082,0.517236954881344,1.4530469425061,-0.263647237024882,1.81877086189754
"GSM2332118","GSE87466","discovery",0,"Control",0.896484905367358,1.20352331258377,1.59606433636864,0.858243798450586,-0.296737838259898,-0.124416097122821,0.612365823150275,-0.242755640896539,-0.62564697696348,0.397325369641033,0.745539271691306,-1.07059856454486,0.209954712834163,0.537292004748097,0.539791648733024,-0.429287366361684,-0.0462725251682517,1.87664437239233,2.09642662835839,2.34962446995776,0.832085928979437,1.2602517542693,-0.371384455863603,1.86333406455761
"GSM2869335","GSE107499","discovery",1,"UC",-0.00440167199703108,0.643022518046858,2.69863662333048,0.443556988866377,-0.115393681582064,1.25650185800889,1.29769227516189,0.949452273798652,-0.107467956702706,-0.45158057769257,1.13059520099331,1.13882750375453,-0.450554680377648,1.40960344784397,0.593656570386683,0.748499436425222,0.0806298950116691,-0.285941428959652,1.11148743579987,2.01357455079746,-0.190415740557447,-0.191202147497971,-0.103895847531653,1.20097808023595
"GSM2869336","GSE107499","discovery",1,"UC",-0.0301984172056077,0.743196192520407,2.74906317605298,0.442875454200514,-0.577340913383235,0.99833982435035,1.71985376580531,0.862380573860605,-0.319086235022426,-0.505268446158666,0.861261073315996,0.496339417979891,-0.472373094746852,1.29769227516189,0.718384851393516,0.684216332266846,-0.677400988765412,-0.208691792368358,1.16643632857973,2.1815391598435,-0.0388524719040411,-0.376021649755177,-0.284493728593847,1.16278481232382
"GSM2869337","GSE107499","discovery",1,"UC",0.273895244404988,0.756082877747471,2.40706446636187,0.738319376866089,-0.45021282000851,1.10350252487934,1.70381040947242,0.443556988866377,-0.440151367628891,-0.822084232461789,0.586671246532828,0.455003678091328,-0.139996229076202,0.94824100301634,0.995040485353162,0.897408601852258,-0.495815418270177,0.068704429665605,1.15673317202727,2.20200694014514,0.277103604035355,-0.497387826568944,-0.276782640229755,1.50996010457621
"GSM2869338","GSE107499","discovery",1,"UC",-0.321199580902948,0.354722772491534,2.50099555732116,0.219595655588169,-0.215167824576162,1.58674982816719,2.20026573540211,1.14000985964038,-0.0823344297898437,-1.41043813659306,-0.528391902241902,0.850568233051791,-0.790658051284621,1.72598579011634,0.734673260554954,0.795099267133101,-0.391315868524337,-0.721386751079972,0.311781732496039,0.173614007051293,-0.775130624880606,-0.318436261794433,0.0928770576601415,1.02775190857875
"GSM2869339","GSE107499","discovery",1,"UC",0.266046590989611,0.867994374632191,2.53023410307782,0.569331433993208,-0.063132340852643,0.859919095796135,1.28278132117335,0.708424867707585,-0.322338130247565,0.155610420159156,1.34197016813629,0.702284848420574,-0.400502831480473,1.31180130583882,0.340122028379783,0.548926241060552,-0.0793903807628482,-0.0835742414335757,1.3220942035472,2.12953400294914,0.0339069830695112,-0.39114914050335,-0.194821150743346,1.48391611224825
"GSM2869340","GSE107499","discovery",1,"UC",-0.0247908224173573,0.750749460517313,2.79206922518179,0.59199954450809,-0.575517340669417,1.1155065925627,1.99177670041567,0.884545660830528,-0.258853063909479,-0.730230114379671,0.68832082532645,0.762263674820748,-0.574424115363504,1.2390095555889,0.871150081483056,1.00599547883939,-0.620958036962529,-0.194034195459778,1.14475530159074,2.16515460790832,0.0617396316237055,-0.399666266506718,-0.255022009752577,1.15222209302023
"GSM2869341","GSE107499","discovery",1,"UC",0.24466483512738,1.05081044812024,2.70457481484426,0.78035531500416,-0.25454339220432,1.08467570659285,1.40461581437426,0.251672906935791,-0.483800558943837,0.176593780209592,1.36748740750741,1.09249653954098,-0.147954962383948,0.815605476198063,0.705846781909172,1.1172346160342,-0.00718171390790685,0.139528349252019,1.53255681270157,2.2778473400748,0.395320618566997,-0.322826207821456,-0.40586351984889,1.62429435890029
"GSM2869342","GSE107499","discovery",1,"UC",-0.065299021851258,0.748703827385779,1.86773414052994,0.368407620529454,-0.277745617332115,1.08941612183377,1.65025426252748,0.835365382253706,-0.33848607463727,-1.20224972285692,-0.296899237823808,0.365103849000822,-0.461694134745849,1.45839398445995,0.805310041460974,0.771589891942683,-0.324779288680715,0.0301984172056077,0.952608117145495,2.2125969325899,0.222919351760636,-0.507375234852457,0.0159856485454846,0.779936556892212
"GSM2869343","GSE107499","discovery",1,"UC",0.100325063580283,0.917221669005618,2.68137176249543,0.564253475879914,-0.585387602942461,0.855902420492666,1.55492878313217,0.697943435246635,-0.266046590989611,-0.38981570723911,1.15042421143003,0.510891566204733,-0.432337693805074,1.30200593681953,0.584104923195353,0.588139452572768,-0.0598828717807085,0.305626430370897,1.139418482589,2.35453488853214,0.0941180230935226,-0.432676867004245,-0.297867797805845,1.27160917621293
"GSM2869344","GSE107499","discovery",1,"UC",0.429118021047785,1.15342275284835,2.58728892324521,0.819056534799351,-0.477559661319002,0.655416501012061,1.38823763720705,0.075362791780173,-0.425902790528209,0.0941180230935226,1.37103667249712,0.596237412178996,-0.0955142825734401,0.756905311932798,0.610503939589899,0.426579314258315,0.0173758392470831,0.891418181135258,1.51334911006312,2.44514580575386,0.440321527173807,-0.351270946322434,-0.400502831480473,1.64009301417472
"GSM2869345","GSE107499","discovery",1,"UC",0.49040868528599,1.14356652631975,2.60988368482747,0.790024865083257,-0.517590085492036,0.598083304092585,1.26299012249401,-0.0081084058183565,-0.620021888327084,0.0967555583694314,1.39842999766769,0.443216195799786,-0.107467956702706,0.625834820294105,0.548387649802344,0.398495545114399,0.130488548389303,0.996815704159956,1.57489646381295,2.44208797132066,0.491802593029742,-0.385985934707365,-0.35521623476173,1.55131743110041
"GSM2869346","GSE107499","discovery",1,"UC",0.273253911719427,0.728617996979162,2.64394069863729,0.428271478924706,-0.0108885265127779,1.11521891235749,1.39107694612013,0.562986261582618,-0.230525690924959,-0.464272883843297,0.779936556892212,0.951393209937851,-0.361474295796265,1.20097808023595,0.609387824882451,0.738725106562339,-0.115860121639814,-0.0618943711306061,1.15522686657129,1.98287501185642,0.104982868762118,-0.293511463630902,0.0147499494964031,1.05781078940132
"GSM2869347","GSE107499","discovery",1,"UC",0.484147826356433,1.13059520099331,2.6241083031553,0.777844813941188,-0.438790549454991,0.64188345097277,1.37539825444399,-0.00779950778048758,-0.486928073071996,0.0175303069043792,1.2575228037707,0.452008175156367,-0.0526124896732652,0.852787862017556,0.625834820294105,0.342741451061297,0.0544684777984647,0.8541216582077,1.45973727954567,2.40987236286234,0.423536489333256,-0.351599510759813,-0.290449235646395,1.5770351792063
"GSM2869348","GSE107499","discovery",1,"UC",0.291093687959505,0.906921043641107,2.72298492828675,0.351763807211174,-0.281439425244964,0.738725106562339,1.68244255123878,0.413253594120891,-0.309350609597962,-0.250079090001295,0.958459356340982,1.039079607617,-0.220228552450657,0.907620298134485,0.798918542570244,0.502638109037716,-0.274055595169993,0.530701877060179,1.27369185757103,2.13102750669987,0.161553567631245,-0.331788072410976,-0.266686676898177,1.16217773209201
"GSM2869349","GSE107499","discovery",1,"UC",-0.0201563240846544,0.604374661643489,2.9657864519094,0.608086649681075,-0.533014687174955,1.25582195444696,1.92654998929872,0.557565534717712,-0.25454339220432,-0.952851267346649,0.5617199507026,0.602521788998309,-0.479291368666178,0.769719297918218,0.897870737335177,0.899258295840282,-0.480157761302339,0.131734767044088,1.06759002825557,2.09781904241275,0.136254039715296,-0.296253685925975,0.00378389028201785,1.18617942963725
"GSM2869350","GSE107499","discovery",1,"UC",0.261249399893495,0.858578665123541,2.77715677376164,0.625459155706288,-0.129865515170871,1.0175908060479,1.47882650020273,0.405025147006109,-0.306597544704786,-0.315675372110757,1.05646054857486,0.937641191061511,-0.169225562657718,1.03063710525736,0.786022014093982,0.580262631549534,-0.115238207146721,0.642263047395692,1.34501670560483,2.06546927433563,0.10964295268964,-0.175025284772007,-0.145613208058546,1.25820416313746
"GSM2869351","GSE107499","discovery",1,"UC",0.353736106885846,0.644542573372753,2.12213685013658,0.582457174062813,-0.441853537655924,1.37064145655859,1.64187388515195,0.140152195823183,-0.42336755868929,-1.11781136576215,-0.2127975119237,0.455860285327168,-0.28240365713281,0.834052524620041,0.946789311968604,0.959927299997719,-0.17863347457823,-0.0280352821770052,0.94389189897168,2.04007163273484,0.26428691578713,-0.372046421066604,0.0170669051725757,1.27857305654616
"GSM2869352","GSE107499","discovery",1,"UC",-0.144988875605346,0.42573369006105,2.60525726243914,0.483106199059095,-0.216116287485242,1.28771985433129,1.93051691084143,0.641314229685993,-0.178005797546198,-0.692829570409276,0.720986122584467,1.12825714369543,-0.555582041129658,1.2712625985131,0.731844131829889,0.975219013264583,-0.0552418611965124,-0.241165321648304,0.893027833559571,1.65997597763764,-0.323639841437797,-0.302714811866929,-0.0394707223470949,1.03960972490381
"GSM2869353","GSE107499","discovery",1,"UC",-0.35900233076016,0.397325369641033,2.6388845698073,0.333257080554741,-0.255181561912818,1.3154613509512,1.93451444662127,0.870247566744263,-0.106535971771947,-1.30092525111343,-0.237827630456657,0.585021024819034,-0.66694711429772,1.3176658633238,0.686364862783895,0.797856465613153,-0.551621591570663,-0.895100792990576,0.448675098556883,1.23469528593105,-0.415946478069275,-0.246893356619813,0.160771252978246,0.884317296578357
"GSM2869354","GSE107499","discovery",1,"UC",-0.061275421957866,0.802536367220771,2.79206922518179,0.430981497754647,-0.564072389828766,0.974225578327957,1.76129468168712,0.94654755740935,-0.181301890386749,-0.685387865807057,0.754439541473094,0.176280046487478,-0.62283196921494,1.25209281813117,0.618712192247363,0.539791648733024,-0.408884030548717,-0.272772985965779,0.980700202861392,2.29902730628911,-0.0558605916834119,-0.439300760917296,-0.226087067267524,1.01862813070741
"GSM2869355","GSE107499","discovery",1,"UC",0.204116479191386,1.01293633190136,0.73386433884425,0.849459988728205,-0.589057725373958,0.822084232461789,1.99290057663548,0.4080446267122,-0.347659230320654,0.289804903939746,1.48998110127203,0.637146265599834,-0.140620116536088,1.11005636617774,0.555582041129658,0.451751606765822,0.108555390504535,0.840191567158235,1.32580439204901,2.37218357249763,0.162648974386685,-0.379006972178378,-0.295930956285448,1.66243108294506
"GSM2869356","GSE107499","discovery",1,"UC",0.0142865682608524,0.540506451965263,2.76992612575716,0.660786518373414,-0.556483357697799,1.15432434006915,1.71647483807468,0.958703870149894,-0.249760402961411,-0.983952980505161,0.630349713096528,0.786232376211502,-0.565702831285846,1.19907424965328,0.91112324982387,0.81776124662327,-0.581359552826417,-0.316162412522917,1.06295938645487,1.9456699952123,-0.163118494099086,-0.381829547790985,-0.250875918807511,1.15854421017655
"GSM2869357","GSE107499","discovery",1,"UC",-0.354064957112322,0.520594308971428,2.68703812250106,0.212165630966991,-0.370061013187687,1.24669950123155,1.95289706994505,1.16643632857973,-0.0417892978164538,-1.31987679805561,-0.189943952942814,0.643212443658653,-0.680317979876651,1.61341515033439,0.720986122584467,0.808946530705198,-0.425395525639041,-0.619647581009801,0.469784577539532,1.22679030108443,-0.478425335654206,-0.337995465313023,-0.00193055285865626,0.894409379488792
"GSM2869358","GSE107499","discovery",1,"UC",0.304655604176553,0.821434806342896,1.96766502361827,0.498087069407674,-0.430812029021942,1.08857780014435,1.51626786910827,0.324942101251581,-0.475137673304131,-1.0088173671374,0.560093158851,0.112284717729075,-0.362628634905903,1.19812396211448,0.841291157944643,0.768888786931209,-0.165779788291243,0.241642353199907,0.988725855656602,2.07468196746464,0.146237597275631,-0.470992159471329,-0.159832605214932,1.16217773209201
"GSM2869359","GSE107499","discovery",1,"UC",0.17784888925512,0.862380573860605,2.70457481484426,0.536935187006944,-0.517413512121427,0.744825727844918,1.79816831588936,0.369730253859741,-0.389649076853395,-0.200963584266192,1.1370569491423,1.1032186496743,-0.356861734651654,0.85545697562462,0.888205784566387,0.726806625290655,-0.131890558722606,0.706441307899293,1.32580439204901,2.19508177088321,0.0986177522268201,-0.342413894958653,-0.445432273177561,1.07719651237329
"GSM2869360","GSE107499","discovery",1,"UC",0.114305418895636,0.917221669005618,2.69863662333048,0.549285390372737,-0.517060413763336,0.79998152147904,1.69790565421972,0.742178734461571,-0.293672709540465,-0.153578509825999,1.16430439090933,0.836022351260946,-0.40586351984889,1.03089982142607,0.761231524015651,0.628090666298617,-0.0217011038439858,0.737508281843822,1.34807577810964,2.21979726979385,0.0465817465155238,-0.351106678325359,-0.298836637300885,1.17686772580953
"GSM2869361","GSE107499","discovery",1,"UC",0.317948870157388,0.960662048047886,2.70457481484426,0.509132613626332,-0.450554680377648,0.940040962639332,1.62487229765544,0.483453349865203,-0.363123499534839,-0.196710336760767,1.03934462975026,0.864398403457453,-0.298998137800127,1.01914720428976,0.83997177089599,0.529990814489172,-0.17988904006243,0.712798546565,1.26401945608138,2.18826030012374,0.126284044679265,-0.351928113158359,-0.358014159506629,1.22449906914448
"GSM2869362","GSE107499","discovery",1,"UC",0.345855074478048,0.763503328768565,2.00543258859808,0.690867521020684,-0.71758543804948,1.06295938645487,1.73426414540174,0.446797100493864,-0.59826800531185,-0.643022518046858,0.683630917564323,0.453291463954596,-0.135318792485659,1.04226470554483,1.00292616335184,0.952121985623982,-0.10964295268964,0.219753871547746,1.13882750375453,2.25764243859667,0.32315163559298,-0.523603238372774,-0.56951306065646,1.56693975590505
"GSM2869363","GSE107499","discovery",1,"UC",0.248167347494548,0.604189281085572,1.90430868458444,0.405695822476129,-0.257415976368397,1.13853216343667,1.71714905642806,0.40100490499869,-0.477213491802621,-0.969272755393509,-0.242596581407187,0.414936294133673,-0.349300354407919,1.17132934540936,0.95309447389535,1.09981905710828,-0.277424596390088,0.164683820145525,1.06950343126283,2.02905931762484,0.261409208826721,-0.452778058970913,-0.00594613415001605,1.18930628751182
"GSM2869364","GSE107499","discovery",1,"UC",0.233381486500618,0.747069574088748,2.60525726243914,0.379338882783048,0.0289623233932518,1.02409216726383,1.80996051829549,0.649874548892125,-0.246734135974863,-0.230208496753649,0.950907640074269,0.969519831649517,-0.319411272177308,1.30344922075016,0.696564834537667,0.661170819340874,-0.202539780054063,-0.365103849000822,1.14267600430626,2.00543258859808,0.181301890386749,-0.331951260126854,-0.0274172681337897,1.20735584508934
"GSM2869365","GSE107499","discovery",1,"UC",0.0301984172056077,0.704262597346206,2.70457481484426,0.615349262103647,-0.394151914255854,1.18711626846931,1.90525628270349,0.957481873591001,-0.233857636904119,-0.619086282747794,0.753003291796793,0.925011451630803,-0.467888331142127,1.16126791401325,0.997577474590767,0.923827579192376,-0.625271356510717,-0.149516582017013,1.14773434046618,2.0628689907319,0.0201563240846544,-0.36411349577098,-0.216116287485242,1.31729799989695
"GSM2869366","GSE107499","discovery",1,"UC",0.27245240384972,0.996561909194263,2.73579152367196,0.645303159653356,-0.380832998397722,1.03353090694222,1.67235310532547,0.442194125183602,-0.306273807844234,-0.251672906935791,1.119832924273,0.762470202430314,-0.276140798113431,0.973977369790002,0.837776035512794,0.714591711472494,0.0952039866923286,0.743399776455704,1.3154613509512,2.13856723802827,0.098772950397037,-0.249601068955247,-0.293672709540465,1.30888587211224
"GSM2869367","GSE107499","discovery",1,"UC",-0.390649021651462,0.626774368462625,2.54966971634694,0.435901502858503,-0.367581301998853,1.22221424753862,2.06028258080233,1.04973803699643,-0.0141321085356113,-1.0067642896773,0.384655168702466,0.535508598816103,-0.612924802128835,1.58566301505483,0.655990954088265,0.812593749107618,-0.660786518373414,-0.189000504424848,0.694204593209556,1.78206802544669,-0.40435465366921,-0.358014159506629,0.0136687313681049,1.10634618240259
"GSM2869368","GSE107499","discovery",1,"UC",0.20269742724712,0.824902429264149,2.65426050114931,0.374861596915916,-0.0201563240846544,0.970508729110007,1.62893314803185,0.728416615470074,-0.175338949290484,-0.0444172889582476,1.01267839324066,1.12679898451082,-0.325267752240542,1.20703578994737,0.628090666298617,0.803175897334854,-0.305140981324168,-0.432507274185288,1.22319267492663,2.13856723802827,0.17675065358718,-0.349957067300435,-0.0857442221234787,1.23304205592601
"GSM2869391","GSE107499","discovery",1,"UC",-0.0950488421910386,0.594209274546829,2.85888070361339,0.299482686111535,-0.175652631060709,1.46966958847843,2.52645932158258,0.660594404483186,-0.223869430117947,-1.03405798311987,-0.0458087014338443,1.44072948578991,-0.42674847568919,1.4825242252517,0.896254100742203,0.817545498646946,-0.539434350539296,-0.556483357697799,0.978703641008001,1.89865869752084,0.152015933672751,-0.225136515830838,-0.1150827354969,0.853676890740966
"GSM2869392","GSE107499","discovery",1,"UC",0.155766747461178,1.31877052488264,2.69279209331882,0.934290553661507,-0.608272468781055,0.564253475879914,1.91097811243963,0.190258473315107,-0.384488870886861,0.189314968531026,1.36866858059726,0.838873397651609,-0.238463175790739,0.668105042278527,0.94533961345393,0.185071269195529,-0.41022767646808,1.20320473217183,1.65085731222362,2.33997028576552,0.198127686777272,-0.434203763225299,-0.531057508971587,1.48206090058099
"GSM2869393","GSE107499","discovery",1,"UC",-0.10141168640872,0.625459155706288,2.72298492828675,0.232588020005003,-0.309188599887289,1.29625974125736,2.48039082324273,0.885688174781908,-0.120681497345097,-1.23668362718542,-0.354887250311766,1.13205963071767,-0.603818582242364,1.4464210197545,0.771589891942683,0.771797902361069,-0.537113587329432,-0.646064119419718,0.859919095796135,2.019473030962,-0.0970659005384927,-0.272933287534988,-0.0267992645621864,0.643022518046858
"GSM2869394","GSE107499","discovery",1,"UC",0.116171095676671,0.853676890740966,2.67029079132814,0.529813090722672,-0.284493728593847,0.912293387136019,1.74055182220559,0.623769755749571,-0.276943118566297,-0.244823974813172,1.17194294662714,1.07995954118242,-0.472027776571023,1.10919881453081,0.775130624880606,0.562624366433813,0.121614987469654,0.669070666954234,1.37460329336844,2.22711456552,0.040707268732503,-0.341595165320609,-0.391315868524337,0.882720036131583
"GSM2869395","GSE107499","discovery",1,"UC",0.153422235398272,0.375690154517103,2.78453560040802,0.307730877054921,-0.23878098456521,1.2667709141859,1.39760925549252,0.852787862017556,-0.0766019166942666,-1.27403950864536,0.504566681797182,1.23801190898012,-0.502988619394509,1.26918633143695,0.897177605969165,1.15582907405981,-0.319573803408053,-0.21137589884936,1.0727926919355,1.93051691084143,-0.122859805983821,-0.264606795710192,-0.108555390504535,1.03274083059784
"GSM2869396","GSE107499","discovery",1,"UC",-0.309188599887289,0.337014490543121,2.57860894411157,-0.00965290820263025,-0.271490825339935,1.52807407799117,1.73914861068368,1.24200991993992,-0.189157734139766,-1.17841258565888,0.0574075119846154,0.737102916239128,-0.718984712797147,1.4481817207093,0.626586414587412,0.63374433001149,-0.482585581976667,-0.518296540448867,0.722589332002311,1.80996051829549,-0.338649629179581,-0.24148333657822,0.0115063417840334,0.739130957901458
"GSM2869397","GSE107499","discovery",1,"UC",-0.336033839979036,1.18120044295818,3.03530098854986,0.319736343081226,0.0207742300099717,1.25480318625751,2.21618273908839,1.30997785511019,0.106535971771947,-1.02435312238516,-0.201121181315013,0.802110196108309,-0.665019218554117,1.58620618741507,0.976462162036857,0.550542971517948,-0.280475454952564,-0.394986648018114,0.782241422835871,1.83184351418,-0.151703463099486,-0.331135409845607,0.0224735129135464,0.485363722568881
"GSM2869398","GSE107499","discovery",1,"UC",0.036534163068902,0.42573369006105,2.84095658635867,0.752388231577236,-0.0800101225213575,1.12505234984067,1.45705331581781,0.698140486471779,-0.0300439029944366,-0.879077583137458,0.957237645818035,1.73426414540174,-0.438620504354087,1.11579436511676,0.964589497064981,1.27962299893345,0.0639061209445893,-0.0931872855350134,1.13587855693549,1.6972532134476,-0.472891177661376,0.145457119633542,-0.283046624235186,1.55131743110041
"GSM2869399","GSE107499","discovery",1,"UC",-0.0382342363113527,0.449358399121217,2.57011900046511,0.174084394399576,-0.411740164048486,1.12621639118255,1.55700155143733,0.723191014460353,-0.387317384621097,-0.979202415526767,0.163275008656063,0.915106826755469,-0.474446188969856,1.20193162997363,0.664056197237413,0.614602889761983,-0.544084623863498,-0.0750530287054834,1.03405798311987,2.14315010247457,-0.0538497945581024,-0.258373975474504,-0.0260267744632792,0.616469463878352
"GSM2869400","GSE107499","discovery",1,"UC",-0.190573012509478,0.553780760151411,2.57860894411157,0.259971168221024,-0.330319779912465,1.12156933833297,1.25141666162664,0.897177605969165,-0.21137589884936,-0.989733544276759,0.180987892470091,0.678567092244554,-0.560996748825133,1.17010346420016,0.493023046565518,0.407541122417201,-0.3394675378899,-0.0553965418263617,0.916986484020641,2.13402885379755,-0.152953434579558,-0.262528058557912,0.170008972023625,0.538719960635739
"GSM2869401","GSE107499","discovery",1,"UC",-0.302553130732118,0.638471232322628,2.79976472871248,0.176123186134752,-0.0280352821770052,1.72667114541037,2.2778473400748,0.87658014804367,-0.144832801331677,-1.19150202559135,-0.119748112371034,0.857462816878249,-0.732853861468278,1.26230464284821,0.731238652072927,0.773463189759625,-0.607343583110553,-1.18399751108022,0.322012787859872,1.16400026014711,-0.280475454952564,-0.0342160505722977,0.65714051026265,0.581542441031046
"GSM2869402","GSE107499","discovery",1,"UC",0.242914706527827,0.820353198625263,3.06778733053757,0.415609702977058,-0.50702394722912,1.13118068178465,1.62026389701652,0.238304280437062,-0.505794932754607,-0.531057508971587,1.11781136576215,1.28559950032098,-0.205535942286026,0.747886451056856,0.93238060499644,0.692829570409276,-0.0758274499606031,0.717785248377646,1.32394701969956,2.34719035135652,0.32315163559298,-0.133292828352417,-0.177221299835292,0.748499436425222
"GSM2869403","GSE107499","discovery",1,"UC",-0.0294258532856387,0.715788432176634,2.84095658635867,0.397826806703568,-0.311619600452891,0.889122675801868,1.99628739383041,0.817545498646946,-0.247211816692118,-0.937161884481768,-0.326570701593493,0.424381323997637,-0.515295887441591,1.17040976961868,0.619086282747794,0.529813090722672,-0.401841918955726,-0.328363163138323,1.11521891235749,2.07734679999064,-0.0710267531277661,-0.31356572703809,-0.057716912411957,1.00292616335184
"GSM2869404","GSE107499","discovery",1,"UC",0.224502927919283,0.799131066108462,2.83232591688852,0.310646980028401,-0.472545774957475,0.943168783100352,1.59661657697798,0.3388131927813,-0.396322794999975,-0.425395525639041,1.0067642896773,0.806806127141564,-0.179418169878917,1.08913659622183,0.772838455844509,0.374695916290844,-0.261569024436328,0.451922649054255,1.24468632850843,2.18488739262141,0.214377586687156,-0.33766843762869,-0.207744820518446,1.01914720428976
"GSM2869405","GSE107499","discovery",1,"UC",0.255022009752577,1.09277709180596,2.71060993508417,0.607343583110553,-0.519710227201881,0.913464774915164,1.93051691084143,0.0950488421910385,-0.531591082818862,-0.196395423848197,0.759169651029946,0.639986853896706,-0.237827630456657,0.836679681300693,1.00318157868169,0.638660604760675,-0.368077062962251,0.315188406567929,1.44598154446296,2.40706446636187,0.369895628465311,-0.380168842250916,-0.286906895393674,1.12913319188598
"GSM2869406","GSE107499","discovery",1,"UC",-0.120059229063993,0.593840784948982,2.94156740785653,0.380666943623047,-0.153734788004464,2.05770988016857,2.57011900046511,0.557024364665852,-0.178005797546198,-0.958703870149894,-0.220861537539855,1.53105914780623,-0.410563703606676,1.03828497875107,0.998085643312224,0.961397315082385,-0.48971208874065,-0.984454332295091,0.708226386379936,1.20447978750426,-0.0928770576601415,0.126906791474276,0.397492504222215,0.837118102237208
"GSM2869407","GSE107499","discovery",1,"UC",-0.0203107998352846,0.845478915923175,2.79206922518179,0.425902790528209,-0.426410165033379,1.13617300708534,1.78131278005043,0.881352746053396,-0.396824032461748,-0.841511198176667,0.692044430990837,0.673908188623467,-0.464100871341284,1.72530124458065,0.830340541724029,0.795523057763281,-0.297544913474346,0.497737417567808,0.952365023251417,1.96234152554376,-0.271651070969302,-0.422185382083491,-0.194506354178768,0.821867718575896
"GSM2869408","GSE107499","discovery",1,"UC",0.142804155374306,0.986211015597058,2.69279209331882,0.596052934778488,-0.636200545282357,0.73023011437967,1.58892909452987,0.317786423066855,-0.464616950069038,-0.141712051458907,1.05269008121366,0.620770763721309,-0.291093687959504,0.979701433766667,0.701099516768993,0.352421088030202,-0.0635966043421957,0.90715407918713,1.46876065118696,2.22711456552,0.0983073630085281,-0.389982348449028,-0.338976765447809,0.96237848039395
"GSM2869409","GSE107499","discovery",1,"UC",0.237986507774487,0.766193280093572,2.82390120221793,0.321850129448899,-0.17314365811445,0.914637417447551,2.09781904241275,0.489537976741057,-0.26684671543906,-0.734066524236275,-0.228622872592868,0.672745748610944,-0.298513659679449,1.12447090043349,0.768888786931209,0.5875887268956,-0.184442858206234,-0.475137673304131,1.2440163907876,2.11921022125979,0.235603976294745,-0.279832952909506,-0.0301984172056077,1.07995954118242
"GSM2869410","GSE107499","discovery",1,"UC",-0.34028567375851,1.04626100880967,2.64394069863729,0.313241290322834,-0.304008546255095,1.04786421688388,1.56588632836224,1.01474379296458,-0.199387887593091,-0.970261415792371,0.45346262549717,0.376850568753156,-0.593472375967921,1.74407492457667,0.609573791254005,0.336524124807699,-0.217539346742268,0.163118494099086,0.64264273638708,1.81394777105732,-0.471509904809212,-0.367416068424758,0.0227824802698574,0.793617122959125
"GSM2869411","GSE107499","discovery",1,"UC",-0.167345802900354,0.691848212794297,2.76992612575716,0.119592558372897,-0.292544148252773,1.14683956001533,2.23455308716288,0.777635826860666,-0.206798034928283,-1.17010346420016,-0.322500814234681,0.698534670273055,-0.588323067437812,1.53807787548094,0.546952183246784,0.403181727384219,-0.334236818809137,-0.859695583425565,0.475656435669291,1.71985376580531,-0.27181132357461,-0.289160692527022,0.104827572449804,0.494593281201803
"GSM2869412","GSE107499","discovery",1,"UC",-0.162492475788606,0.629219788310905,2.76992612575716,0.280314818597201,-0.358014159506629,1.27612865641241,2.03148527530372,1.01474379296458,-0.211060042938658,-0.951393209937851,0.110730644575003,0.566609282042849,-0.566246645913105,1.75694073584893,0.773254911589623,0.762263674820748,-0.453120315690744,-0.357849498306773,0.675071539980021,1.67297872211778,-0.246256511550493,-0.352092428606901,-0.0308164812970477,0.605301876237336
"GSM2869413","GSE107499","discovery",1,"UC",0.2127975119237,0.738522226517588,2.80762969696212,0.335707028303425,-0.449871012246979,0.930474051524053,1.55596433166038,0.457917509681286,-0.412580841879099,-0.602151462768149,0.995040485353162,0.919340621561626,-0.264126985968075,0.999866267162484,0.67681828236609,0.44662645160962,-0.108244682089817,0.446114582960509,1.25514263091726,2.34719035135652,0.163901106922552,-0.261089597632012,-0.252310612533428,0.7120023198259
"GSM2869414","GSE107499","discovery",1,"UC",0.160301911442145,0.801897165174734,2.82390120221793,0.51459052620766,-0.128619599701729,1.1106285210893,1.71782405625147,0.474273353339748,-0.365929416949557,-0.284493728593847,0.953337736832114,0.777844813941188,-0.346183018918609,1.12070070892015,0.732046018041093,0.349957067300435,-0.128308152103871,0.739739963296502,1.33403169654562,2.08952482968032,0.0499834818417598,-0.319248749383822,0.101566927986726,0.758139924125036
"GSM2869415","GSE107499","discovery",1,"UC",0.277906138535293,0.698731802879434,2.81567227086083,0.544442823729486,-0.140620116536088,1.00907430088972,1.98619472179065,0.475310579878637,-0.335380252479362,-0.592919913466352,-0.391816117883122,0.720585609776126,-0.244187453227978,0.770342529724341,0.834052524620041,0.729423818714893,-0.191202147497971,0.342741451061297,1.37143210270172,2.21618273908839,0.251194694908263,-0.25773528311144,0.00362944508812087,1.39842999766769
"GSM2869416","GSE107499","discovery",1,"UC",0.19529338180199,0.84393433601206,2.80762969696212,0.282242933607748,-0.40100490499869,0.930950372632009,1.59002156341487,0.499311330893847,-0.368407620529454,-0.706837797313709,0.929759965421472,0.979451894158925,-0.270689701666974,0.859472113995228,0.674295871000288,0.494593281201803,-0.214061529039994,0.214851713323958,1.20703578994737,2.25764243859667,0.0921015270118363,-0.320711758700992,-0.0433351388418863,0.62245700796228
"GSM2869417","GSE107499","discovery",1,"UC",-0.385985934707365,0.805523657583039,2.84980420913676,0.144208539476679,-0.185071269195529,1.58512031012008,2.07868476753283,1.46785292571971,-0.109021472786698,-1.47377491014605,-0.267807090380375,0.504391279539306,-0.755466387579826,1.87844441523607,0.754439541473094,0.916281233182715,-0.392816910977418,-0.304493827748153,0.476521324239448,0.948967598410735,-0.494244234904925,-0.279672345457092,0.201751619506325,0.601781219099546
"GSM2869418","GSE107499","discovery",1,"UC",0.175182114876824,0.824251495229173,2.79976472871248,0.354064957112322,-0.126284044679265,0.96409775273576,2.03760302983657,0.786022014093982,-0.182558061147695,-0.749521704233172,-0.314052444015683,0.627714470242848,-0.44526172814079,1.24636362158707,0.726806625290655,0.528214328757028,-0.382161815157445,-0.41123589702929,1.15462507773905,1.99742143869933,-0.0203107998352846,-0.270849912487444,0.0074906104868303,1.10862756630293
"GSM2869419","GSE107499","discovery",1,"UC",-0.0966003907812289,0.706044929509082,2.7293322739111,0.412244535788872,-0.381497322573773,1.06459112412648,1.69921270834314,0.838434331641736,-0.296092317250796,-0.369234190686277,0.814098689617271,0.952851267346649,-0.506497133068241,1.26884081847661,0.694597697949434,0.485711253246195,-0.181458896046674,0.452949180698539,1.27403950864536,2.16676708238819,-0.118192702143199,-0.297222060160202,-0.231953352248744,0.795099267133101
"GSM2869420","GSE107499","discovery",1,"UC",-0.164370722776059,0.53176897439787,2.61456665235439,0.0515299140324834,-0.41123589702929,1.23867686972903,1.61228102273381,1.17965050148269,-0.209481078524115,-0.974722175550522,-0.0301984172056077,0.982951018150596,-0.612924802128835,1.53656748257365,0.633178054194725,0.57770585823295,-0.492499905231844,-0.449187554322346,0.830558576738447,1.85120212212039,-0.187114111085354,-0.309836687470116,-0.193247360322992,0.746661322504176
"GSM2869421","GSE107499","discovery",1,"UC",0.110109090396301,0.7120023198259,2.69279209331882,0.272292123293408,-0.167345802900354,1.35345971698519,2.48375241460822,0.666754213253067,-0.17816271021994,-0.823167380540384,0.0823344297898437,1.2254802379551,-0.376850568753156,1.44160206983538,0.890269842076134,0.701692059359133,-0.593840784948982,-0.259971168221024,1.06540805687759,2.08952482968032,0.00625502816477101,-0.23703333382354,-0.104206412443074,0.916986484020641
"GSM2869422","GSE107499","discovery",1,"UC",-0.0342160505722977,0.588690356689721,2.84980420913676,0.18083090020511,-0.397659649907678,1.28736605996419,1.7745608574784,0.938120713146932,-0.215009766264418,-0.882948078267244,0.772838455844509,1.06622570127934,-0.389982348449028,1.26780518734176,0.803389147047007,0.604374661643489,-0.0978417969292911,-0.011351887563688,0.968778780308248,2.09089723920417,0.0249453143133849,-0.247052583524054,-0.200018106639205,0.716586815758569
"GSM2869423","GSE107499","discovery",1,"UC",-0.186956941784186,0.613483972686,2.75588496092672,0.325756293420503,-0.385985934707365,1.26711552130613,1.97957701137809,1.28665895423973,-0.237986507774487,-1.0955873589586,0.132046353602312,0.648539827826538,-0.533904988582928,1.78282428869696,0.826205347120985,0.995040485353162,-0.434034058155655,0.144208539476679,0.656182486553178,1.43206334620764,-0.281600112365218,-0.394318839020154,-0.153265964717287,0.837337373054306
"GSM2869424","GSE107499","discovery",1,"UC",-0.0451902851002297,0.741162044142161,2.74906317605298,0.220070319974645,-0.438280452191212,1.13676220309713,1.73705019245931,0.84835278673517,-0.232905389003306,-0.735280267448777,0.164370722776059,0.828815400310488,-0.538362868781786,1.37460329336844,0.786653204862227,0.487101963303304,-0.427594466163837,0.0744335241302747,1.11809988010998,1.94464581073525,-0.154516235297774,-0.353407294908819,-0.0930321704783849,0.693615137150807
"GSM2869425","GSE107499","discovery",1,"UC",-0.00934400600152003,0.918633845769155,2.84095658635867,0.23703333382354,-0.242119439745769,1.06540805687759,2.16515460790832,0.881808326236334,-0.119281459053951,-0.798493603706068,0.0221645477025606,0.804455944163691,-0.578801154853676,1.5706405140799,0.980450418897233,0.62846695126497,-0.431489978250727,-0.276301247967563,1.07444168285377,2.1265611671998,0.0553965418263617,-0.395487620375295,-0.100480288130606,0.570603215554832
"GSM2869426","GSE107499","discovery",1,"UC",0.140308165979528,0.67119724106561,2.84980420913676,0.31453923540161,-0.325919157753828,1.06295938645487,1.74761980881916,0.508253728029273,-0.308216711859219,-0.523249001059002,1.03458534672512,1.42010850830147,-0.205693685921908,0.969272755393509,0.921936071659984,0.660402314970915,-0.128308152103871,0.295930956285448,1.2153977710555,2.21798638224537,0.221019797630185,-0.207429204671734,-0.376518970112829,0.784760570988353
"GSM2869427","GSE107499","discovery",1,"UC",0.129242532358313,0.934768573562288,2.71674542818236,0.546234872568936,-0.447479826222309,0.715389411448014,1.70977517478409,0.53176897439787,-0.381165139458457,-0.107467956702706,1.17841258565888,0.76495107633417,-0.343724340210288,1.10038477284499,0.660594404483186,0.472200428620516,0.0102707153975987,0.798493603706068,1.42095570704843,2.24402860873724,0.028189787351702,-0.441853537655924,-0.467888331142127,1.05835142605047
"GSM2869428","GSE107499","discovery",1,"UC",0.166406145133642,0.700704625100208,2.81567227086083,0.517060413763336,-0.216748704063789,0.92833321358836,2.17163860365495,0.742789117026549,-0.289482783216162,-0.614976033109598,-0.187271285008785,1.04439399160695,-0.375192989043735,0.994280636500582,0.87431448761192,0.825119484957276,-0.401172285297566,-0.115238207146721,1.31399522035903,2.16676708238819,0.0835742414335759,-0.223236022147041,-0.175966330115448,1.30598152133799
"GSM2869429","GSE107499","discovery",1,"UC",0.163431527212859,0.772422134093814,2.79206922518179,0.418305227700486,-0.084039203819417,0.908786709558226,2.17821520639653,0.780145918847547,-0.107312619420255,-0.657332187373231,-0.162492475788606,0.76474415713605,-0.445091196053744,1.19907424965328,0.765365013020618,0.585754259746881,-0.378177378210954,-0.393818097666791,1.1993912529028,2.1815391598435,0.0945834223986095,-0.25757562645722,7.7222066454664e-05,1.05889237222017
"GSM2869430","GSE107499","discovery",1,"UC",0.0190750070912078,1.02304904342455,2.95346041961067,0.214851713323958,-0.100635515102006,1.37064145655859,2.23455308716288,0.835146472696558,-0.106380649968242,-0.966805239309056,0.304817388578674,0.745233420725623,-0.566609282042849,1.36748740750741,1.02383128186207,0.637335478038116,-0.497038296347204,-0.448333526835942,1.04173312194365,1.72121085199648,-0.0578716146957366,-0.201278783359205,0.222761024951917,0.779936556892212
"GSM2869431","GSE107499","discovery",1,"UC",-0.274857454793826,0.727208946088361,2.69279209331882,0.213903508236697,-0.265406614064438,1.28701242666392,1.89399624476746,1.24669950123155,-0.215958196855166,-0.925248381719297,0.23750989382559,0.669263866746593,-0.625271356510717,1.79894671309478,0.758757663726981,0.69676169640155,-0.446114582960509,-0.0815596118967775,0.586854703077538,1.79121128359576,-0.467371465175434,-0.330319779912465,-0.0973762520564723,0.795946991316399
"GSM1900148","GSE73661","discovery",1,"UC",-0.471164727215898,1.59002156341487,2.32358262965647,0.808089925051968,1.35927209863083,2.55772147078162,1.79274980410895,0.87612665621278,0.81948860297286,-1.47194725969066,-0.896254100742203,-0.830340541724029,-0.102653687784943,2.03883577820353,1.37261968185848,1.04599406882834,-0.975219013264583,-0.209796829502777,0.106380649968242,-0.394652721518781,-1.3408309216032,1.64604962348356,1.26093546007807,0.236874492456896
"GSM1900154","GSE73661","discovery",1,"UC",0.28658504357773,0.887060719489898,2.59170308208882,1.10634618240259,1.81394777105732,2.77715677376164,2.45133096010861,0.638850000105088,1.2887822057465,-1.44466479141839,-0.202066868658862,0.101566927986726,0.264766745823527,1.06759002825557,1.61001896856027,1.36591547173492,-1.06731700391939,-0.145613208058546,0.679150490085226,0.481197908506973,-0.600116141945498,2.03883577820353,1.65206521592701,1.04332875728765
"GSM1900155","GSE73661","discovery",1,"UC",-0.108555390504535,1.24000843690902,2.68703812250106,1.01500227238179,1.50899499581696,2.44514580575386,1.97739024811579,0.375855896973332,0.828379999640364,-1.58729393828066,0.210270495202453,0.35900233076016,0.728013941043821,1.21507458379405,1.48904445684858,1.63360725638342,-0.876806961573561,0.0806298950116691,0.446967762390298,0.608086649681075,-0.719584833027367,1.85636809542077,1.43465188450708,0.916986484020641
"GSM1900158","GSE73661","discovery",1,"UC",0.65044692666741,0.83997177089599,2.69863662333048,0.78035531500416,1.05781078940132,2.61456665235439,2.3987527956002,0.0728848871393922,0.16124062993195,-1.55234718106827,-1.10805667961849,1.26953199597823,0.385320466407568,0.12643972677727,1.69205951173099,1.71647483807468,-1.15492591987314,-0.250079090001295,0.938360555099322,-0.199545434920739,-0.252629503797699,1.56958096001407,0.329667434172158,1.06431897104585
"GSM1900172","GSE73661","discovery",1,"UC",0.488319607801143,1.41504658871291,2.73579152367196,1.07389169475084,1.22843084668176,2.42129813201768,2.4704708783693,0.311295360934713,0.5617199507026,-1.38500635646573,-0.228147297591178,0.477905888072413,0.942927854049219,0.902038620444142,1.52757788818152,1.65085731222362,-1.09193569282709,-0.146237597275631,0.784130317530076,0.752388231577236,-0.215800111622272,1.66304642757636,1.02226743048722,1.33553730374245
"GSM1900175","GSE73661","discovery",1,"UC",0.381331225756336,0.848574143906594,2.26965392478637,0.59199954450809,1.51773210540117,2.82390120221793,1.81635403493659,0.40351679251323,0.374530245950563,-1.44862259810807,-0.826205347120985,0.0019305528586564,0.204116479191386,1.10180060520903,1.68627063389034,1.79274980410895,-1.15613033505059,-0.506497133068241,0.592367631873482,0.616656239368208,-0.546414173876634,1.28771985433129,0.910889372041739,1.24535682533141
"GSM1900176","GSE73661","discovery",1,"UC",-0.245460595606653,0.762057179719397,2.54966971634694,0.425226461671022,1.59606433636864,2.85888070361339,2.21438627677101,0.879077583137459,0.777217954554048,-1.48857662411167,-0.76495107633417,-0.113683615360678,-0.200490823049654,1.86861850894919,1.22026089500275,0.994280636500582,-0.701692059359133,-0.171889581233418,0.176593780209592,-0.0359159810546087,-1.14237936492854,1.71378573722913,1.49989576645066,0.520594308971428
"GSM1900180","GSE73661","discovery",1,"UC",0.293672709540465,1.44510343073326,2.66487096626598,0.885916816324664,0.84085119963242,2.33522382075236,2.30338961358773,0.23925774296176,0.180673912396865,-1.36434690388707,0.241006323331098,0.428610058911212,0.653120847228349,0.907387164007086,1.58241376321684,1.65146096288367,-0.91886938669878,0.264446852366281,0.887060719489898,0.725399427784389,-0.395153627783307,1.36121979913955,0.480677769898619,1.00522726215592
"GSM1900181","GSE73661","discovery",1,"UC",0.474619038773857,1.50514854610131,2.94156740785653,0.832741102983632,0.777844813941188,2.5417799417233,2.06939607994731,0.132202151687119,0.204116479191386,-1.50562813508184,0.0339069830695112,0.938840401013898,0.871150081483056,0.777217954554048,1.65448828050088,1.00190515564264,-0.466682504696333,0.526794339699936,1.03854978217612,1.14535029632935,-0.422523086553776,1.72053191281666,0.411740164048486,0.892107749136512
"GSM1900184","GSE73661","discovery",1,"UC",0.114616337222,0.704856459240525,2.79206922518179,0.824902429264149,1.10691598830897,2.79976472871248,2.21979726979385,0.354722772491534,0.418305227700486,-1.42137968914789,-0.39615573797688,0.706837797313709,0.0617396316237055,0.969766967105672,1.61625958513646,1.72121085199648,-0.612365823150275,-0.513004398372364,0.471337308992718,0.18868605900738,-0.566427954666966,1.67235310532547,0.977457768617888,1.01035997015227
"GSM1900185","GSE73661","discovery",1,"UC",0.397826806703568,1.39026457103182,2.84980420913676,0.733055897056049,1.88297134504334,2.71060993508417,2.09365393235096,0.542115770251793,0.786863671437111,-1.53959178535875,-0.389482457285852,0.357026337724088,-0.0702526033625274,0.920519602883051,1.72804429424576,1.65146096288367,-1.15582907405981,-0.681096821788605,0.861037302721981,1.14982574326151,-0.216590591801772,1.78055854934236,1.3785868244445,0.853899253359741
"GSM1900186","GSE73661","discovery",1,"UC",0.3682423367162,1.07251814362148,2.79206922518179,0.93500766362876,0.625834820294105,2.67029079132814,2.10768167339755,0.0897752655122758,0.162805476968434,-1.45038892970089,0.0142865682608524,1.01164731165788,0.287228776932645,0.634121960143932,1.58241376321684,1.45260322736375,-0.967298271348479,0.321687479552913,0.460663495120051,0.25358633189113,-0.382660295340646,1.71849983966682,0.348643792124273,1.07968286734042
"GSM1900192","GSE73661","discovery",1,"UC",0.605858454834727,1.59606433636864,2.77715677376164,0.928570874289237,0.672358470609659,2.40150495256573,2.09921553567452,0.32022401280704,0.582274188487749,-1.26746027896721,0.254383865983763,-0.128463874345182,0.831867617006856,0.809375056189129,1.42095570704843,1.23801190898012,-0.909954358713029,0.138280818750223,1.12243881481444,1.91967996528134,-0.167032567267792,1.20607636558101,0.353407294908819,1.07416664818714
"GSM1900195","GSE73661","discovery",1,"UC",-0.0124330729995429,1.39351959638912,2.48375241460822,0.632800649763381,2.02424292182055,2.68703812250106,2.14777842584197,0.50614600171478,1.07912976745594,-1.45083122033823,-0.679928713649529,-0.276140798113431,-0.0938077682213213,1.4825242252517,1.45794680371215,1.34730982761694,-0.969025738294214,-0.300290422974338,0.32868917844642,0.333910203788422,-0.701099516768993,2.11341083690886,1.90715662772681,0.488667639173149
"GSM1900202","GSE73661","discovery",1,"UC",0.446114582960509,1.31180130583882,2.85888070361339,0.698534670273055,0.979701433766667,2.62897018484593,2.09365393235096,0.27181132357461,0.09194642754419,-1.53455906212587,0.157330230514205,0.593840784948982,0.840631281500811,0.734673260554954,1.80679130848781,1.54670378976168,-0.737305583897101,0.909020140235793,0.90459339089771,1.46785292571971,-0.190101210778286,1.65631197427406,0.457917509681286,0.581908275811233
"GSM1900204","GSE73661","discovery",1,"UC",0.549824247236742,0.70981501942158,2.83232591688852,0.951393209937851,0.786232376211502,2.65426050114931,2.12213685013658,0.0812496984749209,0.00671837031516665,-1.47928761051646,-0.234333840333546,0.713993734782181,0.81970469443731,0.346183018918609,1.73774881521672,1.88388137705042,-0.989733544276759,0.0762921245133053,0.973977369790002,0.716986178869627,-0.322826207821456,1.35966122619893,-0.326244912361907,1.10151726208008
"GSM1900206","GSE73661","discovery",1,"UC",0.122237373049767,0.684411522611159,2.76283745860824,0.480504419264229,1.49091905468734,2.95346041961067,2.15245322016886,0.534439372585831,0.648730431487243,-1.39148347815748,-0.716187566903892,0.10467227866557,-0.0227824802698574,1.06024609516698,1.49044991407554,1.60608008267143,-0.84901698303721,-0.777217954554048,0.129398273349571,-0.0958245876512769,-0.623207018055706,1.78433988149857,0.842832296254536,0.826857332249527
"GSM1900208","GSE73661","discovery",1,"UC",0.638281882778618,0.878168791221939,2.70457481484426,0.958459356340982,1.01061730446664,2.60068593925342,2.22344103660926,0.238780984565211,0.484842536429564,-1.60049596494649,-0.856125206623276,0.587221675437851,0.945581091864082,0.735887545383033,1.79506557201487,1.96234152554376,-1.12012209210098,0.063751361879966,0.662516642587724,-0.810018123247704,-0.250079090001295,1.45660700773531,0.803389147047007,1.13088789293217
"GSM1900210","GSE73661","discovery",1,"UC",0.297867797805845,0.994533855649795,2.74236697357706,0.988474090336538,1.54466380879938,2.52272019985624,2.40150495256573,0.412749012422314,0.782241422835871,-1.30598152133799,-0.401841918955726,0.450725630307618,0.665597327463903,0.991246964434506,1.37539825444399,1.34311115905699,-0.987970747568139,-0.525375412061177,0.793828751057606,0.882036184973614,-0.634499680726694,1.64306403160777,1.2803237449564,1.04572720336055
"GSM1900213","GSE73661","discovery",1,"UC",0.159206918315783,1.48021077590692,2.7293322739111,1.00471544710919,0.880214595056193,2.40706446636187,2.05642862028133,0.375690154517103,0.397993974616033,-1.40668974312657,-0.0591092831406173,0.266046590989611,0.746865432736515,1.1155065925627,1.37222360708712,1.20735584508934,-0.927620545878341,0.145457119633542,0.847910197047779,1.54263023580988,-0.555041467798836,1.41211046845288,0.666947114297719,0.798281188336453
"GSM1900214","GSE73661","discovery",1,"UC",0.217855641866349,1.32654862318883,2.86819901439081,0.649302383947199,1.38259235259636,2.4639901774655,2.27168801726818,0.390149000489185,0.186014022812161,-1.5143205967277,-0.368738218356838,0.551621591570662,0.355051737733308,1.2602517542693,1.52559688016185,1.47103527532591,-0.826205347120985,-0.702284848420574,0.619273360488714,0.715189943793001,-0.661747453959043,1.7461992212224,0.544621949858978,0.508605235120032
"GSM1900215","GSE73661","discovery",1,"UC",0.85545697562462,1.65448828050088,2.66487096626598,0.642073237619413,0.949937172325322,2.18995613316413,2.02544262129868,0.0145954887375614,0.260610230831647,-1.15312243203964,-0.358672901437386,0.730633440273639,1.10208403682183,0.63941832369994,1.48021077590692,1.33893603534803,-0.66021024982333,-0.145457119633542,1.42137968914789,1.31656280734623,0.24466483512738,1.4025479095905,0.136565815237689,1.04546041234573
"GSM1900217","GSE73661","discovery",1,"UC",0.261089597632012,1.3132632130825,2.84095658635867,0.829904590070462,0.69833756480888,2.80762969696212,1.96340178068809,0.32315163559298,0.24148333657822,-1.5791811325494,0.140464139549182,0.636767909134838,0.456374410234098,0.864398403457453,1.55028932350342,1.6717281424021,-0.700507220237411,-0.289965975576651,0.597898623274403,0.790658051284621,-0.423029733637853,1.53455906212587,0.00332055495636558,1.13147356764009
"GSM1900227","GSE73661","discovery",1,"UC",0.29770635176045,1.30417188199615,2.68137176249543,0.944856821930096,0.616095977396518,2.77715677376164,2.28830901779779,0.515472267802621,0.377348044433509,-1.51044318682357,-0.925485363758801,0.295285589423635,0.0173758392470831,1.23337243228346,1.84354458819025,1.75190286756838,-1.00984550214056,-0.768888786931209,0.668684342267688,0.247211816692118,-0.172359828278885,1.09981905710828,0.29706064512226,0.964589497064981
"GSM1900230","GSE73661","discovery",1,"UC",0.605301876237336,1.63126574737059,2.71060993508417,1.31619547777842,0.985708795693192,2.54570502098725,2.09642662835839,0.207902636200486,0.0458087014338443,-1.61683004395253,-0.631668976747886,0.109021472786698,0.691259717947376,0.189472207602794,1.82608580362162,1.80600183467896,-1.17470962898519,0.714392357527055,1.11435642500508,1.18742877971421,0.102808949052268,0.622644477645949,0.491628302351085,1.15282221519803
"GSM1900233","GSE73661","discovery",1,"UC",-0.536221756499787,1.53858212035304,2.64394069863729,1.07361682247615,2.4704708783693,2.35453488853214,2.12953400294914,0.895792634662701,1.76202359429351,-1.44774112461821,-0.345363227537899,-0.0450356837264198,-0.768473730266317,1.62602980609898,1.39311191057326,0.885231030540835,-0.775547820435815,-1.13323292485167,-0.0894651342900828,-1.78206802544669,-1.62718949724875,2.6241083031553,2.35701154564882,0.498087069407674
"GSM1900236","GSE73661","discovery",1,"UC",0.712201334176856,1.98287501185642,2.70457481484426,1.36866858059726,0.0371523590450062,2.04131061102042,2.2778473400748,0.215958196855166,0.050138119620935,-1.32431812875278,0.748090748278849,0.815174776908291,1.21733956627221,-0.262368202792532,1.73149149512543,1.54823801020375,-1.08495387980859,1.12359943845002,1.27822338879009,1.62602980609898,0.195608226697904,0.688125110651544,-0.349464518497707,1.46876065118696
"GSM1900239","GSE73661","discovery",1,"UC",0.0399344200675309,0.963114962799213,2.85888070361339,0.708821914115181,0.661170819340874,2.65426050114931,2.20200694014514,0.266206602237867,0.0183026515388011,-1.76421596768874,-0.630914977337393,0.832304280616536,0.325104922436448,0.812378907843656,1.75405650432837,1.53757402138194,-1.03775559019869,-0.792982451802052,0.37535870055814,-0.0821794622717552,-0.289482783216162,1.33403169654562,0.523426111505683,1.01526081963072
"GSM1900241","GSE73661","discovery",1,"UC",0.135786401254145,0.86731927592892,2.67029079132814,0.927620545878341,1.19780743992779,2.71674542818236,2.14315010247457,0.676235805687639,0.590711869681709,-1.47149111452554,-0.791925375719348,-0.264446852366281,-0.0264902666293695,1.28913664629552,1.6021659583609,1.69790565421972,-1.1537231777233,-0.711007670695119,0.443897833455429,0.249282419947723,-0.493720778324273,1.29805082501378,0.791502793001432,1.07114661297546
"GSM1900244","GSE73661","discovery",1,"UC",0.0309709991500764,1.22026089500275,2.77715677376164,0.83997177089599,1.42010850830147,2.79976472871248,2.05515072741445,0.413085388536831,0.410395684244938,-1.7287320922971,-0.638471232322628,0.602521788998309,0.277103604035355,1.62660937822386,1.60160879750043,1.20607636558101,-0.534795713384881,-0.681876077069648,0.322175454791028,0.23957561210153,-0.715389411448014,1.75766408227885,1.06459112412648,0.695974410834247
"GSM1900246","GSE73661","discovery",1,"UC",0.0496742098654072,0.929284171296415,2.79976472871248,0.979701433766667,0.821867718575896,2.36452952524348,2.32588576346401,0.336033839979036,0.307730877054921,-1.30128531083214,0.177064413395927,0.863501156255687,0.796795287882426,-0.0144410283269401,1.8147486919023,1.15192218748647,-0.920047856892843,-0.430303697028354,0.786653204862227,1.21507458379405,-0.322338130247565,1.64784804517294,0.374695916290844,0.909954358713029
"GSM1900248","GSE73661","discovery",1,"UC",-0.142024063845639,1.65206521592701,2.69863662333048,0.513885420907391,1.12330914067688,2.33522382075236,2.10484283905728,0.556844010902087,0.621707347847014,-1.68307885380976,-1.03247761503317,0.193090007667157,-0.1795751221816,1.98730617201289,0.983201416201468,1.15522686657129,-0.999611698282548,-0.855679676835526,0.17675065358718,0.561358313063595,-0.854344105311888,1.36434690388707,1.12854906352602,0.393317455040664
"GSM1900251","GSE73661","discovery",1,"UC",-0.358343511034518,1.54721479198408,2.99188099299761,0.815605476198063,1.29055603067998,2.52272019985624,2.04131061102042,0.925485363758801,1.09868868030018,-1.60664125593741,-1.01551943476429,-0.685778586042858,-0.815174776908291,2.05515072741445,1.12476157760418,1.20161365865901,-0.793193973352743,-0.638660604760675,0.0237093955059942,0.161553567631245,-0.623394575350907,1.54263023580988,1.37341247803951,0.31372795777155
"GSM1900254","GSE73661","discovery",1,"UC",0.683826029757814,1.52510256252341,2.68137176249543,0.750340082760165,1.11263393254286,2.40987236286234,1.82854597380808,0.511243546304258,0.284493728593846,-1.48810911694905,-0.222919351760636,0.192617978367323,0.379006972178378,1.17717647304699,1.7745608574784,1.86596977328545,-1.16096485484584,0.168285608449438,0.744214420533929,0.572603596757427,-0.0622038545942383,1.09333845452601,0.668877492132486,0.733257962570405
"GSM1900257","GSE73661","discovery",1,"UC",0.242596581407187,0.902038620444142,2.79206922518179,0.658866474888394,1.90810938881518,2.69279209331882,2.44822667555401,0.388649521509748,0.778890259423188,-1.59496131309448,-0.707829507398611,1.05997519517478,-0.00455611767906164,1.06731700391939,1.64545133100926,1.44072948578991,-0.989481527926228,-0.591263610267194,0.55828734891693,0.519003254171196,-0.326733609206208,1.87664437239233,1.61455135698836,0.646635084830536
"GSM1900260","GSE73661","discovery",1,"UC",0.441342752435823,1.39678945369328,2.84095658635867,0.686364862783895,0.533192713638225,2.30338961358773,1.99065533438729,0.261569024436328,0.100635515102006,-1.37978615925189,0.172516585759136,0.658674604181536,0.998594069905588,1.0548427976997,1.57276492799139,1.29162227768484,-0.631291932180263,0.73690027885253,0.920755552714976,1.61740102940852,-0.205851434676243,1.18213177149361,0.194978556263794,0.83755668413772
"GSM1900263","GSE73661","discovery",1,"UC",0.224027796135754,0.529990814489172,2.81567227086083,1.34539840146228,1.00241552887538,2.60988368482747,2.3055873102049,0.402176803349269,0.328200168573156,-1.4112738091604,0.348315567350768,0.929997941430215,0.403181727384219,0.920047856892843,1.42563363538945,1.74549024690265,-1.1591487346649,0.788759441857512,0.852565710139804,0.275819919726498,-1.16521743000082,1.5679949251718,0.307083210263809,1.01164731165788
"GSM1900265","GSE73661","discovery",1,"UC",-0.0845041843744066,1.04626100880967,2.91895982855352,0.93500766362876,0.969025738294214,2.83232591688852,2.18657073693579,0.375192989043735,0.158581293737409,-1.44160206983538,0.310646980028401,1.30344922075016,0.744214420533929,0.908319996696923,1.74833142718726,1.57170183437309,0.028189787351702,-0.376021649755177,0.613670405497673,0.372874106931194,-0.445943986055524,1.99515591050528,0.524666344886032,1.15162238552465
"GSM1900268","GSE73661","discovery",1,"UC",0.34470756153373,0.827292184335758,2.78453560040802,0.986462218851971,1.25684202770995,2.72298492828675,2.24211734488165,0.31421469953658,0.464100871341284,-1.67485951188934,0.228781409079479,0.806378489934115,0.79998152147904,0.784130317530076,1.70513067663225,1.73287615505931,-0.573877760128732,-0.296576446425585,0.868669869163071,0.93238060499644,-0.183657446853112,1.60776512280009,1.29126669889338,1.04412757195073
"GSM1900271","GSE73661","discovery",1,"UC",-0.0144410283269401,0.894409379488792,2.56594254002168,0.903431400633122,1.30344922075016,2.5618103629024,1.99969726552907,0.550722697018629,0.334236818809137,-1.63360725638342,-0.587405191274325,0.118192702143199,0.0388524719040411,1.43292512571558,1.70447017166848,1.7091094150306,-1.08662468520437,-0.460835234384137,0.725399427784389,1.14386356859941,-0.584104923195353,1.26608215087915,0.933573923828488,0.969766967105672
"GSM1900274","GSE73661","discovery",1,"UC",0.0775313374680025,1.78282428869696,2.38792214078402,0.69833756480888,1.97630040284997,2.54570502098725,1.79506557201487,0.993268396792718,1.04866683178316,-1.51141041018864,-0.725801337538866,-0.374033296580241,-0.651401363522773,1.73774881521672,1.30598152133799,1.50803129054495,-0.999611698282548,-0.673520607506994,0.292382955657134,-0.32022401280704,-0.988222387656084,1.892142736858,1.85205969045194,0.517060413763336
"GSM1900277","GSE73661","discovery",1,"UC",0.139372396103073,0.874767260425041,2.30779619925953,0.630161336441109,1.14000985964038,2.69863662333048,2.00083907397793,0.574424115363504,0.542115770251793,-1.76568227446564,-1.10777137165401,0.511595589753144,-0.0297348767202514,1.36200032710661,1.51480687647695,1.85120212212039,-0.832522671942984,-0.994280636500582,0.158424897300287,-0.218804658155331,-1.12738196054282,1.36005055975629,0.92738309465089,1.2144285897321
"GSM1900280","GSE73661","discovery",1,"UC",0.489363879580538,1.07389169475084,2.79976472871248,0.771797902361069,1.19907424965328,2.50810625843815,2.10626013444086,0.301906485228798,0.098152171952832,-1.60439959048054,-0.409555761082693,0.550902440310106,0.784760570988353,1.20193162997363,1.55389489936876,1.36356387722785,-0.972737226062477,-0.3388131927813,0.994787138584522,1.04067083689965,-0.746457243373745,1.35191744810465,0.331461723479262,1.06431897104585
"GSM1900283","GSE73661","discovery",1,"UC",-0.624145023970829,1.36827464410784,2.81567227086083,0.666368485572037,2.40427542053872,2.50453507872895,2.13252577900493,0.965573686145682,1.52857064430479,-1.53405792303367,-0.32950436966613,-0.878395921185366,-1.08273083945484,1.76129468168712,1.10038477284499,0.617403556588256,-0.73386433884425,-0.994787138584522,-0.450041909555302,-0.790658051284621,-1.15975368306109,2.44208797132066,2.27168801726818,0.0648347076055309
"GSM1900285","GSE73661","discovery",1,"UC",-0.0992385591977038,1.36395528602209,2.65952830781904,0.558828900497604,1.89678876632861,2.61930766962476,2.08679175886633,0.585570921504356,1.06950343126283,-1.58403629867663,-0.73690027885253,-0.46599376566463,-0.287389728860404,1.78055854934236,1.48670854336547,1.53355716890947,-0.781402809519546,-0.491454026605459,0.3388131927813,-0.0434897285791371,-0.307568948265676,2.12360700750584,2.01474864910065,0.252470054956302
"GSM1900288","GSE73661","discovery",1,"UC",0.770550340157676,1.78433988149857,2.79206922518179,1.38420079209343,-0.0201563240846544,1.57810724745721,1.98953646595844,0.322175454791028,0.132357952980941,-1.32766634949808,0.939560575482701,0.783290463761779,1.1370569491423,0.289160692527022,1.79894671309478,1.5290675878168,-1.01474379296458,1.16430439090933,1.60272361702333,2.07868476753283,0.0371523590450062,0.279672345457092,-0.163118494099086,1.40420175290491
"GSM1900291","GSE73661","discovery",1,"UC",0.255022009752577,0.417799585838769,2.9657864519094,0.941724028840534,0.586854703077538,2.60525726243914,2.09089723920417,0.334236818809137,0.398997215883518,-1.37659232834685,-0.544263715067376,1.46423406293052,-0.0209287077214308,0.383990041210296,1.66243108294506,1.66058881600217,-0.613297561194869,-0.342741451061297,0.645112978100435,-0.138436748254295,-0.581176684065091,1.72257111553696,0.288194600276292,1.13853216343667
"GSM1900294","GSE73661","discovery",1,"UC",0.137813050394796,1.02565894571435,2.85888070361339,0.411908276317777,0.77408822569757,2.55772147078162,2.15717553237224,0.315026101334015,0.419991474132102,-1.5143205967277,-1.20895797922803,-0.172830113441766,-0.244505701637592,1.68947968583253,1.46604109438593,1.61512024280446,-0.305626430370897,-1.03353090694222,0.527149237282469,0.823600910254779,-0.198757747729129,1.12709042464505,0.450896593410554,0.625083579364963
"GSM1900297","GSE73661","discovery",1,"UC",-0.117570618318168,1.36473873110637,2.70457481484426,0.62564697696348,1.65025426252748,2.50810625843815,2.24594810520051,0.620021888327084,0.428610058911212,-1.48998110127203,-0.455003678091328,0.676041697778459,-0.215642031782243,1.84354458819025,1.57223315907129,1.53155798779554,-0.837776035512794,-0.850124810030019,0.303361615592118,-0.0130508996929753,-1.09277709180596,1.49374081391552,1.23238170665541,0.496164736274128
"GSM1900299","GSE73661","discovery",1,"UC",0.43947085681398,1.4050301168008,2.82390120221793,0.820353198625263,0.617403556588256,2.6388845698073,2.14161747900386,0.525552720121579,0.25629860919075,-1.47928761051646,-0.639039418368205,-0.063132340852643,0.494593281201803,1.47652565140912,1.68117198576866,1.62026389701652,-1.03168839718976,-0.15670479135542,0.549644610550254,0.873409479250415,-0.393150596076262,0.901342886147054,0.536756803771681,1.22058613039489
"GSM1900302","GSE73661","discovery",1,"UC",0.649683803613068,1.46108321381931,3.08532890141916,0.852787862017556,0.613111171012929,2.07601254092229,1.97412772798816,0.328037182726891,0.105759388378868,-1.34961005630603,0.251354092529358,0.640745216117474,1.23172189434172,1.0388146584452,1.53205720919123,1.03247761503317,-0.529280019785899,0.356697141247525,1.16278481232382,1.71714905642806,0.0198473740226568,1.36630813921916,0.0297348767202513,0.898795584070709
"GSM1900305","GSE73661","discovery",1,"UC",0.706441307899293,1.82200991516159,2.24594810520051,1.52757788818152,0.0420984579145819,1.80207125255463,1.97957701137809,0.376684764255571,0.161553567631245,-1.17317147461556,0.785811686753931,-0.227988784061999,1.2616197558244,0.971746187187024,1.38058681971017,1.30706936100174,-1.09699574251032,1.62602980609898,1.24737168279292,1.80916651117598,0.22640396310509,0.418642381693227,-0.197182742719517,1.73356973276159
"GSM1900307","GSE73661","discovery",1,"UC",0.375690154517103,1.23436436999406,2.95346041961067,0.990489970773316,0.471337308992718,2.35207259006497,2.4126993890336,0.331298562252826,0.136565815237689,-1.3465446667495,-0.0626680909702741,0.376684764255571,0.702087224655547,1.10435468453185,1.78814690049452,1.49279890648237,-1.07885334127259,0.487623722409131,1.05161555021995,0.867094330856211,0.0725751808347225,1.00856049996485,0.37801149066375,1.02696652031764
"GSM1900310","GSE73661","discovery",1,"UC",-0.0363796162656619,1.25344685120185,2.73579152367196,0.596975524821837,0.798918542570244,2.70457481484426,2.07868476753283,0.498611661384246,0.614043335128091,-1.52312900894976,-0.380500899344289,-0.0329797998759168,0.324453689360073,1.28067435384866,1.39148347815748,1.48021077590692,-0.67507153998002,-0.404019475175605,0.2726126914056,0.563348230479692,-0.769927008624217,1.39925168293278,0.848795542665112,0.933573923828488
"GSM1900313","GSE73661","discovery",1,"UC",0.69165202123139,1.83849899762043,2.61456665235439,1.28348491053607,-0.0153677960877074,2.16838521038473,2.17656221349775,0.139372396103073,0.12472739139417,-1.36044009958019,0.289160692527022,-0.0201563240846544,0.974722175550522,1.19056029210201,1.70447017166848,1.66427900943417,-1.14803280490049,0.298190713194328,1.30308814525768,1.33780140738075,0.0910158770537066,0.471682514672807,-0.0145954887375614,1.18027013783841
"GSM1900314","GSE73661","discovery",1,"UC",0.0363796162656618,1.62835138091769,2.84980420913676,0.741975335049279,0.966558811398182,2.33052938990055,2.07203178700132,0.751363763180379,0.339958392108953,-1.52857064430479,-1.03802024811144,-0.157642973158639,0.388482966724692,1.72804429424576,1.49468404844769,1.50371185238418,-1.1303026058789,-0.665019218554117,0.349628692006051,0.223869430117947,-0.569876370360386,0.994787138584522,0.752183274749894,0.556663675249237
"GSM1900315","GSE73661","discovery",1,"UC",-0.0295803646498461,1.31582832572038,2.84095658635867,0.679734119168477,1.13176655058791,2.5340452858987,2.10061613485425,0.606415221178116,0.802749507443921,-1.42819843672579,-0.10979832927313,0.551801423956181,0.689495667639768,1.91676319916037,1.56064507626263,1.50610807061554,-0.795946991316399,-0.141088068039766,0.789813873395896,1.51334911006312,-0.601226008208108,1.61683004395253,0.803389147047007,0.553960807318173
"GSM1900316","GSE73661","discovery",1,"UC",0.279511745218432,1.56588632836224,2.41554583022419,1.21378310206411,0.882036184973614,2.13553676538177,2.19508177088321,0.455003678091328,0.438790549454991,-1.36434690388707,0.383657541174919,-0.040088987877555,0.927145695700648,1.27056990083313,1.54977588361949,1.37699078946504,-0.993268396792718,1.29769227516189,1.04067083689965,1.21475152339733,-0.283689708372243,1.12505234984067,0.674489750196082,1.03749100495433
"GSM1900317","GSE73661","discovery",1,"UC",0.496164736274128,1.57810724745721,2.6388845698073,1.0752672749244,0.629972982144792,2.19165828767776,2.22344103660926,0.351106678325359,0.141244058735132,-1.31436148817375,0.319736343081226,0.845478915923175,0.555401831987481,0.56045453992496,1.51529351469363,1.30200593681953,-1.13705694914229,0.0592639980239817,1.11435642500508,0.985457778951002,-0.325104922436448,1.13558420523439,-0.000540554490971166,1.20384201519235
"GSM1900318","GSE73661","discovery",1,"UC",0.49040868528599,1.04412757195073,2.65952830781904,1.15132268703632,1.49752176062427,2.13402885379755,2.17163860365495,0.207744820518446,0.610317867688216,-1.51529351469363,0.604560062973643,0.667718966820463,1.09643212810652,0.562262544955853,1.66427900943417,1.27264982686736,-0.886603019010419,0.880897348724723,1.1855554483397,0.822734005483479,-0.233540197417408,1.52807407799117,1.17965050148269,1.01992632993874
"GSM1900319","GSE73661","discovery",1,"UC",0.802536367220771,2.09921553567452,0.665597327463903,1.41799495874858,0.587955857534362,1.48951261571612,2.08137192058283,0.252788959062191,-0.0623585985584378,-1.04866683178316,1.00804696515339,-0.65714051026265,1.37420613838685,0.627526405526671,1.2510787978223,0.827074738743042,-0.912059259773027,2.13402885379755,1.57223315907129,2.2125969325899,-0.0637513618799658,0.395988692008987,0.348315567350768,1.51578051202205
"GSM1900320","GSE73661","discovery",1,"UC",-0.87386189396517,1.50084774001221,-0.255022009752577,0.833396634639602,2.65426050114931,2.44514580575386,1.83184351418,1.37182774746673,1.74407492457667,-1.52658663530609,-0.547849217573766,-1.86071123712324,-1.12418031824193,1.96022760906258,0.758551718364788,-0.799131066108462,-0.77304666695786,-0.941002388358864,-1.25276954756218,-1.64425650994083,-1.89399624476746,2.51901601914741,2.04131061102042,-0.593104047518399
"GSM1900321","GSE73661","discovery",1,"UC",0.105293468986297,1.29984608260166,2.83232591688852,0.512475975965073,1.72598579011634,2.22344103660926,2.0327027514678,0.749521704233172,0.460320057342387,-1.39719923721507,-0.604930927994791,0.656182486553178,-0.52183270758941,1.73774881521672,1.40960344784397,1.43335641482649,-1.04920228389738,-0.454661128694134,0.421172557309712,0.0776862474201149,-0.984705101005028,1.31582832572038,0.758963641275766,1.17563385719239
"GSM1900322","GSE73661","discovery",1,"UC",-0.088844897629318,1.42606045109545,2.55367489926277,0.548028677328767,1.94260354001113,2.71060993508417,2.12508176914098,0.595684040814511,0.859919095796135,-1.63595775633135,-0.880669718555378,0.128931059776138,-0.289965975576651,1.69012358824738,1.58566301505483,1.46921496810558,-0.876806961573561,-0.823817733168511,0.0393161583311473,-0.457574504580341,-0.995040485353162,1.79894671309478,1.53205720919123,0.697549414071795
"GSM1900323","GSE73661","discovery",1,"UC",0.0642156436693445,1.34045155922411,2.91895982855352,1.09727768043228,1.05997519517478,2.69279209331882,2.3595027452305,0.391816117883122,0.405025147006109,-1.26093546007807,-0.217855641866349,0.235921569602466,0.498261918162963,0.939080405052372,1.74125471507122,1.55752079008087,-0.850346500641091,-0.0600375937943571,0.709417693342632,1.05242133454345,-0.688712333798333,1.63243538311537,0.277745617332115,1.20831675337163
"GSM1900324","GSE73661","discovery",1,"UC",0.053540460682061,1.54060302230465,2.74236697357706,0.54086395714836,1.52559688016185,2.59170308208882,1.93753301399459,0.591631537334245,0.67681828236609,-1.54619319110072,-1.06568052585102,0.0275717706536456,-0.119903669266775,1.72393457386871,1.60160879750043,1.61969026088589,-1.19433358626245,-0.70149451779712,0.169695595783319,0.155923078569956,-0.609201879583268,1.35191744810465,1.35153238295141,0.788548660782071
"GSM1900325","GSE73661","discovery",1,"UC",0.267807090380375,1.06704405912029,2.71674542818236,0.938840401013898,0.528569492389774,2.50453507872895,1.99628739383041,0.469784577539532,0.169538913914206,-1.45038892970089,0.308702619424489,-0.0169124387479889,0.613483972686,1.37064145655859,1.86508976351603,1.82119835933131,-1.05134710713358,0.164057641519019,1.03934462975026,1.06459112412648,-0.10467227866557,1.02357046612487,0.452606950500799,1.07554263520152
"GSM1426090","GSE75214","discovery",1,"UC",0.529457693379795,1.40172242458654,2.74236697357706,0.73224793409347,1.1636962370116,2.50453507872895,1.78131278005043,0.384821477156377,0.399833557108008,-1.4539352320431,-0.238939897994944,0.121614987469654,0.704658477664467,1.5982762270263,1.42734245946974,1.78967699131389,-1.02958695116785,-0.754644847030403,0.646064119419718,0.910421765885362,-0.529635383689133,1.44862259810807,0.462209638456095,1.06323114615023
"GSM1426091","GSE75214","discovery",1,"UC",0.618151218776934,1.59994029114215,2.76283745860824,1.14089767350251,0.631103443549251,1.97088608620743,1.82526819757015,0.334236818809137,0.115549158806789,-1.36513076796418,0.767644013813757,0.389982348449028,1.06595307396286,0.67177774260495,1.36630813921916,1.34311115905699,-0.608644170007951,0.497562614467245,1.28559950032098,1.69141349939445,-0.433694685507176,1.48298786839431,-0.155923078569956,1.06922984829401
"GSM1426092","GSE75214","discovery",1,"UC",0.53265868491394,1.64425650994083,2.73579152367196,1.1725569894066,0.448504306155469,1.52165272763803,1.73914861068368,0.308378672956349,0.102808949052268,-0.98370239733263,1.05295890393568,0.720385396713696,0.858355409980086,0.208533950752852,1.19812396211448,0.770758183872693,-0.520240627473194,1.07389169475084,1.52214445286411,1.95498080609674,-0.476002348365537,1.13235280811906,-0.40100490499869,1.18462034096343
"GSM1426093","GSE75214","discovery",1,"UC",0.124260454510078,0.886374238408167,2.9657864519094,0.884545660830528,0.454489874002214,2.56594254002168,2.23643218206009,0.456717227193061,0.171576104325051,-1.46785292571971,-0.191202147497971,0.700704625100208,0.517590085492036,1.04359495485112,1.62835138091769,1.73287615505931,-0.882948078267244,-0.518296540448867,0.629031545630432,0.923827579192376,-0.261888675703249,1.22156261209502,0.115704638824752,0.770342529724341
"GSM1426094","GSE75214","discovery",1,"UC",-1.04759682854499,1.68691105550851,0.526262117689221,0.742789117026549,2.25567185993958,2.26762917994187,1.75477619446193,1.05538174110199,1.42691486274032,-1.52708207418334,-1.02174670196652,-1.70711666780081,-1.10520764689594,2.39601868860876,0.95431135327153,-0.313403504556888,-0.69538422964798,-0.973729221241836,-0.551441777022645,-0.261409208826721,-1.69921270834314,2.14623053862588,1.83766260104447,-0.576611254233287
"GSM1426095","GSE75214","discovery",1,"UC",-0.50088648208913,1.58729393828066,2.32358262965647,0.718384851393516,1.3785868244445,2.57011900046511,1.78282428869696,0.836679681300693,0.813023544198325,-1.47194725969066,-0.943409766911867,-0.8541216582077,-0.125038697752587,2.04255273080313,1.36985166630536,1.04199887693809,-0.968285041502987,-0.249919743308577,0.0258722783219803,-0.40905194587453,-1.40337435143444,1.64844870510533,1.30706936100174,0.286263221445989
"GSM1426096","GSE75214","discovery",1,"UC",0.267647010760055,0.870022048801848,2.60525726243914,1.09699574251032,1.83849899762043,2.77715677376164,2.43603993722786,0.623019482680955,1.27473527312355,-1.44774112461821,-0.231794699917269,0.0818695331523336,0.241165321648304,1.07334203129439,1.61058370978165,1.38500635646573,-1.07857699750139,-0.206640255373778,0.619460459905525,0.478598513532174,-0.642073237619413,2.06157406190177,1.70052267184946,1.07059856454486
"GSM1426097","GSE75214","discovery",1,"UC",-0.133760309677034,1.23238170665541,2.71674542818236,1.01733164592553,1.54466380879938,2.45761133947537,1.96766502361827,0.370061013187687,0.807233911943469,-1.57810724745721,0.213271478391582,0.359661306345286,0.707631109713637,1.2153977710555,1.48438071403958,1.66985716078635,-0.873183338919409,0.0648347076055309,0.412580841879099,0.642263047395692,-0.742789117026549,1.86950434124874,1.49515616480824,0.921936071659984
"GSM1426098","GSE75214","discovery",1,"UC",-0.245460595606653,0.794040414714833,2.77715677376164,0.859248687477471,1.73635241648312,2.91895982855352,2.16838521038473,0.762470202430314,1.1855554483397,-1.42563363538945,-0.615349262103647,0.538719960635739,-0.307407027540774,1.58187384271007,1.49279890648237,1.64068605979205,-0.620770763721308,-1.01164731165788,-0.215800111622272,-0.610317867688216,-1.57864396243603,2.04755298521573,1.35927209863083,0.800619742899004
"GSM1426099","GSE75214","discovery",1,"UC",0.367416068424758,0.837118102237208,2.28200207925444,0.566609282042849,1.54670378976168,2.84980420913676,1.81155196451469,0.38631873294974,0.36939953497598,-1.43551687037002,-0.870022048801848,0.00115833125469856,0.169225562657717,1.09981905710828,1.69076819216848,1.83101726120135,-1.15042421143003,-0.563710273202543,0.555401831987481,0.610876146823702,-0.551621591570663,1.29554447080162,0.954067864376544,1.28524666950017
"GSM1426100","GSE75214","discovery",1,"UC",-0.291899423430466,0.756288438332085,2.57011900046511,0.350942419801991,1.62198801209172,2.85888070361339,2.22344103660926,0.826639964830883,0.768473730266317,-1.49942028897126,-0.809803730353489,-0.117415104480187,-0.22434454503205,1.87217067710831,1.21056322258617,1.00753369604455,-0.693811595716779,-0.218171958786778,0.089155011672531,-0.116015607255833,-1.22123698880382,1.72053191281666,1.53556249808995,0.555041467798836
"GSM1426101","GSE75214","discovery",1,"UC",-0.238939897994944,1.24703552158153,2.61930766962476,0.384156307146732,2.02544262129868,3.00573306817502,1.89492544410046,0.977955935415504,0.96237848039395,-1.52857064430479,-1.05619073146484,-0.321850129448899,-1.21346054779591,1.55441163355861,1.18961961329315,1.55752079008087,-1.05997519517478,-0.848795542665112,-0.513885420907391,-1.13764673777017,-0.984705101005028,1.86508976351603,1.46513698063282,0.499836243462257
"GSM1426102","GSE75214","discovery",1,"UC",0.473582152408564,1.51529351469363,2.9657864519094,0.82165124321088,0.780145918847547,2.55772147078162,2.05642862028133,0.126284044679265,0.206955819631066,-1.49704797099468,0.0249453143133849,0.944374250540323,0.869120419136207,0.782451162127716,1.66366240256373,1.0088173671374,-0.473582152408564,0.509132613626332,1.01551943476429,1.14892881240865,-0.455688937138083,1.74195846927276,0.439640965426655,0.915106826755469
"GSM1426103","GSE75214","discovery",1,"UC",0.114460876675699,0.705846781909172,2.82390120221793,0.818624619475613,1.1303026058789,2.80762969696212,2.21979726979385,0.330809131467635,0.410563703606676,-1.42095570704843,-0.41443136097243,0.709219072297073,0.0254087935885801,0.969025738294214,1.6179725426642,1.74478214885995,-0.614789450735691,-0.596790966183499,0.426579314258315,0.185385502083557,-0.5780708800405,1.69400179756763,1.01733164592553,1.02357046612487
"GSM1426104","GSE75214","discovery",1,"UC",0.40150707962171,1.38259235259636,2.88761874648182,0.715588907570535,1.90715662772681,2.73579152367196,2.08952482968032,0.501411808582208,0.763710051827949,-1.54060302230465,-0.407037721419442,0.364278529818218,-0.0990833538786672,0.920755552714976,1.73287615505931,1.68244255123878,-1.15312243203964,-0.732853861468278,0.822084232461789,1.14505274828878,-0.234810096908722,1.79198001364019,1.44686077458339,0.873635664255925
"GSM1426105","GSE75214","discovery",1,"UC",-0.027108265053811,1.39270445617194,2.5340452858987,0.613856859641248,2.05007243426483,2.69279209331882,2.150889728064,0.455003678091328,1.05592099122494,-1.43942266290353,-0.696564834537667,-0.287550688233488,-0.102498428992154,1.48391611224825,1.4512737949709,1.38420079209343,-0.967051725944829,-0.295446919599021,0.246734135974863,0.344215909276777,-0.699126149579368,2.13102750669987,1.95185837360307,0.514237941599341
"GSM1426106","GSE75214","discovery",1,"UC",0.43947085681398,1.31107140239935,2.88761874648182,0.650828630260885,0.98998562350317,2.6241083031553,2.08137192058283,0.281439425244964,0.0927219470764867,-1.53155798779554,0.14779882032625,0.585204304050813,0.828162358185964,0.734875566099368,1.81155196451469,1.57971875872516,-0.739130957901458,0.901111071651238,0.853454570324348,1.50084774001221,-0.222602703727036,1.66551412496057,0.486928073071996,0.624145023970829
"GSM1426107","GSE75214","discovery",1,"UC",0.0993937669073041,0.684801981551389,2.78453560040802,0.443556988866377,1.52214445286411,2.99188099299761,2.14468777666226,0.492674270693558,0.638660604760675,-1.3886425676811,-0.760406386923175,0.107467956702706,-0.040861841368478,1.06323114615023,1.48904445684858,1.63536928395763,-0.84393433601206,-0.82859768034038,0.0817145715434578,-0.140308165979529,-0.666754213253067,1.80364014266713,0.903199148938571,0.843493397182256
"GSM1426108","GSE75214","discovery",1,"UC",0.636389643803516,0.854344105311888,2.72298492828675,0.963114962799213,1.03142546733551,2.60068593925342,2.21618273908839,0.231953352248745,0.478252172123302,-1.60664125593741,-0.87431448761192,0.597713962846501,0.915811319040119,0.742382164583414,1.79121128359576,1.99855805820151,-1.12884107956009,0.0447264842043402,0.620770763721309,-0.792136720117543,-0.276461704935152,1.46468537251918,0.81711411681405,1.16096485484584
"GSM1426109","GSE75214","discovery",1,"UC",0.215167824576162,1.32431812875278,2.89775238584858,0.520240627473194,1.40172242458654,2.4639901774655,2.26762917994187,0.38981570723911,0.18868605900738,-1.50180107566918,-0.378841032534453,0.548926241060552,0.331788072410976,1.2667709141859,1.52165272763803,1.50180107566918,-0.827509669052026,-0.765779080889016,0.544801093465008,0.762883355250295,-0.659250289091772,1.75983965749649,0.545159433143328,0.536221756499787
"GSM1426110","GSE75214","discovery",1,"UC",0.819056534799351,1.65327553486673,2.68703812250106,0.638660604760675,0.971993857406462,2.20727099424321,2.01240322167605,-0.00471056346977134,0.257256332840361,-1.15673317202727,-0.36939953497598,0.723191014460353,1.09418114520634,0.647206261123241,1.47882650020273,1.36945709140501,-0.657715614068039,-0.152484667373656,1.36278168572007,1.32543255170001,0.232588020005003,1.41252916903302,0.146549813249935,1.08300842683062
"GSM1426111","GSE75214","discovery",1,"UC",0.266526645187471,1.30924969299143,2.86819901439081,0.818408719073452,0.700507220237411,2.81567227086083,1.96659585847815,0.314701515755978,0.241960404779189,-1.57757098668799,0.142960184093682,0.63941832369994,0.452093704564918,0.866419758724196,1.54823801020375,1.70977517478409,-0.703471167612652,-0.32950436966613,0.551621591570662,0.801684170626784,-0.426917649332605,1.55389489936876,0.00378389028201785,1.15282221519803
"GSM1426112","GSE75214","discovery",1,"UC",0.529813090722672,1.5982762270263,2.45133096010861,1.11493132441809,0.716187566903892,2.55367489926277,1.64068605979205,0.568968236994742,0.31453923540161,-1.13440778109356,0.239416674507789,-0.915811319040119,0.859919095796135,1.28454148745175,1.60328177455181,1.77530708286397,-0.983952980505161,0.39214967192942,1.09840630537015,0.450896593410554,-0.150453728600415,0.626586414587412,0.224978110389805,1.35230271381811
"GSM1426113","GSE75214","discovery",1,"UC",0.198442707406056,1.25650185800889,2.9657864519094,0.435222256502964,0.806378489934115,2.68137176249543,1.87574662644212,0.580262631549534,0.407205510285048,-1.38460346196505,-0.32950436966613,0.143428291150254,0.545338629233955,1.34616238177697,1.75983965749649,1.13794178053686,-0.693025921996026,-0.042098457914582,0.654459559497169,1.2320517334515,-0.397492504222215,1.52559688016185,0.404019475175605,0.530346312256126
"GSM1426114","GSE75214","discovery",1,"UC",-0.358014159506629,1.56168989794111,2.43905280217229,0.340612991861242,1.39351959638912,2.91895982855352,2.08407418738326,0.759994012477211,0.700704625100208,-1.53006260922357,-1.18805415035449,-0.652547471658334,-0.250716540318735,1.66675178648527,1.71512873733413,1.38742845843615,-1.12650764005249,-0.676429939079296,-0.0227824802698574,0.0312800370782102,-0.66021024982333,1.57011051671048,1.18617942963725,0.638850000105088
"GSM1426115","GSE75214","discovery",1,"UC",-0.150609932522686,0.818624619475613,2.65952830781904,0.571330362326324,1.26505013067762,2.83232591688852,2.1177536871175,0.522363694830953,0.931426905049377,-1.50706898379171,-0.45346262549717,-0.0439535040416671,0.610503939589899,1.86071123712324,1.59111593327508,1.39474404563608,-0.857016776426052,-0.454661128694134,0.612924802128835,1.15492591987314,-0.589241439529435,1.46378305138063,1.00702069222843,0.517766675001624
"GSM1426116","GSE75214","discovery",1,"UC",0.0758274499606033,1.39474404563608,2.71060993508417,0.448333526835942,1.61398299321183,2.57011900046511,2.12508176914098,0.583738619802397,0.86731927592892,-1.57011051671048,-0.833615224785983,-0.309026598291529,-0.00285722034356802,1.73705019245931,1.79972620181477,1.34425390120538,-0.857016776426052,-0.303038197882328,0.534261227634323,0.322988917431521,-0.479291368666178,1.54110923210997,1.22319267492663,0.568423582169148
"GSM1426117","GSE75214","discovery",1,"UC",0.581359552826417,1.20447978750426,2.83232591688852,0.986713484371116,0.316487147793531,2.69279209331882,2.05260496401452,0.298029251615486,0.18459995411557,-1.46649360100386,-0.177221299835292,0.38249412472054,0.729826907238563,0.616095977396518,1.84101593434776,1.66923479730956,-0.841951400921235,0.931903649072033,0.838434331641736,1.50514854610131,0.245778943296808,1.01061730446664,0.0107340733535647,0.995800909147356
"GSM1426118","GSE75214","discovery",1,"UC",0.0221645477025606,1.21669179142103,1.91579455754257,0.886603019010419,0.813883585276303,2.21438627677101,1.96873644276739,0.423874386890432,0.55522164088036,-1.44510343073326,0.358837611230976,-0.498261918162963,0.797219651241518,1.41252916903302,1.24301252982932,0.882036184973614,-0.732651855789987,0.0176847749799538,0.542115770251793,1.54517320138604,-0.22434454503205,1.09165539822885,0.71918472409368,0.830776651244164
"GSM1426119","GSE75214","discovery",1,"UC",-0.240052461213789,1.28559950032098,2.76283745860824,1.02122625035351,0.818840558043057,2.52645932158258,1.7745608574784,0.580811004831361,0.314376963330184,-1.35849446035612,0.0713364249270016,-0.471164727215898,0.424381323997637,1.77530708286397,1.74904393201474,1.25344685120185,-0.981950041638023,0.216906821744598,0.454147404596235,0.981199954443922,-0.405360461949443,0.977955935415504,0.617216694971183,0.668877492132486
"GSM1426120","GSE75214","discovery",1,"UC",0.208218283103285,1.50562813508184,2.62897018484593,0.859695583425565,0.73224793409347,2.26762917994187,1.84693457121693,0.57151219621501,0.191202147497971,-1.3817894724495,0.229415612573542,-0.0183026515388011,1.03590501625857,1.19275931639902,1.59002156341487,0.885459579530859,-0.698534670273055,1.05457344086092,0.991499421913567,1.71985376580531,-0.124571742749556,1.28348491053607,0.265566598094903,0.92833321358836
"GSM1426121","GSE75214","discovery",1,"UC",0.0702526033625276,1.18493192830015,2.76992612575716,0.899721200223176,1.21896124232489,2.68703812250106,1.90147610362487,0.412244535788872,0.410059680269761,-1.54415481670826,-0.137501221582486,0.194978556263794,0.429626093931912,1.53205720919123,1.71445685074681,1.51237904958057,-0.765572030547441,0.00409278094427112,0.547310944124928,0.972985135093662,-0.483800558943837,1.46243180011959,0.528747099209373,0.784340367397731
"GSM1426122","GSE75214","discovery",1,"UC",0.15670479135542,1.43077266761251,2.79206922518179,0.929046353106643,0.926908348991228,2.57011900046511,1.96234152554376,0.454661128694134,0.233222781462292,-1.36278168572007,0.284976228985413,0.431829027229897,0.641314229685993,1.2616197558244,1.60384043201387,1.29411591490798,-0.513004398372364,0.500711403978239,0.845258138202955,1.27091617344514,-0.397325369641033,1.36160995943241,0.0913260517538427,0.960907079338643
"GSM1426123","GSE75214","discovery",1,"UC",-0.0275717706536458,1.34387279215116,2.90819263151544,0.869345760294586,1.33516061815657,2.79206922518179,2.5417799417233,0.526262117689221,0.53997032367194,-1.43942266290353,-0.831212918828245,0.53087968462307,0.461350533764014,1.22286640238327,1.64784804517294,1.6021659583609,-0.979451894158925,-0.667525966410997,0.442023825010425,0.354393845632717,-0.549285390372737,1.77830191391442,0.802749507443921,0.828162358185964
"GSM1426124","GSE75214","discovery",1,"UC",0.270689701666973,1.27334436036858,2.50810625843815,0.643972378277391,0.906688057335538,2.77715677376164,1.5894750918449,0.301583209828745,0.50948427797351,-1.54415481670826,-0.554320955539708,-0.229415612573542,0.437260599524367,1.75047161135481,1.40007431401368,1.5022782557738,-1.04599406882834,-0.949452273798652,0.349300354407919,1.26333308497157,-0.147642681871854,1.20607636558101,0.592367631873482,0.596052934778488
"GSM1426125","GSE75214","discovery",1,"UC",0.290127054736805,1.29805082501378,2.69863662333048,0.920755552714976,0.614229831969573,2.79976472871248,2.27373155259275,0.51265210086083,0.378343276165753,-1.51092662181815,-0.965573686145682,0.295930956285448,0.0207742300099717,1.23767963379213,1.84101593434776,1.78131278005043,-1.02304904342455,-0.831431111956038,0.636578765083595,0.259172489203325,-0.180202975671325,1.10222578583406,0.28658504357773,0.987467654981634
"GSM1426126","GSE75214","discovery",1,"UC",-0.547131554883236,1.54466380879938,2.6388845698073,1.07032466087839,2.50453507872895,2.36961677323933,2.13553676538177,0.863949692915956,1.74478214885995,-1.43811829362946,-0.325104922436448,-0.0461179161556273,-0.776800217919046,1.6306817654035,1.39067064385377,0.880669718555378,-0.781612411311947,-1.20959970255812,-0.1795751221816,-1.89959615821323,-1.68691105550851,2.63389501569887,2.3747660966111,0.529990814489172
"GSM1426127","GSE75214","discovery",1,"UC",0.0445718860486504,0.970261415792371,2.87777323450427,0.693615137150807,0.655033652429473,2.66487096626598,2.18321021683294,0.263807146591611,0.00779950778048744,-1.76936474379878,-0.687342515351649,0.83558433185005,0.301098355805842,0.814959483961296,1.74833142718726,1.56168989794111,-1.04866683178316,-0.859919095796135,0.317948870157388,-0.0509113265754589,-0.338976765447809,1.33365576691382,0.528036771926427,1.04947012279305
"GSM1426128","GSE75214","discovery",1,"UC",0.107778639051072,0.859695583425565,2.67579020876105,0.896484905367358,1.20575680405227,2.74906317605298,2.11630163196221,0.662324308697208,0.581359552826417,-1.47928761051646,-0.82165124321088,-0.258693361168334,-0.0998594044176168,1.29411591490798,1.59994029114215,1.71647483807468,-1.15342275284835,-0.72278986374641,0.37105353429769,0.201436390402999,-0.506848326880478,1.30164553933247,0.807661844520087,1.08941612183377
"GSM1426129","GSE75214","discovery",1,"UC",0.00872620424464272,1.2254802379551,2.79206922518179,0.81711411681405,1.44160206983538,2.78453560040802,2.04007163273484,0.400670178096338,0.406366680480083,-1.73149149512543,-0.671390716438884,0.573877760128732,0.259012773252936,1.63478137736745,1.59551258208196,1.22221424753862,-0.533726894465292,-0.728215263497236,0.289804903939746,0.235286406749561,-0.76474415713605,1.76862632954495,1.11234717127683,0.728013941043821
"GSM1426130","GSE75214","discovery",1,"UC",0.0176847749799538,0.929522042055788,2.84980420913676,0.957970500551677,0.805310041460974,2.37736455687436,2.31449128665156,0.307083210263809,0.317461554037592,-1.29375918832269,0.170322364960496,0.856125206623276,0.783290463761779,-0.00579168735723792,1.81635403493659,1.1591487346649,-0.924774573457252,-0.45894684851508,0.740146119355102,1.23040387595155,-0.362628634905903,1.65753083732247,0.370722653360522,0.969519831649517
"GSM1426131","GSE75214","discovery",1,"UC",-0.131578978562845,1.65025426252748,2.71060993508417,0.490757072796313,1.12272882894513,2.34236342791206,2.10626013444086,0.543726493793852,0.608086649681075,-1.68691105550851,-1.07912976745594,0.201751619506325,-0.202382137894494,1.98508571975487,0.983201416201468,1.15252210222451,-0.995547370586046,-0.851455581224644,0.108555390504535,0.703075617950632,-0.886145504189837,1.36552301474524,1.16735164103907,0.421341331410362
"GSM1426132","GSE75214","discovery",1,"UC",-0.407541122417201,1.53757402138194,2.99188099299761,0.709020479226492,1.29518708399911,2.53023410307782,2.03514678199004,0.899721200223176,1.09305773010933,-1.62083806680471,-1.06677119379161,-0.68832082532645,-0.852343600329444,2.06677467096155,1.12156933833297,1.19780743992779,-0.792559515098824,-0.717385656366209,-0.0666920494609074,0.315026101334015,-0.608086649681075,1.55286267392454,1.42350344229473,0.372874106931194
"GSM1426133","GSE75214","discovery",1,"UC",0.666561337015691,1.51773210540117,2.7293322739111,0.742382164583414,1.14863004077487,2.43304902411585,1.82772468751735,0.464789003807341,0.279029987737095,-1.48159789384562,-0.242437528055272,0.193090007667157,0.35521623476173,1.18058012602071,1.78055854934236,1.90336279334525,-1.15552791793347,0.154985148938522,0.686364862783895,0.623582154578285,-0.0899303343595837,1.10577673547707,0.684606739034537,0.756494030878753
"GSM1426134","GSE75214","discovery",1,"UC",0.223394365733456,0.905756603849357,2.82390120221793,0.614416350177075,1.95498080609674,2.72298492828675,2.44822667555401,0.370226408032631,0.767229353714808,-1.59551258208196,-0.731642275442814,1.0613304740869,-0.0476640565019926,1.07032466087839,1.64604962348356,1.47652565140912,-0.989229574404219,-0.703471167612652,0.529280019785899,0.475483500664521,-0.332930572256622,1.89585628242033,1.63772658111865,0.662324308697208
"GSM1426135","GSE75214","discovery",1,"UC",0.437770468942183,1.40089789364829,2.87777323450427,0.689299794530611,0.531413208060683,2.31901299944113,1.98508571975487,0.247211816692118,0.0995489770112811,-1.36985166630536,0.164370722776059,0.652356394141328,0.981950041638023,1.05862186041322,1.56588632836224,1.33028084850795,-0.628278797662015,0.736292548147459,0.883860706367626,1.61683004395253,-0.217381207343032,1.19717475530711,0.189629451359236,0.861484887044491
"GSM1426136","GSE75214","discovery",1,"UC",0.201594002450628,0.499836243462257,2.83232591688852,1.33591417892583,0.99833982435035,2.62897018484593,2.28200207925444,0.384821477156377,0.333420348025501,-1.39801950886376,0.349464518497707,0.938120713146932,0.383823785888341,0.909020140235793,1.42010850830147,1.75549679463818,-1.14773434046618,0.797431886765949,0.775547820435815,0.31421469953658,-1.19749103769951,1.57649982409291,0.292382955657134,1.01551943476429
"GSM1426137","GSE75214","discovery",1,"UC",-0.0938077682213213,1.04947012279305,2.93007645021901,0.922645000134161,0.968038260597147,2.87777323450427,2.15402199173733,0.364278529818218,0.158581293737409,-1.45437980735337,0.312592515756007,1.30272723957609,0.729625348158004,0.911825182394458,1.75766408227885,1.5982762270263,0.0173758392470831,-0.419654129448526,0.562805304794523,0.345199297128193,-0.482412072018997,2.00658760580152,0.528036771926427,1.17317147461556
"GSM1426138","GSE75214","discovery",1,"UC",-0.0167579727269298,0.885459579530859,2.59616832497059,0.881580513272997,1.32654862318883,2.56594254002168,1.98287501185642,0.529102362898695,0.322988917431521,-1.6306817654035,-0.625459155706288,0.0990833538786673,0.0662276926779661,1.44203877377703,1.70513067663225,1.73844828715487,-1.07444168285377,-0.494942387767027,0.684021167987195,1.17594215651808,-0.611807035444552,1.27473527312355,1.00445963825658,0.992004526545918
"GSM1426139","GSE75214","discovery",1,"UC",0.0561699649316038,1.78738342233882,2.38792214078402,0.648730431487243,2.00428024059094,2.5340452858987,1.79894671309478,0.960662048047886,1.02618176501473,-1.49989576645066,-0.751568593748435,-0.403684342065271,-0.726203364567301,1.7398497882236,1.30092525111343,1.52362184115426,-0.994280636500582,-0.759169651029946,0.238939897994943,-0.397492504222215,-1.05376582903798,1.90715662772681,1.87039164298033,0.534083099636314
"GSM1426140","GSE75214","discovery",1,"UC",0.12130381235974,0.887060719489898,2.32129175555668,0.576064211283167,1.14445795613993,2.71674542818236,2.00083907397793,0.565340381131898,0.546414173876634,-1.78282428869696,-1.17102271011559,0.51459052620766,-0.0499834818417598,1.36630813921916,1.5118945525654,1.86950434124874,-0.833833854771137,-0.988222387656084,0.0944282870256097,-0.268287370437985,-1.17040976961868,1.36473873110637,0.945581091864082,1.22058613039489
"GSM1426141","GSE75214","discovery",1,"UC",0.492151219217576,1.06513566697639,2.81567227086083,0.767022073129191,1.20511805011928,2.51534608257756,2.10626013444086,0.295124266933407,0.0905506314119736,-1.58187384271007,-0.414599660279829,0.555401831987481,0.762470202430314,1.20575680405227,1.54517320138604,1.36473873110637,-0.993774389365361,-0.468060647571618,0.94654755740935,1.02461414728111,-0.776382616794744,1.34616238177697,0.319736343081226,1.07554263520152
"GSM1426142","GSE75214","discovery",1,"UC",-0.109953708507403,1.35888317677528,2.71060993508417,0.525730044705925,1.92654998929872,2.62897018484593,2.07071213533362,0.539791648733024,1.05619073146484,-1.57117095300548,-0.78749528041027,-0.463412958569058,-0.284011294425219,1.77980533017172,1.49044991407554,1.54619319110072,-0.769719297918218,-0.502287660422914,0.32315163559298,-0.0666920494609074,-0.327222384095002,2.13704954843794,2.0327027514678,0.29835218254733
"GSM1426143","GSE75214","discovery",1,"UC",0.766607610788735,1.78282428869696,2.80762969696212,1.37619408567215,-0.0309709991500765,1.60776512280009,1.97848244712606,0.293350225352348,0.113994511618807,-1.32024591496406,0.93238060499644,0.789181109177488,1.13235280811906,0.274215952981926,1.8012884679778,1.53506058690448,-1.02070607521301,1.16066190226959,1.57489646381295,2.07868476753283,0.0530764694644439,0.30999872969111,-0.151859696532712,1.42777031733238
"GSM1426144","GSE75214","discovery",1,"UC",0.23084290829165,0.421510117513646,3.00573306817502,0.959437755731612,0.566427954666966,2.62897018484593,2.08137192058283,0.324942101251581,0.4080446267122,-1.36473873110637,-0.555762268316354,1.47377491014605,-0.0196928997039114,0.390315663365616,1.65692109810242,1.69400179756763,-0.603262689493962,-0.39916446178437,0.632423335442914,-0.112284717729075,-0.626774368462625,1.72598579011634,0.269408264822041,1.16248121865438
"GSM1426145","GSE75214","discovery",1,"UC",0.146081494635869,1.01681353055748,2.87777323450427,0.367416068424758,0.783080586642154,2.5618103629024,2.13402885379755,0.278548295007202,0.419991474132102,-1.5118945525654,-1.24569228379226,-0.181301890386749,-0.238939897994944,1.69465064854592,1.46694640810374,1.64187388515195,-0.317461554037592,-1.11435642500508,0.50333919155813,0.72218835565742,-0.195608226697904,1.11838848755907,0.461006987241346,0.633555548833779
"GSM1426146","GSE75214","discovery",1,"UC",-0.146081494635869,1.37341247803951,2.76283745860824,0.581542441031046,1.66120227867092,2.52272019985624,2.24402860873724,0.600670982588248,0.42624102800778,-1.48998110127203,-0.454832396721472,0.676041697778459,-0.240052461213789,1.85034591304895,1.56588632836224,1.54875022775196,-0.833178084307037,-0.910655544073567,0.284654554693153,-0.0911709633073487,-1.14863004077487,1.50180107566918,1.26505013067762,0.515472267802621
"GSM1426147","GSE75214","discovery",1,"UC",0.455003678091328,1.40544466053632,2.84980420913676,0.826205347120985,0.608458308886291,2.6388845698073,2.13704954843794,0.48971208874065,0.253905326144484,-1.47836570410687,-0.676235805687639,-0.0936526441731799,0.505092981752496,1.47882650020273,1.67674624499101,1.64425650994083,-1.03089982142607,-0.214219555188711,0.500711403978239,0.889581401827374,-0.384821477156377,0.896484905367358,0.553960807318173,1.23106261782562
"GSM1426148","GSE75214","discovery",1,"UC",0.72198791102369,1.82772468751735,2.29902730628911,1.50706898379171,0.0622038545942383,1.82282267278673,1.96659585847815,0.362958534783684,0.146237597275631,-1.17625056765581,0.79637106796513,-0.233222781462292,1.25276954756218,0.983201416201468,1.3750006652875,1.30092525111343,-1.09109506617715,1.61284782721935,1.18275322726056,1.82608580362162,0.194348963126248,0.448504306155469,-0.221178063256427,1.76275344429118
"GSM1426149","GSE75214","discovery",1,"UC",0.380832998397722,1.23106261782562,2.99188099299761,0.995547370586046,0.453804988446785,2.35207259006497,2.40706446636187,0.331461723479262,0.139684305794562,-1.35539209175942,-0.0516845639684708,0.368738218356838,0.703273379027413,1.10691598830897,1.7889114223843,1.5094773744491,-1.07830073607214,0.494069734337328,1.02592032031141,0.90459339089771,0.0628228394253801,1.01371055255713,0.376187412868479,1.039079607617
"GSM1426150","GSE75214","discovery",1,"UC",-0.0521485212080825,1.25548222025955,2.76992612575716,0.568423582169148,0.804242511525372,2.70457481484426,2.06028258080233,0.464272883843297,0.604560062973643,-1.5290675878168,-0.40150707962171,-0.0584904377185498,0.281278745391246,1.28842792703083,1.38823763720705,1.49847034966017,-0.67681828236609,-0.472718469259832,0.193404717763751,0.548746692955748,-0.822734005483479,1.40752101121666,0.890958704527094,0.938840401013898
"GSM1426151","GSE75214","discovery",1,"UC",0.698140486471779,1.82936849532896,2.61456665235439,1.27543165523395,0.0200018488150082,2.17491514649602,2.17656221349775,0.134071980127827,0.119437007268493,-1.35771764272518,0.279029987737095,-0.0278807776715596,0.968285041502987,1.191187997044,1.7111089724124,1.68499186148633,-1.14982574326151,0.289160692527022,1.2575228037707,1.34769270403022,0.068085206500295,0.493895248813079,0.00424722641999573,1.20002562124737
"GSM1426152","GSE75214","discovery",1,"UC",0.0107340733535647,1.63302103942361,2.87777323450427,0.714193031968951,0.963114962799213,2.32129175555668,2.05899452698056,0.711206544224236,0.341267737599049,-1.53006260922357,-1.08746122651807,-0.166719348023035,0.379172922259281,1.74055182220559,1.49799588665117,1.51626786910827,-1.12505234984067,-0.718184955033451,0.277745617332115,0.304655604176553,-0.593656570386683,0.997323486809301,0.770550340157676,0.579349063581878
"GSM1426153","GSE75214","discovery",1,"UC",-0.0750530287054834,1.31253190882223,2.85888070361339,0.618899226671197,1.13088789293217,2.54966971634694,2.10910748430525,0.601966330619126,0.798281188336453,-1.42819843672579,-0.105914699940056,0.562443446490813,0.674489750196082,1.92457784368975,1.55908103086674,1.49610139859614,-0.790024865083257,-0.188057224105353,0.743196192520407,1.52263654641085,-0.636767909134837,1.62198801209172,0.828815400310488,0.594209274546829
"GSM1426154","GSE75214","discovery",1,"UC",0.274697068746734,1.56746712238969,2.41554583022419,1.20288627383052,0.873409479250415,2.14161747900386,2.19336681593825,0.445432273177561,0.436411069621867,-1.35849446035612,0.403014211794784,-0.0399344200675309,0.921699865114633,1.27230279021337,1.54466380879938,1.38540947591168,-0.995040485353162,1.28949124887038,1.02435312238516,1.21993578863624,-0.313241290322834,1.12243881481444,0.689691567205878,1.04947012279305
"GSM1426155","GSE75214","discovery",1,"UC",0.493197456991522,1.56483463563771,2.64906533562944,1.04732951508465,0.631291932180263,2.21081464467513,2.23268184949373,0.330972266252307,0.136409925819044,-1.32394701969956,0.347659230320654,0.83997177089599,0.621894730106281,0.556483357697799,1.51578051202205,1.27403950864536,-1.12942540059215,-0.033288857750909,1.11034239819814,1.01087470572245,-0.327711237170024,1.13646755577537,0.0204652760705879,1.24636362158707
"GSM1426156","GSE75214","discovery",1,"UC",0.497737417567808,1.03960972490381,2.65952830781904,1.15162238552465,1.51578051202205,2.1265611671998,2.1603506728021,0.198127686777272,0.600116141945498,-1.51237904958057,0.598083304092585,0.653312020134462,1.12388983094292,0.570784973950071,1.6717281424021,1.25582195444696,-0.883404300345102,0.87567334449003,1.19150202559135,0.861261073315996,-0.230525690924959,1.53155798779554,1.23139218918129,1.04626100880967
"GSM1426157","GSE75214","discovery",1,"UC",0.817329788718356,2.09781904241275,0.690083445767642,1.42350344229473,0.598822231484282,1.51237904958057,2.06939607994731,0.22054503394953,-0.064525172546358,-1.04067083689965,0.98370239733263,-0.656757228449502,1.36395528602209,0.627526405526671,1.25175466834306,0.839312625438219,-0.909720729661075,2.10626013444086,1.53405792303367,2.20903935197533,-0.0766019166942666,0.430981497754647,0.356532557506108,1.55648273223601
"GSM1426158","GSE75214","discovery",1,"UC",-0.888434937351038,1.50514854610131,-0.26684671543906,0.732046018041093,2.65952830781904,2.45445904842782,1.82526819757015,1.34578029343386,1.73011014701398,-1.52559688016185,-0.564434580436042,-1.77381561895463,-1.18680387311908,1.96446424757843,0.763710051827949,-0.731844131829889,-0.77304666695786,-1.00088519130926,-1.31509455325036,-1.75838834954245,-2.05260496401452,2.52645932158258,2.05770988016857,-0.552520932060456
"GSM1426159","GSE75214","discovery",1,"UC",0.102498428992154,1.26780518734176,2.85888070361339,0.389482457285851,1.74336857154628,2.22896265911119,2.05133705455653,0.736697671719949,0.454489874002214,-1.3817894724495,-0.631668976747886,0.647777648640144,-0.525907385822873,1.74690907434793,1.4029610107336,1.42905546169979,-1.05054223206925,-0.493023046565518,0.358837611230976,0.109176838805462,-1.03089982142607,1.30961368725288,0.765572030547441,1.19150202559135
"GSM1426160","GSE75214","discovery",1,"UC",-0.121770579438829,1.42905546169979,2.57860894411157,0.508781012231202,1.95707306543146,2.71060993508417,2.1265611671998,0.553600730934759,0.835146472696558,-1.63478137736745,-0.928570874289237,0.138124892608239,-0.322663506757577,1.6972532134476,1.58025684189402,1.49989576645066,-0.872505185681508,-0.905291171680899,-0.0312800370782102,-0.451067569693485,-1.039079607617,1.81877086189754,1.57757098668799,0.694204593209556
"GSM1426161","GSE75214","discovery",1,"UC",0.0691688643153631,1.34311115905699,2.93007645021901,1.08969573259269,1.0594336284235,2.68703812250106,2.33522382075236,0.388816087076833,0.405528136511736,-1.2616197558244,-0.23703333382354,0.216590591801772,0.53087968462307,0.947998915775723,1.73426414540174,1.55441163355861,-0.851455581224644,-0.159676177633498,0.668684342267688,1.08578890362169,-0.716786483023983,1.6306817654035,0.260450455210771,1.23106261782562
"GSM1426162","GSE75214","discovery",1,"UC",0.0377705692198159,1.53908675673327,2.77715677376164,0.445602831170986,1.53606479640482,2.60988368482747,1.94260354001113,0.568242068033754,0.660594404483186,-1.53606479640482,-1.10720102607933,0.0332888577509088,-0.148735726861067,1.73356973276159,1.59994029114215,1.64724797918375,-1.19150202559135,-0.774296638219109,0.0948936999775228,0.144052482803049,-0.611620815328283,1.35114751809263,1.39189024029312,0.811734608901284
"GSM1426163","GSE75214","discovery",1,"UC",0.259172489203325,1.07169498332155,2.74236697357706,0.933335153739315,0.528214328757028,2.51534608257756,1.97630040284997,0.461522327443921,0.173457219809856,-1.44466479141839,0.336851026299414,-0.0162945770480423,0.609201879583268,1.37539825444399,1.86685123047132,1.85810114781857,-1.05700041365928,0.170479067700318,1.0067642896773,1.06146610921744,-0.108710748640073,1.02513640661738,0.463584916191293,1.10549214643317
"GSM1426164","GSE75214","discovery",1,"UC",0.58850670213997,2.00198349694885,0.727208946088361,1.46513698063282,0.920519602883051,1.18213177149361,1.06977709430489,0.198285194631986,0.0382342363113527,-0.744418158726717,1.46198197588677,-1.04067083689965,1.26642645743425,0.777217954554048,0.465477356433654,0.137033503422303,-0.139372396103073,2.37736455687436,1.48438071403958,2.08407418738326,-0.598637468996879,0.996815704159956,0.616656239368208,1.61568965180444
"GSM1426165","GSE75214","discovery",1,"UC",0.537292004748097,1.85034591304895,1.66243108294506,1.5643094376857,0.047354819435401,0.406869944012428,1.35114751809263,0.2906103374056,-0.0934975223786133,-0.827292184335758,1.55441163355861,-0.353900527215124,1.01966655261384,0.326896525490533,0.700112492378786,0.381995676202598,-0.308378672956349,1.91386264936435,1.52559688016185,2.10342975915633,-0.840191567158235,0.284332909852643,-0.487449787964114,1.53858212035304
"GSM1426166","GSE75214","discovery",1,"UC",0.688125110651544,1.56746712238969,2.05899452698056,1.40461581437426,0.555041467798836,2.00774530614339,2.31224805873997,0.0533857956670502,0.000231666201206247,-1.12070070892015,0.727611384628032,0.608086649681075,0.828162358185964,0.288838631833316,1.36005055975629,1.66613263669894,-0.95919306980366,1.06868292230693,1.30128531083214,1.56012330368154,-0.18617116446695,1.01113217397162,-0.28240365713281,1.22156261209502
"GSM1426167","GSE75214","discovery",1,"UC",0.645112978100435,2.01123464710506,1.02618176501473,1.34922618895209,0.0671564206249162,1.50803129054495,1.96873644276739,0.102032667422796,-0.0874494897301181,-1.22482599440603,1.07059856454486,-0.332277662085168,1.191187997044,0.68851656637051,1.37659232834685,1.41883961807593,-0.818408719073452,1.2510787978223,1.38702420949661,1.97957701137809,0.0550871818883736,0.35570978354403,-0.0312800370782102,1.34007238965916
"GSM1426168","GSE75214","discovery",1,"UC",0.681291596819902,1.87306242077071,1.43120262893088,1.46378305138063,0.372708549339756,0.924064250066117,1.37420613838685,0.0758274499606033,-0.0592639980239816,-0.8541216582077,1.23635189747354,-1.05700041365928,1.34692714860985,0.951393209937851,0.663286223395057,0.0247908224173573,-0.398328343815294,2.30338961358773,1.54670378976168,2.40987236286234,-0.677206727751033,0.529102362898695,0.396824032461748,1.20799632667283
"GSM1426169","GSE75214","discovery",1,"UC",0.868444660290924,2.08137192058283,1.86685123047132,1.36239090244226,0.33211445668315,0.341104037459545,1.47057974158697,0.0496742098654072,-0.221652893394149,-0.76785139336591,1.30128531083214,-0.624145023970829,1.07196928938269,0.00949845698878168,1.00650795329606,0.216274383516821,-0.330646005486297,2.54570502098725,1.56116727407039,2.3012029860474,-0.109953708507403,0.626398482844798,-0.00656392277635372,1.43077266761251
"GSM1426170","GSE75214","discovery",1,"UC",0.639228859562372,2.07203178700132,1.64724797918375,1.58457807164746,0.238939897994943,1.45260322736375,1.678638965863,0.0651442488767683,-0.11212929827177,-1.10919881453081,1.06187313182449,-0.130021268740163,0.81970469443731,0.762470202430314,1.17071618488796,0.616656239368208,-0.662516642587724,2.27991979022135,1.17563385719239,2.07071213533362,-0.231953352248744,0.483800558943837,0.471509904809212,1.42350344229473
"GSM1426171","GSE75214","discovery",1,"UC",0.976710972917568,2.07335505696959,2.25764243859667,1.32543255170001,0.311943872735344,1.0183686968099,1.9090638851524,0.277745617332115,0.0138231900929242,-0.780983708885341,1.21249364166608,-0.225928627864449,1.14982574326151,-0.334236818809137,1.08467570659285,0.711007670695119,-0.693811595716779,2.1815391598435,1.60049596494649,2.56594254002168,-0.0351432728097037,0.359167060030559,-0.466854724037083,1.3561664606115
"GSM1426172","GSE75214","discovery",1,"UC",0.88226408951507,1.52312900894976,2.54966971634694,1.25991012217402,0.280796749381264,1.53455906212587,1.65692109810242,-0.0170669051725757,-0.172359828278885,-1.34501670560483,0.818624619475613,0.251832323730257,0.996815704159956,0.136721707975161,1.53858212035304,1.43163285499393,-1.02984938321549,1.88753719495526,1.25684202770995,2.05515072741445,-0.100014621727603,0.545159433143328,-0.407708945696333,1.13587855693549
"GSM1426173","GSE75214","discovery",1,"UC",0.852121532559595,1.76715238741602,0.673133127539796,1.00088519130926,-0.163431527212859,1.04332875728765,1.53807787548094,0.0676208062710264,-0.0958245876512769,-1.073067321137,0.574606271877665,0.787074172872822,0.695974410834247,-0.0399344200675309,1.28102512024058,1.04947012279305,-0.189943952942814,0.603633263935046,1.42777031733238,2.28830901779779,-0.152172174523595,0.477213491802622,-0.320061447775545,1.43985799734308
"GSM1426174","GSE75214","discovery",1,"UC",0.863501156255687,2.03027080287859,1.52263654641085,1.29482986254825,0.348315567350768,0.852343600329444,1.68371583855803,0.0312800370782102,-0.100635515102006,-0.81970469443731,1.31436148817375,-0.725801337538866,1.21928596243365,0.573331576145111,0.927145695700648,0.239734555747459,-0.325593437727336,2.24981211054909,1.33403169654562,2.52272019985624,-0.0879146066427778,0.606415221178116,0.487971635567208,1.49091905468734
"GSM1426175","GSE75214","discovery",1,"UC",0.749930830714013,2.27373155259275,0.971746187187024,1.43034297063383,-0.329178266931984,1.24939161691452,1.5834949902503,0.121770579438829,-0.0975314313308242,-0.456031646901449,1.41211046845288,-1.19370352329749,1.33893603534803,0.783290463761779,0.966558811398182,-0.00455611767906164,-0.0403981263746488,2.10626013444086,1.63478137736745,2.26965392478637,0.0970659005384926,0.304655604176553,-0.516177949708997,1.34769270403022
"GSM1426176","GSE75214","discovery",1,"UC",0.575699611742314,2.2125969325899,0.773879846793733,1.32841242283267,-0.296737838259898,1.78131278005043,1.40007431401368,0.0552418611965122,-0.123793544716929,-0.925722397785416,1.23007470514517,-1.23967533902868,1.20066047287805,0.865520942020966,1.42392896416113,0.300451993843228,0.174868458971937,2.01006881257112,1.5290675878168,2.55367489926277,0.141400052867479,0.321687479552913,-0.313241290322834,1.30272723957609
"GSM1426177","GSE75214","discovery",1,"UC",0.643022518046858,2.12067126521544,0.884774071221281,1.26884081847661,0.0173758392470831,1.36670101748447,1.4806728320417,0.26013092391009,-0.148267257325147,-0.820569443365069,0.792348099903601,-0.369564889365216,0.681876077069648,0.758551718364788,1.22156261209502,0.380002829424499,0.0352978127652681,1.73635241648312,1.37380920004344,2.3595027452305,-0.286424128803759,0.620396282533303,-0.154359938305652,1.277524521742
"GSM1426178","GSE75214","discovery",1,"UC",0.453291463954596,1.83101726120135,1.6179725426642,0.87386189396517,1.15552791793347,1.75333772156998,1.71311539470257,0.183657446853112,0.190415740557447,-0.855011700432668,0.448675098556883,-0.531413208060683,0.588139452572768,1.32766634949808,1.04173312194365,0.444579677421725,-0.539077121197567,-0.292866556253605,1.17286417665305,2.43007971889409,-0.443556988866377,0.69833756480888,0.132981190324668,0.702877884366924
"GSM1426179","GSE75214","discovery",1,"UC",0.83558433185005,2.12804523418498,1.81234941123003,1.0752672749244,-0.169538913914206,0.761437889274349,1.92654998929872,0.294962952123406,-0.126595411939843,-0.804882919418861,0.963851967975033,-1.29304622863478,1.16918520597536,0.929759965421472,1.06323114615023,-0.14717428808876,-0.627526405526671,1.98177328202867,1.43985799734308,2.43304902411585,-0.203801098892397,0.536756803771681,-0.501586948160257,1.1855554483397
"GSM1426180","GSE75214","discovery",1,"UC",0.762883355250295,2.32129175555668,0.205693685921908,1.53405792303367,-0.179261221995901,1.48438071403958,1.50180107566918,0.31356572703809,-0.0203107998352846,-0.622082134204131,1.69986732547386,-1.48391611224825,1.45749991432095,1.06187313182449,1.03432162896529,0.318923729087953,0.0827993442228842,1.83849899762043,1.51383467480336,2.33522382075236,0.263167548754815,0.285941428959652,-0.341104037459545,1.52956490922361
"GSM1426181","GSE75214","discovery",1,"UC",0.926433812149486,2.57434077811082,0.413758281056896,1.65146096288367,-0.297060645122261,1.20256793743409,1.36473873110637,0.109176838805462,-0.0206197527942539,-0.132981190324668,1.5894750918449,-1.37182774746673,1.41588772459369,0.577888359511928,0.634499680726694,0.105293468986297,-0.149048058014147,2.38261015298938,1.70183555997757,2.49748709427409,0.596975524821837,0.160927708022154,-0.501411808582208,1.69400179756763
"GSM1426182","GSE75214","discovery",1,"UC",0.777426873738337,2.16676708238819,1.33365576691382,1.0293245900093,-0.358014159506629,1.46198197588677,1.70711666780081,0.0019305528586564,-0.0801650627534108,-1.07774845995903,0.900184297479092,-0.908319996696923,0.890040315123541,1.22026089500275,1.18680387311908,0.42573369006105,-0.444750170701132,1.90241860200462,1.63595775633135,2.70457481484426,-0.280957407464199,0.346019042046641,-0.470474540356944,1.03616916671669
"GSM1426183","GSE75214","discovery",1,"UC",0.763503328768565,2.32588576346401,1.04759682854499,1.54364622435174,-0.189157734139766,1.40131004003212,1.64127968300587,0.168128963891394,-0.142492108361054,-0.758757663726981,1.17810338873399,-0.721186422363129,0.915106826755469,0.513356759566199,1.48438071403958,0.623207018055706,0.302553130732118,2.20200694014514,1.48577644538027,2.3747660966111,0.32461648471862,0.218488297538215,-0.162492475788606,1.49847034966017
"GSM1426184","GSE75214","discovery",1,"UC",0.813668518587038,1.8572339243514,2.00083907397793,1.11752294443154,0.157955731222571,0.658866474888394,1.2102419243991,0.173770798560667,-0.134695360133057,-0.45620302186805,1.3344078148015,-0.319248749383822,1.05808106906785,0.0810947446922045,0.969766967105672,0.0328252721215543,-0.48449515216449,2.58728892324521,1.64784804517294,2.32588576346401,-0.0478186767427061,0.488667639173149,-0.0169124387479889,1.3785868244445
"GSM1426185","GSE75214","discovery",1,"UC",0.520417460084894,2.06416738793314,0.864622824004046,1.48904445684858,-0.308216711859219,1.32468942028333,1.59441052838602,0.102187918814901,-0.13734531219192,-0.84327298925669,1.5679949251718,-0.627150342658274,1.37261968185848,0.523071907024133,1.49232844900124,0.50948427797351,-0.202382137894494,1.36748740750741,1.44554234826884,2.15245322016886,0.524666344886032,0.536756803771681,-0.489363879580538,1.53305679903688
"GSM1426186","GSE75214","discovery",1,"UC",0.326407802647141,1.80600183467896,2.19680320612566,1.30128531083214,0.159363334187946,1.65753083732247,1.63831732961416,0.302714811866929,-0.0306619641797824,-1.27195590672084,1.00830369932064,-0.164214180135507,1.14475530159074,1.03643338949379,1.58838357048484,0.493546322863008,-0.280957407464199,2.09503826706584,1.36788091984106,2.24594810520051,-0.732046018041093,0.390149000489185,0.295124266933407,1.1737864031244
"GSM2332119","GSE87466","discovery",1,"UC",0.250557168198281,0.599931236119784,2.74906317605298,0.240290906233834,0.175652631060709,-0.0557059070660876,0.330319779912465,0.808089925051968,1.09727768043228,-0.654842264139519,-0.118659295016991,-0.832522671942984,-0.174554820269669,1.61001896856027,0.0700977784765499,0.146705926592412,-1.1465415038278,0.545249029000064,1.28524666950017,1.5706405140799,-0.0459633082453953,1.9698101266845,0.49546616075667,0.685583212842119
"GSM2332120","GSE87466","discovery",1,"UC",0.233064082297999,0.301744843586966,3.2173292510512,0.142804155374306,0.607715074452235,0.219437445125383,1.284189135847,0.830994765265862,1.14178638754759,-0.823926159150019,-0.585204304050813,0.227037823028694,-0.370226408032631,1.58783851872801,0.698928962643155,0.184442858206234,-1.44554234826884,-0.616843036372646,1.50851296805621,0.798493603706068,-0.0776862474201149,2.27168801726818,0.618525179464737,0.54041708646431
"GSM2332121","GSE87466","discovery",1,"UC",0.356532557506108,0.502813356494313,3.14452166085754,0.18679977710113,0.304332059288455,0.110264474943667,0.961397315082385,0.202776252732531,0.747682185044898,-0.438450471935096,0.0668468382460251,0.172046326020106,0.0552418611965122,1.47194725969066,0.49441875052378,0.0280352821770052,-1.42244076376219,0.223711069714542,1.61455135698836,1.64187388515195,0.278387745130791,2.17491514649602,0.0224735129135464,1.07416664818714
"GSM2332122","GSE87466","discovery",1,"UC",0.122392976834148,-0.0209287077214308,2.9657864519094,0.322826207821456,0.371880914492498,0.101101210580824,1.12388983094292,0.735077901724898,1.36317267722131,-0.723993665253607,-0.521301867436524,-0.290771446707594,-0.102808949052268,1.7771769837925,0.224186167772331,-0.351763807211174,-1.83516109477217,0.18083090020511,1.44160206983538,1.27403950864536,0.180673912396865,2.19165828767776,0.28288587149964,0.458432118382374
"GSM2332123","GSE87466","discovery",1,"UC",-0.0221645477025607,-0.261409208826721,2.90819263151544,-0.141868055925886,0.269087974804489,0.118503761193705,1.20161365865901,0.880669718555378,1.49374081391552,-0.618525179464737,-0.821002048002741,-0.170792485743094,-0.115393681582064,1.68947968583253,0.157955731222571,-0.350778170746807,-1.42520707923557,-0.987467654981634,1.08969573259269,1.21056322258617,-0.036070525262216,2.3201508715107,0.237668759141846,0.135864338932816
"GSM2332124","GSE87466","discovery",1,"UC",0.295769603024994,0.676429939079296,2.6241083031553,0.0786157464140853,0.131734767044088,0.0105796204504207,1.00727716100048,0.668201576702785,0.585570921504356,-0.873183338919409,-0.242278480836298,-0.0798551842100413,-0.07846082521993,1.46966958847843,0.478252172123302,0.076447019686697,-1.0101027027275,0.510891566204733,1.5679949251718,1.90053529131158,0.0739689144579409,2.04755298521573,0.265726588922804,0.898564300334897
"GSM2332125","GSE87466","discovery",1,"UC",0.568605115034544,0.907503724905259,2.28409431015464,0.679734119168477,-0.320711758700992,-0.00918955523716032,0.505794932754608,0.0186115924237875,-0.114149963877957,-0.160145472115232,0.395320618566997,-1.05349677778524,0.117259593481786,1.04067083689965,0.398829981142349,-0.528214328757028,-0.326570701593493,1.58457807164746,1.92457784368975,1.92654998929872,-0.057716912411957,1.5982762270263,-0.217539346742268,1.05619073146484
"GSM2332126","GSE87466","discovery",1,"UC",0.43132047236236,0.748908249628723,2.70457481484426,0.658482757720304,0.302714811866929,0.107933984124659,0.968038260597147,0.76164428696521,0.754029025724931,-0.454661128694134,0.305626430370897,-0.283368151655096,0.0654537963899803,1.32468942028333,0.388566242769842,-0.0247135766914612,-0.493023046565518,1.38420079209343,1.67990412849333,2.04881108410626,0.218013797599854,2.01298854100627,0.271490825339935,1.23934237863875
"GSM2332127","GSE87466","discovery",1,"UC",0.61199327677944,1.11091473493242,2.77715677376164,0.533726894465292,0.40385190295065,-0.0721106344204177,0.78960291686321,0.152328419089233,0.472200428620516,0.234333840333546,0.599191817803011,-0.572330682722862,0.164683820145525,1.0905350764895,0.577340913383235,-0.173535612897338,-0.81948860297286,1.71044169323537,1.83599365412252,2.15402199173733,0.570603215554832,1.69530021377052,0.354393845632717,1.24669950123155
"GSM2332128","GSE87466","discovery",1,"UC",0.0487464223247913,0.732651855789987,2.69279209331882,-0.254224346236661,0.881352746053396,0.170792485743094,0.843052622289423,0.992509884395969,1.30525715263403,-0.847688964478956,-0.767229353714808,-0.465477356433654,-0.475483500664521,1.49468404844769,0.219121040672819,-0.16781568714732,-1.34463520560465,0.38981570723911,1.10977042494703,0.933335153739315,-0.392816910977418,2.47705702948844,1.4029610107336,0.266126595762014
"GSM2332129","GSE87466","discovery",1,"UC",0.371715418104487,1.02618176501473,2.46078824251391,0.896023343851324,-0.156079413489495,-7.72220664548031e-05,0.775339205789531,0.215800111622272,0.105448772905817,-0.321687479552913,0.493720778324272,-0.704460523704847,0.0428713758289957,0.898333064655249,0.447479826222309,-0.00254833094861195,-0.976710972917568,1.84608508507232,1.89306867786029,1.9779360526863,0.214219555188711,1.65206521592701,-0.153891069937664,1.26728788130828
"GSM2332130","GSE87466","discovery",1,"UC",0.0584904377185497,0.12955401747948,3.00573306817502,0.0107340733535647,0.0934199623252338,0.230367090942088,1.2504034983128,0.782870744010312,1.01551943476429,-0.744418158726717,-0.67507153998002,-0.233540197417408,-0.453120315690744,1.59276106978192,0.369730253859741,0.100014621727603,-1.32061521184015,-0.795735006663686,1.32431812875278,1.58838357048484,0.144676730585936,2.19165828767776,0.460320057342387,0.808946530705198
"GSM2332131","GSE87466","discovery",1,"UC",0.364278529818218,0.808732323661588,2.17000903594794,0.493546322863008,0.485711253246195,0.0983073630085281,1.22777423189462,0.734673260554954,0.641314229685993,-0.0359159810546087,0.309350609597962,-0.0650668629749424,0.16718918303357,1.29661762530934,0.58318931151511,-0.109953708507403,-1.18011518626949,1.1899330559066,1.64784804517294,2.15402199173733,0.0827993442228842,2.07335505696959,0.346347005099419,1.15222209302023
"GSM2332132","GSE87466","discovery",1,"UC",0.684801981551389,1.03405798311987,2.08952482968032,0.655990954088265,-0.258054616134511,-0.294640345524374,0.551621591570662,-0.124416097122821,-0.0591092831406173,0.247211816692118,0.877260724010257,-0.873183338919409,0.242914706527827,1.21313811972827,-0.0192294795524196,-0.924419353458634,-0.419401152274936,1.97684503198007,1.87485038970499,2.3012029860474,0.379504853755564,1.53056068851701,-0.285941428959652,1.42905546169979
"GSM2332133","GSE87466","discovery",1,"UC",-0.0297348767202514,0.104982868762118,3.03530098854986,-0.25773528311144,0.438790549454991,0.234175099957906,1.2320517334515,0.97895299782488,0.772214023416892,-0.795735006663686,-1.09586886178159,-0.214377586687156,-0.51053964938818,1.60272361702333,0.608272468781055,0.0679304047972823,-1.40089789364829,-0.526084743481083,1.02487524200679,-0.480851134978794,-0.421003795205182,2.16354774341395,0.715389411448014,0.859695583425565
"GSM2332134","GSE87466","discovery",1,"UC",0.362463699767939,0.77304666695786,3.08532890141916,0.154359938305652,0.232112010418831,0.302229792183269,0.960907079338643,0.693615137150807,1.00190515564264,-0.557204736550036,0.0606564962587341,0.302391457505897,-0.0229369647617361,1.41672986342336,0.829033159575182,0.129398273349571,-0.895331359264274,0.770654257853747,1.59883042322725,1.31619547777842,0.16171004241203,2.20727099424321,0.284332909852643,0.982951018150596
"GSM2332135","GSE87466","discovery",1,"UC",-0.028653306928241,0.334890155871413,3.02018706564963,-0.182793625179283,0.45363380032554,0.159363334187946,1.07114661297546,1.10948457442501,1.29091128328995,-0.854677855257827,-0.692633245530206,-0.119748112371034,-0.53087968462307,1.79739100667558,0.517236954881344,-0.0544684777984647,-1.53782589963066,-0.611620815328283,1.06024609516698,0.189000504424848,-0.510715599890231,2.27373155259275,0.621145331984068,0.422354228297746
"GSM2332136","GSE87466","discovery",1,"UC",0.669650341297832,0.710908244475372,2.35207259006497,0.504040521565529,0.244505701637592,-0.170792485743094,0.922645000134161,0.058335729872237,0.065299021851258,-0.430812029021942,0.570239755300119,0.102653687784943,0.00625502816477101,0.771173971226364,0.641503947018519,-0.0193839524724816,-1.1303026058789,2.19336681593825,1.79506557201487,2.2125969325899,0.374364585889249,1.96446424757843,0.326407802647141,1.34922618895209
"GSM2332137","GSE87466","discovery",1,"UC",0.319898891201999,0.630914977337393,2.80762969696212,0.111663056135219,0.287550688233488,0.226720881680447,0.920047856892843,0.685387865807057,0.669650341297832,-0.838214859239404,-1.07581807705397,-0.397826806703568,-0.369730253859741,1.44774112461821,0.851233681348488,0.146393703478997,-1.36866858059726,-0.18554262539042,1.5022782557738,1.47331753604575,0.113839062114332,1.97630040284997,0.40905194587453,0.652547471658334
"GSM2332138","GSE87466","discovery",1,"UC",0.315431879989333,0.6408400373016,3.10387453060587,0.464444910083453,0.0424849136992164,0.063751361879966,0.925485363758801,0.681486397701003,0.762470202430314,-0.713595225458702,0.335216877998301,-0.440661884520912,-0.22054503394953,1.5679949251718,0.426410165033379,0.114771800538397,-1.49704797099468,0.448845904047174,1.74761980881916,1.89399624476746,0.184757054580803,1.90525628270349,0.236715657066508,0.825119484957276
"GSM2332139","GSE87466","discovery",1,"UC",0.688908127624537,0.791502793001432,2.88761874648182,0.254224346236661,0.485711253246195,0.0736591835529439,0.728617996979162,0.730633440273639,0.806592290099787,-0.516883888758958,-0.14779882032625,-0.451067569693485,0.212481560840562,1.50395108581921,0.807661844520087,0.18224399152728,-1.40606692936545,0.812378907843656,1.71917640880489,1.9148277101222,0.427594466163837,1.94978727606638,0.767436667269862,1.15132268703632
"GSM2332140","GSE87466","discovery",1,"UC",0.42167891562608,0.856348035254621,2.75588496092672,0.21232359325473,0.60548738159426,-0.132357952980941,0.785391136323061,0.438110445115632,0.928570874289237,-0.309917707563398,0.479464618393118,-0.26940826482204,-0.0295803646498461,1.49232844900124,0.23703333382354,-0.0944282870256097,-1.3614148533808,1.54161583713037,1.71917640880489,2.1177536871175,0.0998594044176168,2.05133705455653,0.689299794530611,0.933096436848803
"GSM2332141","GSE87466","discovery",1,"UC",0.122315174571762,1.02122625035351,2.77715677376164,0.265886586552815,0.322826207821456,0.01444102832694,0.959682499115746,0.210586298539995,0.625271356510717,-0.679150490085226,0.0747432728322021,-0.791714066687733,-0.148501488019271,1.38742845843615,0.324290902599851,-0.258214292512585,-1.07114661297546,1.07581807705397,1.59496131309448,1.98897796443526,0.0351432728097039,2.05260496401452,0.887060719489898,0.84393433601206
"GSM2332142","GSE87466","discovery",1,"UC",0.027108265053811,0.478425335654206,2.99188099299761,-0.166562744535945,0.598822231484282,0.375773024454881,1.21798785233719,1.14743597823821,1.25276954756218,-0.70802793294883,-0.956261305146163,-0.404857506612547,-0.458603681591311,1.86245836461159,0.478944912359593,-0.172046326020106,-1.173478883403,-0.912996069473609,0.927858049419424,0.922290477956526,-0.217144008435508,2.21979726979385,0.728617996979162,0.424550327265331
"GSM2332143","GSE87466","discovery",1,"UC",-0.124416097122821,-0.515472267802621,2.99188099299761,0.0518392151405873,0.419316832515433,0.134227820235297,1.21088464579137,0.537113587329432,1.37380920004344,-0.670423590649716,-0.693418705351937,-0.596237412178996,-0.116948579988266,1.68180692912844,0.160380132576554,-0.131111632263649,-1.79467894190572,-0.485885040583338,1.25922729876921,0.881125024547355,-0.459805002444023,2.17000903594794,0.0674660094402963,0.38299266828763
"GSM2332144","GSE87466","discovery",1,"UC",-0.831212918828245,0.769096364941519,2.02066119886666,0.322175454791028,1.3785868244445,0.420328866618084,0.81970469443731,1.27438731376997,1.77905311940273,-0.876920385255065,-0.800832555849771,-1.27578007834974,-0.87499371409235,1.98953646595844,0.180987892470091,-0.908319996696923,-1.32729358980366,-0.923117876838594,0.278227202429854,-0.623863564567848,-1.19685859262822,2.81567227086083,1.92457784368975,-0.264446852366281
"GSM2332145","GSE87466","discovery",1,"UC",0.358178830414008,0.814851851652103,2.65426050114931,0.425226461671022,0.552161142277148,0.185385502083557,0.80381575611575,0.955773476486065,0.886831846027388,-0.681291596819902,-0.214219555188711,-0.321362205285129,-0.25358633189113,1.46604109438593,0.56208166181927,0.228464341852214,-1.47744505246749,0.451409561827457,1.50899499581696,1.85034591304895,-0.160145472115232,2.24594810520051,0.981950041638023,1.0594336284235
"GSM2332146","GSE87466","discovery",1,"UC",0.643022518046858,1.09897114286199,1.90241860200462,0.528924722709434,-0.242755640896539,-0.0755176760274391,0.673133127539796,-0.120525925903239,-0.0352978127652682,-0.343560502316169,-0.051065971604112,-0.553690743299909,0.0928770576601415,1.0183686968099,0.726203364567301,-0.351928113158359,-1.27665181442624,1.77680250636983,1.8572339243514,2.39601868860876,0.249441741285533,1.53405792303367,-0.17863347457823,1.2602517542693
"GSM2332147","GSE87466","discovery",1,"UC",0.386485148114975,0.277424596390089,2.95346041961067,0.170635774626494,0.53925572726644,0.231160148889039,1.24468632850843,1.07885334127259,1.15282221519803,-0.788759441857512,-0.792136720117543,0.051065971604112,-0.0748981498705451,1.39270445617194,0.920283704287463,0.303523336344925,-1.47997986629877,-0.771589891942683,1.47423259275489,1.22810247310222,0.0543138050430348,2.21618273908839,0.826639964830883,0.823600910254779
"GSM2332148","GSE87466","discovery",1,"UC",0.210349444069632,0.442023825010425,2.88761874648182,0.156548441152757,0.609015955345254,0.17228145112724,1.02801384558351,0.997577474590767,1.10677350314305,-0.581542441031046,-0.440151367628891,0.113217291566109,-0.208849639183377,1.66644213173902,0.450298280166638,0.24371012697082,-1.24134220634996,-0.402511732852035,1.42563363538945,1.12359943845002,-0.150453728600415,2.25962182328629,0.632234712044032,0.618525179464737
"GSM2332149","GSE87466","discovery",1,"UC",0.594762160286797,1.2619621253427,1.64068605979205,0.809910922147221,-0.326407802647141,-0.273654731460097,0.803602433299895,-0.149907043754935,-0.282484021630814,0.498261918162963,0.915341607039361,-0.687733760350813,0.388316422715648,0.73386433884425,0.151859696532712,-0.398662757554696,0.303038197882328,1.93551867712844,2.06028258080233,2.40987236286234,0.493895248813079,1.53807787548094,-0.331951260126854,1.33478412192411
"GSM2332150","GSE87466","discovery",1,"UC",0.680902072592863,0.583372394717683,2.70457481484426,0.25677744157491,0.125661346855074,0.176593780209592,1.00420389511709,0.468319148279199,0.499136390613033,-0.566609282042849,-0.102032667422796,-0.0485917951689924,-0.187900027008261,1.08051313701877,0.698731802879434,0.347495169472131,-1.44400735315473,0.816898482910597,1.67048017173244,1.97739024811579,0.204431879794075,1.82690463219999,0.066537262273686,1.11177392298713
"GSM2332151","GSE87466","discovery",1,"UC",0.401339676836506,0.782660935845684,2.34719035135652,0.405360461949443,-0.0125875292187683,-0.260929802037633,0.94533961345393,-0.0280352821770052,0.0920239770012987,-0.319086235022426,0.65560796133077,-0.400335496079895,0.199072807780225,0.962869410634877,0.394903162265544,-0.269248116360639,-1.35539209175942,1.44291300764596,1.7745608574784,2.150889728064,0.308216711859219,1.82526819757015,-0.160927708022154,0.905291171680899
"GSM2332152","GSE87466","discovery",1,"UC",-0.0731946004351925,0.811197950413981,2.6241083031553,0.100014621727603,0.760612622642842,0.128463874345182,0.868219495456841,1.09615045147224,1.18493192830015,-0.788127203695211,-0.890269842076134,-0.438960607244618,-0.299482686111535,1.62893314803185,0.652929698188915,-0.124104814907439,-1.61341515033439,-0.449700128076529,1.05242133454345,0.989733544276759,-0.700112492378786,2.5417799417233,1.40835325305269,0.88981083505103
"GSM2332153","GSE87466","discovery",1,"UC",0.290127054736805,0.328852199199884,3.02018706564963,0.409387811135196,0.36477369151573,0.185071269195529,1.18368626830389,0.782870744010312,0.838873397651609,-0.604189281085572,-0.637713971387625,-0.169852281818437,-0.040088987877555,1.44291300764596,0.604930927994792,0.169382236207027,-1.35153238295141,0.177927342853083,1.49799588665117,1.19527957066711,0.16108416700538,2.04881108410626,0.373702048317278,1.11925486935608
"GSM2332154","GSE87466","discovery",1,"UC",0.164527269444717,0.357520205007192,2.97858025171862,0.00625502816477101,0.343232854187374,0.223236022147041,0.821867718575896,0.854010450503383,0.950786282636506,-0.651305893144435,-0.428779367329191,-0.0297348767202514,-0.100868360106971,1.64306403160777,0.770758183872693,-0.0181481817532309,-1.09418114520634,-0.899952724725756,1.40420175290491,1.64904996037499,-0.00625502816477101,2.05899452698056,0.397325369641033,0.855011700432668
"GSM2332155","GSE87466","discovery",1,"UC",0.0851241868870761,0.206798034928283,3.02018706564963,0.115393681582064,0.29770635176045,0.121148229211246,1.31308032117771,0.761437889274349,1.04839921844176,-0.639797320854734,-0.520948055603112,0.0340615164141984,0.0786157464140853,1.74833142718726,0.731844131829889,-0.132046353602312,-1.25582195444696,-0.732651855789987,1.45526982135485,1.88388137705042,-0.00517390153081902,2.1815391598435,0.231477412752461,0.888434937351038
"GSM2332156","GSE87466","discovery",1,"UC",0.22054503394953,0.23655682764792,2.78453560040802,0.286906895393674,0.331461723479262,-0.10234317267008,0.78833791473497,0.820569443365069,1.10520764689594,-0.476867379462881,-0.134851213303834,-0.596790966183499,-0.116948579988266,1.71647483807468,0.345527167229138,-0.213903508236697,-1.4728604699428,0.81076879177949,1.52981371185572,1.66489624972033,0.10016984144722,1.87395565639766,0.154516235297774,0.85523431683273
"GSM2332157","GSE87466","discovery",1,"UC",0.0734268900130337,0.228305816853118,2.38792214078402,0.405025147006109,0.446797100493864,0.21769749158193,1.26608215087915,1.08439761728436,1.17594215651808,-0.748499436425222,-0.486754197563081,-0.258373975474504,-0.248326624636285,1.51675558660015,0.633366790232231,0.076447019686697,-1.4424757529037,0.339631146869403,1.10378648903814,1.53908675673327,-0.380334865555547,2.27991979022135,0.941002388358863,1.11954385005295
"GSM2332158","GSE87466","discovery",1,"UC",-0.29770635176045,0.66540459978588,2.65426050114931,-0.156392094776888,0.866419758724196,0.103895847531653,0.779517935504009,1.4512737949709,1.44422642988744,-0.930235970118803,-0.795311144593605,-0.468750052355445,-0.717185903311648,1.95393787753222,0.690769488393518,-0.24880449388025,-0.869120419136207,-0.807340881226697,0.875899977852653,0.615909266381621,-0.712798546565,2.49056102873911,1.23568884589611,0.248645197824595
"GSM2332159","GSE87466","discovery",1,"UC",0.039470722347095,0.316162412522917,2.93007645021901,-0.143272251977701,0.31291688657575,0.189943952942814,0.882720036131583,0.818408719073452,1.36044009958019,-0.715090220635792,-0.495990069706874,-0.42075067452687,-0.344871464131562,2.00658760580152,0.12675110017088,-0.123015421645494,-1.47469058438472,-1.16628387148793,1.12650764005249,0.726002336385501,-0.344379784111785,2.27168801726818,0.54157917501055,0.369730253859741
"GSM2332160","GSE87466","discovery",1,"UC",0.0860542520886538,0.057948966356784,3.31263520533285,0.175966330115448,0.23401636548291,0.130332785345472,1.15613033505059,0.513004398372364,1.24636362158707,-0.729423818714893,-0.335380252479362,-0.174084394399576,-0.100480288130606,1.55960195549334,0.50351450083778,-0.0680078054450748,-1.51286390186795,-0.385486817474338,1.53255681270157,1.47012451280523,0.209796829502777,2.17987417253667,0.0662276926779661,0.517413512121427
"GSM2332161","GSE87466","discovery",1,"UC",-0.0135142729693867,0.80402911551682,2.71060993508417,-0.205851434676243,0.650065317818993,0.0265675158743013,0.793617122959125,1.39067064385377,1.4464210197545,-0.767022073129191,-0.877714667147186,-0.360155640533495,-0.851899506803398,1.97304487582084,0.231477412752461,-0.268287370437985,-1.32599038098514,-0.300936753532166,0.964589497064981,1.38299412710064,-0.433949210308446,2.33522382075236,1.12505234984067,0.203485738863127
"GSM2332162","GSE87466","discovery",1,"UC",0.0834192579915985,0.378675103321627,2.5417799417233,0.0668468382460251,0.87567334449003,0.0843491888309893,0.984454332295091,1.30092525111343,1.42053198022736,-0.743603391206922,-0.49948628645697,-0.246495316733707,-0.37801149066375,1.94209423614667,0.386152328482531,-0.121614987469654,-1.49326969459728,-0.410563703606676,1.38581282061982,1.08634600702593,-0.156861145388885,2.34962446995776,0.734673260554954,0.71938476416499
"GSM2332163","GSE87466","discovery",1,"UC",-0.262208353731391,0.402511732852035,2.63389501569887,-0.109254522802887,0.100635515102006,0.0190750070912078,0.837337373054306,1.14134191784426,1.28172712626281,-0.747273746578879,-0.683045737055504,-0.359661306345286,-0.478511922799334,1.80600183467896,0.40385190295065,-0.265406614064438,-1.22221424753862,-1.03076845444879,0.825553713010581,0.850900910100494,-0.480677769898619,2.2778473400748,0.406702178057719,0.384488870886861
"GSM2332164","GSE87466","discovery",1,"UC",-0.186328310719091,0.608272468781055,2.6388845698073,-0.0275717706536458,0.681096821788605,0.196159251946312,0.984830508584007,1.61284782721935,1.50037158326679,-0.931426905049377,-0.909487150253435,-0.762057179719397,-0.66714004016321,2.24211734488165,0.257974780412973,-0.192617978367323,-1.09109506617715,-0.576611254233287,0.780145918847547,-0.270529497794132,-0.834489984009123,2.37997916894972,0.98797074756814,0.483106199059095
"GSM2332165","GSE87466","discovery",1,"UC",-0.187428463558635,0.0145954887375614,2.76992612575716,0.0494422590027587,0.512475975965073,-0.0376160153320283,1.00369260577562,0.836898871661103,1.62893314803185,-0.856348035254621,-0.486928073071996,-0.49040868528599,-0.404187058746377,1.80442625544408,0.222761024951917,-0.206482480963289,-1.50923614123517,-0.570603215554832,1.00139504325363,1.28524666950017,-0.204589587719928,2.36706549179115,0.821002048002741,0.552341028231324
"GSM2332166","GSE87466","discovery",1,"UC",0.428440762778595,0.718184955033451,3.05114179016379,0.291738261191987,0.238701530111806,0.0790805213326868,0.90715407918713,0.707631109713637,0.880897348724723,-0.476175326072047,0.0575622115094923,-0.525464064026426,0.103274747739685,1.39351959638912,0.729222318892332,0.0380796797057757,-1.14208282604036,0.680317979876651,1.78131278005043,1.88479297188942,0.28642412880376,1.93652486336785,0.206640255373778,1.06431897104585
"GSM2332167","GSE87466","discovery",1,"UC",-0.0221645477025607,0.730633440273639,3.06778733053757,0.374530245950563,0.198915275286565,-0.0867518497995346,1.12621639118255,0.930474051524053,1.09544664009876,-0.813991132738878,0.141244058735132,-0.400000858899847,-0.123404473841412,1.59221221205296,0.404857506612547,-0.105759388378868,-1.2602517542693,-0.0192294795524196,1.53807787548094,1.37420613838685,-0.0356068952091215,2.11053759583327,0.510187795788283,0.882036184973614
"GSM2332168","GSE87466","discovery",1,"UC",0.122392976834148,0.386651573984222,2.68137176249543,0.11889260113534,0.39615573797688,0.203012736750653,1.08523213700377,0.798599824902404,1.20034298658994,-0.665886465346579,-0.82165124321088,0.109953708507403,-0.430473128665466,1.54009720696875,0.550003901667447,0.194191576887982,-1.36985166630536,-0.467026957225624,1.32953292122757,0.931665250591528,-0.217223073379893,2.19508177088321,0.349136199731183,1.0293245900093
"GSM2332169","GSE87466","discovery",1,"UC",0.418220946632951,0.69479429057432,2.77715677376164,0.145769300031292,0.528036771926427,0.0221645477025606,0.738928017017804,0.579166408021821,0.923827579192376,-0.453976189867988,0.134383663602711,0.150922351395968,-0.0340615164141983,1.51092662181815,0.609015955345254,-0.108710748640073,-1.09193569282709,0.222127773511807,1.68947968583253,1.64724797918375,0.0162945770480425,2.19508177088321,0.440661884520912,0.737913768673064
"GSM2332170","GSE87466","discovery",1,"UC",0.110419862153344,0.350121269097493,2.91895982855352,-0.0781509884771018,0.493197456991522,-0.18554262539042,0.99276265839735,0.841291157944643,1.22810247310222,-0.576246539771276,-0.293188994699888,-0.101566927986726,-0.0422530394707256,1.66551412496057,0.501411808582208,-0.226879349505765,-1.3370459445087,-0.342413894958653,1.40420175290491,1.49942028897126,0.0476640565019926,2.16838521038473,0.307730877054921,0.436411069621867
"GSM2332171","GSE87466","discovery",1,"UC",-0.132202151687119,0.478511922799334,2.78453560040802,0.144364599662397,0.763296638331907,0.0243273502646998,1.28313303645476,1.25361626698254,1.54619319110072,-0.657619748331027,-0.924064250066117,-0.695777656845803,-0.585204304050813,1.86950434124874,0.705846781909172,-0.265246636826739,-1.3785868244445,-1.42777031733238,0.878623096472543,0.061275421957866,-0.296899237823808,2.39060360845496,1.17532566956843,0.323477097590908
"GSM2332172","GSE87466","discovery",1,"UC",0.637051667934439,0.758345805170399,2.61456665235439,0.677983925264885,0.771173971226364,0.0598828717807085,0.956017362377369,0.408380353713546,0.289321734119725,-0.703075617950632,-0.00718171390790685,-0.142960184093682,0.134227820235297,1.23635189747354,0.966312442169273,0.145144953410905,-1.38742845843615,1.24939161691452,1.89772290246762,1.82772468751735,0.18554262539042,1.75621830753664,0.40385190295065,1.24100855699963
"GSM2332173","GSE87466","discovery",1,"UC",0.620770763721309,1.09840630537015,2.27168801726818,0.710411218745712,-0.246574921584678,-0.247530301837833,0.634310809122947,0.121614987469654,0.24514227279082,-0.243789677488134,0.597898623274403,-0.8541216582077,0.224819710593786,1.06677119379161,0.417209805301758,-0.252151176524508,-0.32022401280704,1.37064145655859,2.03514678199004,2.31901299944113,0.416788622334513,1.64545133100926,-0.335870429657114,1.13971412129111
"GSM2332174","GSE87466","discovery",1,"UC",-0.192460644809319,0.710013724486442,2.81567227086083,-0.219437445125383,0.636957075969498,0.0728848871393922,0.95431135327153,1.73149149512543,1.1495266635547,-0.794040414714833,-1.08051313701877,-0.774505084378255,-0.734673260554954,1.91097811243963,0.384987796254554,-0.156079413489495,-1.39719923721507,-1.68563090313301,0.779413301500987,0.258134453500856,-0.445773402127995,2.30779619925953,0.842391766878347,0.370061013187687
"GSM2332175","GSE87466","discovery",1,"UC",0.524311910217373,0.425564601766856,2.6241083031553,0.0871394223043764,0.210744208082949,0.0444172889582476,0.847025515555321,0.600855970560658,0.865071795789913,-0.633178054194725,-0.440832082336782,-0.115860121639814,-0.245062695969239,1.30561925135208,0.68988749324361,0.0817145715434578,-0.888893382937712,0.207271404498525,1.54875022775196,1.67235310532547,-0.076447019686697,1.83933668231658,-0.113683615360678,0.989733544276759
"GSM2332176","GSE87466","discovery",1,"UC",0.421510117513646,0.917692191243372,3.00573306817502,0.17455482026967,-0.0366887107447553,-0.218013797599854,1.01267839324066,0.577979617369381,0.944856821930096,-0.448248142079705,0.324779288680714,-0.457917509681287,0.22909849930818,1.48345183054673,0.427932948026586,-0.350121269097493,-0.974101466557488,0.84393433601206,1.94772450841739,1.9285296565453,0.515648664201468,1.88570613569756,0.0193839524724816,1.24100855699963
"GSM2332177","GSE87466","discovery",1,"UC",0.447821267298871,0.750954196583098,2.82390120221793,0.137033503422303,0.27197158316058,-0.0128964425617985,0.985708795693192,0.53970231772577,0.706738664544775,-0.500711403978239,0.0986177522268201,-0.17675065358718,0.174084394399576,1.31070671246883,0.756494030878753,-0.169303898912893,-0.952851267346649,1.02539764116814,1.89492544410046,2.14777842584197,0.385486817474338,2.0159255313363,-0.086054252088654,0.957970500551677
"GSM2332178","GSE87466","discovery",1,"UC",0.130021268740163,0.880442134009224,2.28409431015464,0.31048490521593,0.324779288680714,0.0761372311703319,0.907387164007086,0.916281233182715,1.13176655058791,-0.753618637008821,-0.155766747461178,-0.614882739246907,-0.342086375590503,2.04131061102042,0.562986261582618,0.0842716918193966,-0.957481873591001,1.0388146584452,1.55856052897294,1.15492591987314,-0.214535623539639,2.0450464666067,0.44526172814079,0.817006295113681
"GSM2332179","GSE87466","discovery",1,"UC",-0.0993937669073043,0.191359443061058,2.86819901439081,0.148735726861067,0.473927724571267,0.338649629179581,1.2667709141859,0.987467654981634,1.51968949657476,-0.87612665621278,-0.899489723938844,-0.358672901437386,-0.571694049001891,1.85983979900679,0.170949201054193,-0.104516987405588,-1.66304642757636,-1.06295938645487,0.788548660782071,0.66097865665488,-0.381829547790985,2.4126993890336,0.911825182394458,0.143350271127687
"GSM2332180","GSE87466","discovery",1,"UC",0.360485245552669,0.575881901943539,2.87777323450427,0.728819408041332,0.0399344200675309,0.259971168221024,1.10948457442501,0.638092556116322,0.371549931896783,-0.832741102983632,0.234492586614268,0.194506354178768,0.166875955598966,0.880100842667711,0.937401510852422,0.176436911177725,-1.50610807061554,0.857239775333445,1.5290675878168,2.09503826706584,0.318761231575238,1.83849899762043,0.0511432945761777,0.91440278835438
"GSM2332181","GSE87466","discovery",1,"UC",0.0595734320502316,0.535508598816103,2.83232591688852,0.0903180159471952,0.216906821744598,0.0807848429643476,0.815390107646127,0.787284709190243,1.34197016813629,-0.875446756095414,-0.054623151856991,-0.994533855649795,-0.154828840610207,1.50562813508184,0.0699429552708499,-0.266206602237867,-1.54415481670826,0.575881901943539,1.47836570410687,2.03514678199004,0.0402435566453594,2.10484283905728,0.459461700273169,0.546414173876634
"GSM2332182","GSE87466","discovery",1,"UC",-0.125817016733733,0.551261980302776,2.93007645021901,-0.0493649426402779,0.594577844846809,0.38249412472054,1.02735913523435,1.20959970255812,1.24535682533141,-0.854344105311888,-0.422016547904479,-0.122237373049767,-0.358672901437386,1.69790565421972,0.231953352248745,0.133916143276379,-1.33742358053223,0.190573012509478,1.01500227238179,1.55544634889634,-0.510363714690292,2.49400910682594,1.00088519130926,0.483974185354547
"GSM2332183","GSE87466","discovery",1,"UC",0.236874492456896,0.654268243118748,2.41554583022419,0.26684671543906,0.125505680021521,0.1832647836876,0.812378907843656,0.847246623759086,1.14833137163779,-0.912410469572357,-0.530346312256126,-0.68920186789281,-0.330156680309396,1.79739100667558,0.143584333815108,-0.234810096908722,-1.6557034643709,-0.0160628805269457,1.25786341045861,1.24653154383086,-0.53194688280652,2.16354774341395,0.514061673268006,0.87612665621278
"GSM2332184","GSE87466","discovery",1,"UC",0.148735726861067,0.641693687443293,3.08532890141916,0.117726134999595,0.261569024436328,0.361804057756729,0.92738309465089,0.425564601766856,0.961642519619244,-0.838873397651609,0.26332743811114,0.227196302253623,0.199230345214327,1.42520707923557,0.594946495934368,-0.228939951316449,-1.06895634533112,0.96237848039395,1.69465064854592,2.11921022125979,-0.0366114367975207,2.26161010089093,0.138124892608239,0.550273416604269
"GSM2332185","GSE87466","discovery",1,"UC",0.0603470421371274,0.255181561912818,3.06778733053757,-0.153969212313538,0.455174972810808,0.454489874002214,1.17501759353603,0.708821914115181,1.31729799989695,-0.978828311808641,-0.469612121786145,0.449871012246979,-0.388649521509748,1.65267007277814,0.763296638331907,0.241642353199907,-1.60160879750043,-0.21896284667436,1.28736605996419,1.56378467086753,-0.108400034989063,2.4639901774655,0.764123595891456,0.430981497754647
"GSM2332186","GSE87466","discovery",1,"UC",0.140464139549182,0.586120995315389,3.14452166085754,0.342250130685477,0.453804988446785,0.122081772225006,1.3415902258077,0.832631882497479,0.871940364351905,-0.849681554100189,-0.0792354500968146,-0.445943986055524,0.104206412443074,1.64246866757083,0.650065317818993,-0.0331343284178024,-1.41588772459369,-0.0334433878789346,1.66923479730956,2.06939607994731,0.0275717706536456,2.20200694014514,0.728215263497236,0.579714432704882
"GSM2332187","GSE87466","discovery",1,"UC",0.101566927986726,0.562895780884542,2.99188099299761,0.353900527215124,0.134383663602711,0.21769749158193,1.26918633143695,0.801897165174734,1.173478883403,-0.91804521629361,-0.119592558372897,-0.175809478425466,-0.127529587489358,1.72667114541037,0.463241014648585,-0.0475094374007955,-1.64187388515195,-0.0574075119846156,1.42520707923557,1.49610139859614,-0.0447264842043402,2.11341083690886,-0.1208370717078,0.654650899833089
"GSM2332188","GSE87466","discovery",1,"UC",0.159519753959177,0.349710782293902,3.31263520533285,0.532124808053628,0.183814520045059,0.188293028465801,1.04093629803933,0.396489863084399,0.706441307899293,-0.618525179464737,0.0532311319290848,0.106535971771947,-0.144364599662397,1.26953199597823,0.372874106931194,-0.107467956702706,-1.33028084850795,0.906688057335538,1.64664850574867,1.64246866757083,-0.186956941784186,2.15876038214341,-0.111041437692028,0.615162636895112
"GSM2332189","GSE87466","discovery",1,"UC",0.0759823396540178,0.238304280437062,2.69279209331882,-0.104516987405588,0.757728258406361,0.585937617680427,0.916751349745064,0.852787862017556,1.15282221519803,-0.717785248377646,-1.29912747709198,-0.784130317530076,-0.727208946088361,1.75261984353121,0.622269560152236,-0.0368432592969227,-1.47744505246749,-0.817329788718356,0.902270628922233,0.737913768673064,-0.722589332002311,2.21438627677101,0.912293387136019,0.529990814489172
"GSM2332190","GSE87466","discovery",1,"UC",0.393400888629271,0.782031717949629,2.85888070361339,0.493720778324272,0.224502927919283,0.306921313701655,1.16582666277968,0.557565534717712,0.547131554883236,-0.67119724106561,0.413758281056896,-0.277424596390088,0.148579566727244,1.4965745171792,0.280636098545652,-0.193719447016788,-1.37380920004344,1.54009720696875,1.63831732961416,2.28200207925444,0.318923729087953,2.18826030012374,0.157486599910992,0.897177605969165
"GSM2332191","GSE87466","discovery",1,"UC",-0.0584904377185498,0.600670982588248,2.91895982855352,0.171105920563863,0.0172213720043779,-0.125661346855074,0.865296347085658,0.680220653657309,1.15824210664326,-0.586120995315389,0.387816855284479,-0.199702987201492,-0.163901106922552,1.54568299523137,0.366259713943241,-0.125817016733733,-1.25344685120185,0.813023544198325,1.62198801209172,2.16515460790832,-0.199072807780225,2.0680835990276,0.203170399069613,0.588690356689721
"GSM2332192","GSE87466","discovery",1,"UC",0.536043441523991,0.735077901724898,2.67579020876105,0.532124808053628,0.151547233369085,0.0924117325977588,1.00216030962857,0.471509904809212,0.601781219099546,-0.190258473315107,0.585204304050813,-0.0186115924237874,0.152015933672751,1.37579606113847,0.325919157753828,0.04124827723786,-1.35694164354,1.78433988149857,1.82936849532896,2.04629811889419,-0.0810947446922045,1.72325244425808,-0.084039203819417,1.36160995943241
"GSM2332193","GSE87466","discovery",1,"UC",0.209165348429058,0.39273349653785,2.88761874648182,-0.023245935391394,0.475483500664521,0.185385502083557,1.00753369604455,0.85545697562462,1.01190498119907,-0.659538213487269,-0.379504853755564,-0.228305816853118,-0.190573012509478,1.67297872211778,0.502287660422915,0.106924287534256,-1.56116727407039,0.800832555849771,1.38581282061982,1.55492878313217,-0.261888675703249,2.14161747900386,0.531413208060683,0.724194400832842
"GSM2332194","GSE87466","discovery",1,"UC",0.316324775988549,0.629219788310905,3.00573306817502,0.496339417979891,0.908786709558226,0.312592515756007,1.19559513660723,0.908086714445813,1.48857662411167,-0.989103621189126,-0.80402911551682,-0.205378203764341,-0.32038658630166,1.46739951617785,0.824468434424214,0.149516582017013,-1.34845905011568,0.0707170881396067,1.20384201519235,0.525996062583778,-0.0853566962529267,2.59170308208882,1.71177701435146,0.977457768617888
"GSM2332195","GSE87466","discovery",1,"UC",0.117726134999595,0.142336090059273,2.95346041961067,-0.166562744535945,0.680512651651109,0.056943421638246,1.10265116581132,0.81776124662327,1.49279890648237,-0.716586815758569,-0.814313831633084,-0.346183018918609,-0.568968236994742,2.00774530614339,0.0523031761108989,-0.101877418489945,-1.91676319916037,-1.05673044261849,1.18867998597454,0.902966945953132,-0.109487578753093,2.1815391598435,0.631291932180263,0.389649076853395
"GSM2332196","GSE87466","discovery",1,"UC",0.322012787859872,-0.291980007392625,2.77715677376164,0.0116607962788757,0.76785139336591,0.187742834554216,1.06759002825557,0.859472113995228,1.15252210222451,-0.526794339699936,-0.91440278835438,-0.475829384900458,-0.621332648797564,1.45038892970089,1.14089767350251,-0.0383887938302646,-1.61398299321183,0.0860542520886538,1.29661762530934,1.54926285196348,-0.106691296145861,2.06677467096155,0.944374250540323,1.0175908060479
"GSM2332197","GSE87466","discovery",1,"UC",0.305140981324168,0.893257972808042,2.78453560040802,0.610690032631311,0.33848607463727,-0.183500378192229,0.832522671942984,0.316324775988549,0.34028567375851,-0.368407620529454,0.702284848420574,-0.313403504556888,0.228939951316449,1.22319267492663,0.547849217573766,-0.0258722783219803,-1.1106285210893,1.84101593434776,1.84185751088413,2.15245322016886,-0.0834192579915985,1.83933668231658,-0.0136687313681049,1.32024591496406
"GSM2332198","GSE87466","discovery",1,"UC",0.0952039866923286,0.320549168264584,2.80762969696212,-0.0742786524591781,0.423536489333256,0.197025269182339,0.996308178402772,0.933096436848803,1.30236650349879,-0.859136990302176,-0.959437755731612,-0.137657134315467,-0.438790549454991,1.60328177455181,0.632423335442914,-0.207902636200486,-1.60664125593741,-0.816467329012618,0.972737226062477,1.15417401037712,-0.4370906683159,2.3747660966111,0.690475430333369,0.453976189867988
"GSM2332199","GSE87466","discovery",1,"UC",0.229891325742418,0.426156464067671,2.95956723206489,0.0657633501750801,0.549105806863121,0.22434454503205,0.891877846015643,0.962869410634877,1.14743597823821,-0.7179850873669,-0.629031545630433,-0.393818097666791,-0.130254905009584,1.46626731016537,0.486580336768811,0.0425622056157072,-1.00254316298726,0.041325565149061,1.39966288007542,1.26505013067762,0.0147499494964031,2.00083907397793,0.310160780052361,0.664056197237413
"GSM2332200","GSE87466","discovery",1,"UC",0.246495316733707,0.313890196762377,3.00573306817502,-0.0549325038982227,0.557745961020241,0.202618603021141,0.897524117752359,0.679928713649529,0.632989340709144,-0.603633263935046,-0.291738261191987,0.0756725620863299,-0.0439535040416671,1.51480687647695,0.731642275442813,0.068704429665605,-1.82119835933131,-0.106225330730912,1.42392896416113,1.80679130848781,0.110886039794672,2.20026573540211,0.386818010563466,0.763503328768565
"GSM2332201","GSE87466","discovery",1,"UC",-0.145925395555744,0.534617534499722,2.74236697357706,-0.424127841819711,1.14000985964038,0.278548295007202,1.08051313701877,1.31216651977938,1.29930706557143,-0.764123595891456,-0.950907640074269,-0.273895244404987,-0.757111000477485,1.77980533017172,0.392316465312892,-0.289804903939746,-1.43421979381103,-0.742585625432504,0.69479429057432,0.555401831987481,-0.897177605969165,2.49056102873911,1.25786341045861,0.619834723813125
"GSM2332202","GSE87466","discovery",1,"UC",0.543010442751234,0.825988096781174,2.67579020876105,0.150297528349078,0.519533459604322,0.170008972023625,0.745233420725623,1.06786313219556,1.26953199597823,-0.674102017147386,-0.533904988582928,-0.699915169352501,-0.397659649907678,1.72770070155244,0.688125110651544,-0.172438206489347,-1.36748740750741,0.703075617950632,1.2115278677786,0.772005946179227,-0.36130942955752,2.25962182328629,1.15342275284835,0.890499415940062
"GSM2332203","GSE87466","discovery",1,"UC",0.282242933607748,0.366259713943241,3.02018706564963,0.437940450701555,0.0911709633073487,0.251194694908263,1.12012209210098,0.692436947343988,0.49948628645697,-0.68392359561712,-0.149985138843275,0.057330162737608,0.103430018943378,1.21056322258617,0.686951375537543,0.269248116360639,-1.37818748651486,0.214061529039994,1.5834949902503,1.84270039394373,0.267647010760055,2.12360700750584,0.227037823028694,1.03247761503317
"GSM2332204","GSE87466","discovery",1,"UC",0.0482825443390787,0.00339777745845099,2.87777323450427,0.201909241574325,0.23623918670832,-0.182872148776619,0.920283704287463,0.769511620415478,1.31161876446426,-0.310971154140108,-0.111973881522925,-0.612924802128835,-0.149204229041358,1.67737648443132,0.194663750049736,-0.475483500664521,-1.70282215459288,0.277585103285304,1.42350344229473,1.66366240256373,-0.21121796825999,2.03514678199004,0.225611766067796,0.389149250581162
"GSM2332205","GSE87466","discovery",1,"UC",0.367581301998853,0.766193280093572,3.06778733053757,0.645112978100435,0.341431446884267,0.314701515755978,1.03484913645696,0.766607610788735,0.824143040177343,-0.794887425360228,-0.383823785888341,-0.281760806756815,-0.300451993843228,1.63185028618686,0.997069563348675,0.271170354990132,-1.34463520560465,-0.0274172681337897,1.43942266290353,-0.0081084058183565,-0.16781568714732,2.15876038214341,0.582823203737966,1.26299012249401
"GSM1162227","GSE47908","external",0,"Control",1.31619547777842,1.41926232760679,0.982951018150596,0.850124810030019,-0.0857442221234787,0.0306619641797825,0.565521596922293,-0.614976033109598,-0.273093596117959,-0.259811419166635,0.312430342681135,-0.383657541174919,0.5617199507026,0.83865384443732,0.537470439271898,0.327548277448903,-0.0795453133345531,0.899952724725756,1.79661478194791,2.17000903594794,0.31729913208856,0.824034594818627,0.334726808214909,1.32990679187482
"GSM1162228","GSE47908","external",0,"Control",1.1591487346649,1.43638293162311,1.05862186041322,0.652929698188915,-0.24371012697082,0.0533857956670502,0.627902557162864,-0.634310809122948,-0.0970659005384927,-0.284172098464711,0.190573012509478,-0.500011244920485,0.421341331410362,0.768888786931209,0.744621927824433,0.551441777022645,0.516883888758958,1.5013242372811,1.78433988149857,1.98730617201289,0.203485738863127,0.865745580624138,-0.00671837031516679,1.24267818772907
"GSM1162229","GSE47908","external",0,"Control",1.29447280625058,1.57436290903726,1.11435642500508,1.23172189434172,-0.533548817274537,-0.0428713758289955,0.698534670273055,-0.872957243233703,-0.051065971604112,0.0601923172452532,0.795311144593605,-0.782031717949629,0.804242511525372,0.456888655800248,0.830776651244164,0.369895628465311,0.354229396582999,2.27578462745581,1.88479297188942,2.15559608243179,0.381995676202598,0.42404335381675,-0.348479675044741,1.68307885380976
"GSM1162230","GSE47908","external",0,"Control",1.46921496810558,1.51383467480336,1.24301252982932,1.19464879561568,-0.18978669980452,-0.112750992390234,0.623394575350907,-0.855011700432668,0.0601923172452532,0.427763700969102,-0.086054252088654,-0.963360573049136,1.03722649231997,0.278869416305572,0.384322583703602,0.222444388081632,0.0989281509463823,2.19165828767776,1.97412772798816,2.61456665235439,0.947514907892527,0.327222384095002,-0.25629860919075,1.8012884679778
"GSM1162231","GSE47908","external",0,"Control",1.35500521193313,1.66737157587517,1.08718229487756,1.35230271381811,-0.333093821966887,-0.00918955523716032,0.528391902241902,-0.831867617006856,-0.158112116046885,0.294317769587127,1.08829852953174,-1.11521891235749,0.980450418897233,0.875899977852653,0.536756803771681,0.0834192579915985,0.593104047518398,2.19165828767776,1.85550365590192,2.3747660966111,0.750954196583098,0.366259713943241,-0.280957407464199,1.82200991516159
"GSM1162232","GSE47908","external",0,"Control",1.53656748257365,1.66861307971713,1.05511223109236,1.31509455325036,-0.119903669266775,-0.143584333815108,0.626962344482292,-0.763710051827949,-0.214693665750469,0.32999358948851,-0.00563724070261363,-1.17594215651808,0.934051623752193,0.260770013105723,0.439811086762147,0.387816855284479,0.693811595716779,2.13102750669987,1.99969726552907,2.44514580575386,0.990994570116546,0.428102207342912,-0.342250130685477,1.70645392272334
"GSM1162233","GSE47908","external",0,"Control",1.42435474401305,1.56641282485074,1.39760925549252,1.10720102607933,-0.148267257325147,0.109176838805462,0.560815994207027,-0.828815400310488,0.24371012697082,0.327385326425647,0.79700745162091,-1.30561925135208,0.886374238408167,0.712400376739765,0.707829507398611,0.323802593856921,-0.121926174355987,2.13704954843794,1.98619472179065,2.39601868860876,0.958948441290278,0.513532964064849,0.10513816760634,1.77158579442917
"GSM1162234","GSE47908","external",0,"Control",1.48717507712866,1.69660149436146,0.960417074422025,1.20224972285692,-0.44526172814079,-0.0249453143133849,0.373867667320911,-0.973729221241836,-0.0950488421910386,0.284332909852643,0.865296347085658,-1.14297274426776,0.911357177453989,0.257256332840361,0.44901672263333,0.119281459053951,0.398997215883518,2.20200694014514,2.05260496401452,2.26762917994187,1.05889237222017,0.412749012422314,-0.294317769587127,1.8572339243514
"GSM1162235","GSE47908","external",0,"Control",1.26230464284821,1.34769270403022,1.49138852366956,0.85523431683273,-0.215642031782243,0.063132340852643,0.640745216117474,-0.515825076646538,0.120059229063993,-0.151547233369085,0.342905242901614,-0.372708549339756,0.523603238372774,0.637713971387625,0.909954358713029,0.457917509681286,-0.266366620302261,1.84949105830983,1.82936849532896,2.05260496401452,0.32022401280704,0.632423335442914,-0.164996933659774,1.53405792303367
"GSM1162236","GSE47908","external",0,"Control",1.44906375725975,1.59441052838602,1.19591082165188,1.08300842683062,-0.266046590989611,-0.0250998068048031,0.447479826222309,-0.581359552826417,0.104982868762118,0.287550688233488,0.438790549454991,-1.23568884589611,0.899721200223176,0.695580929788708,0.468405322135632,0.21137589884936,-0.174398007359288,1.80050678558977,1.91870589537208,2.43304902411585,1.00804696515339,0.595130851800219,0.0506020401670524,1.59661657697798
"GSM1162237","GSE47908","external",0,"Control",1.38018637888374,1.55752079008087,1.0727926919355,1.12099015808137,-0.406366680480083,-0.0186115924237874,0.618712192247363,-0.801471212442373,-0.275659491184179,0.296092317250796,1.03326747649514,-1.32283478510279,0.91604625082633,0.525552720121579,0.653120847228349,0.381829547790985,0.372874106931194,2.23643218206009,1.96659585847815,2.29686245503762,0.620583512248775,0.575517340669417,-0.162805476968434,1.65936376207826
"GSM1162238","GSE47908","external",0,"Control",1.30308814525768,1.55234718106827,0.905291171680899,0.936203916625393,-0.391315868524337,0.0237093955059942,0.585754259746881,-0.708821914115181,-0.400837535933679,-0.141556050440755,0.623582154578285,-0.375855896973332,0.548028677328767,0.630538112123046,0.594209274546829,0.42167891562608,0.457060097835424,2.06546927433563,1.88025056519009,2.23455308716288,0.291415959441252,0.859695583425565,-0.0541591335869792,1.5894750918449
"GSM1162239","GSE47908","external",0,"Control",1.44906375725975,1.71445685074681,1.05000602656913,1.19370352329749,-0.21769749158193,-0.0995489770112811,0.463241014648585,-0.546414173876634,-0.0952039866923286,0.124416097122821,0.850346500641091,-1.55752079008087,0.743196192520407,0.77304666695786,0.394986648018114,0.23544518855406,-0.217064944848524,2.39601868860876,1.96873644276739,2.42713168578093,0.686560340792145,0.694597697949434,0.0337524505345373,1.71177701435146
"GSM1162240","GSE47908","external",0,"Control",1.15462507773905,1.22319267492663,2.24981211054909,0.755055553604013,0.0374614623427653,0.200963584266192,0.744825727844918,-0.344052043685153,0.45346262549717,-0.280957407464199,-0.0298893895005498,-0.818408719073452,0.350121269097493,1.28172712626281,0.736697671719949,0.53248070909851,-1.28701242666392,1.4464210197545,1.7398497882236,2.07468196746464,0.187900027008261,0.967051725944829,0.346839019549576,1.191187997044
"GSM1162241","GSE47908","external",0,"Control",1.38742845843615,1.7111089724124,1.16096485484584,1.09615045147224,-0.381663429916683,-0.140620116536088,0.618899226671197,-0.86619498894739,-0.248485908078121,0.192617978367323,0.877260724010257,-1.28913664629552,0.937880925147011,0.518473194598998,0.603633263935046,0.0622038545942383,0.23623918670832,2.27168801726818,1.93955524332481,2.40427542053872,0.698731802879434,0.57752337619343,-0.130332785345472,1.79739100667558
"GSM1162248","GSE47908","external",1,"UC_non_dysplasia",0.873183338919409,1.28807380995636,2.84980420913676,0.631291932180263,-0.151703463099486,0.647587162643997,1.2510787978223,-0.451409561827457,0.347003043020442,-0.855679676835526,-0.642073237619413,-0.568968236994742,0.250875918807511,1.30561925135208,0.972985135093662,1.12388983094292,-0.720585609776126,0.189472207602794,1.52362184115426,1.13382015734793,0.0724203302946797,0.937641191061511,0.0234004215365545,1.40793701023787
"GSM1162249","GSE47908","external",1,"UC_non_dysplasia",0.800832555849771,0.609387824882451,3.00573306817502,0.312754697052512,0.288355596948925,0.582091222407315,0.850346500641091,-0.153891069937664,0.544084623863497,-0.682460790352861,-0.120992648995225,-0.746457243373745,0.141088068039766,1.55856052897294,0.955773476486065,0.77304666695786,-0.631857532708584,0.712798546565,1.30489522497457,1.173478883403,0.268927840148888,1.60105213338135,0.813668518587038,1.07719651237329
"GSM1162250","GSE47908","external",1,"UC_non_dysplasia",0.69479429057432,0.879304894574921,2.85888070361339,0.147486547016789,0.0166035071057105,0.395988692008987,0.869120419136207,-0.287550688233488,0.537470439271898,-0.854789126397265,-0.0837292268830213,-0.963114962799212,0.363783457420275,1.36239090244226,1.14505274828878,0.653503216920205,-0.69067146240447,0.203485738863127,1.34197016813629,1.2667709141859,-0.202855079477903,1.11406911336593,0.486406490681441,0.682460790352861
"GSM1162251","GSE47908","external",1,"UC_non_dysplasia",1.3465446667495,1.58729393828066,1.36709410681798,1.17717647304699,-0.0745883975866973,-0.051065971604112,0.807447859748662,-0.682265860008707,-0.395487620375295,0.165153496481305,0.892337699419806,-1.05511223109236,0.827944755952727,0.504391279539306,0.790658051284621,0.39615573797688,0.24371012697082,2.32129175555668,1.95812241601292,2.13553676538177,0.606972175566915,0.92833321358836,0.388649521509748,1.59938511091804
"GSM1162252","GSE47908","external",1,"UC_non_dysplasia",1.17071618488796,1.07581807705397,2.83232591688852,0.662516642587724,0.0074906104868303,0.411740164048486,0.971498576560677,-0.436580950387954,0.365268942666481,-0.772422134093814,-0.185071269195529,-0.692829570409276,0.508077998033212,1.1824424422936,1.11435642500508,0.608644170007951,-0.884317296578357,1.06160176387847,1.67360499439408,1.98842008263364,0.574970642120041,1.34273063450785,0.381165139458457,1.29984608260166
"GSM1162253","GSE47908","external",1,"UC_non_dysplasia",1.06868292230693,0.695974410834247,3.05114179016379,0.343232854187374,0.205535942286026,0.504566681797182,0.515295887441591,-0.408044626712199,0.434543210889041,-1.07940627612175,-0.293511463630902,-0.762057179719397,0.312754697052512,1.31253190882223,0.954798500876037,0.928570874289237,-1.27578007834974,-0.247211816692118,1.3817894724495,0.902502685977858,0.0586451469648158,1.4806728320417,0.582823203737966,0.901111071651238
"GSM1162254","GSE47908","external",1,"UC_non_dysplasia",0.871150081483056,1.00037559941132,2.93007645021901,0.344871464131562,0.148891890622043,0.753208375177097,1.20831675337163,-0.464961071305657,0.541936887834693,-0.949937172325322,-0.156548441152757,-0.553240726314147,0.249760402961411,1.20066047287805,1.25616183364236,0.980700202861392,-0.771797902361069,-0.0451902851002297,1.29733389206113,0.727007770980139,-0.338649629179581,1.58892909452987,0.270048927814246,1.01448538132627
"GSM1162255","GSE47908","external",1,"UC_non_dysplasia",0.597713962846501,0.807661844520087,2.99188099299761,0.0747432728322021,0.0536951269778381,0.712997673859135,1.4025479095905,-0.343560502316169,0.514237941599341,-1.15522686657129,-0.522540723304475,-0.531591082818862,0.137657134315467,1.17996026302995,1.37064145655859,1.02696652031764,-0.886603019010419,-0.862828676800774,1.17686772580953,1.02148644157378,0.0683948148048091,1.47423259275489,0.390315663365616,1.04412757195073
"GSM1162256","GSE47908","external",1,"UC_non_dysplasia",0.891418181135258,0.848795542665112,2.9657864519094,0.289804903939746,0.183814520045059,0.55991249574305,0.883404300345102,-0.196080530410985,0.395988692008987,-0.795311144593605,-0.442364438182325,-0.746457243373745,0.135318792485659,1.21572108531515,1.12272882894513,1.08746122651807,-1.23337243228346,-0.448675098556883,1.33028084850795,1.10720102607933,0.110264474943667,1.4464210197545,0.765158028289279,0.946064214177135
"GSM1162257","GSE47908","external",1,"UC_non_dysplasia",0.193247360322992,1.03934462975026,2.23455308716288,0.100635515102006,0.334073506844019,0.72278986374641,0.999357194166284,-0.0193839524724816,0.951393209937851,-0.846362439252881,-0.53265868491394,-0.956749361480494,-0.183343314058273,1.62429435890029,0.959927299997719,0.612924802128835,-0.637146265599834,0.647587162643997,0.76102519117014,0.897408601852258,-0.852121532559595,1.53355716890947,0.999611698282548,0.631480443242461
"GSM1162258","GSE47908","external",1,"UC_non_dysplasia",0.526084743481082,0.702877884366924,3.24593112181857,0.0640608815398033,0.326896525490533,1.11349476580933,1.12301893753728,-0.200805992208512,0.595684040814511,-0.942927854049219,-0.513532964064849,-0.623019482680955,0.186014022812161,1.19024661547017,1.17409403388897,0.833833854771137,-0.897870737335177,-0.37801149066375,1.05027409157282,0.773254911589623,-0.158112116046885,1.70513067663225,1.13528995189076,0.872053306360721
"GSM1162259","GSE47908","external",1,"UC_non_dysplasia",0.588139452572768,0.795946991316399,3.60841663592885,0.141556050440754,0.564434580436042,1.59221221205296,1.60439959048054,-0.261409208826721,0.663863666882874,-0.956261305146163,-0.715389411448014,-0.280636098545652,0.16124062993195,1.06977709430489,1.23172189434172,0.963360573049136,-1.12563417985841,-1.01966655261384,1.20639605032124,0.401674493659381,0.116482080948244,1.88662087464901,0.888664136797795,0.980450418897233
"GSM1162260","GSE47908","external",1,"UC_non_dysplasia",0.878850317113291,0.76785139336591,3.24593112181857,0.189629451359236,0.324453689360073,0.836460531130698,1.10606141410704,-0.195923090985128,0.589241439529435,-0.84437543898662,-0.317136718509731,-0.462037790244698,0.208376114332586,1.24000843690902,1.1492276866362,0.650256110406483,-0.596421909872835,-0.0170669051725757,1.2141057826653,1.15763821649061,-0.115238207146721,1.77530708286397,0.862156587315461,1.03037446020375
"GSM1162261","GSE47908","external",1,"UC_non_dysplasia",1.00958836833972,1.02148644157378,2.89775238584858,0.0246363311130284,0.115860121639814,0.214693665750469,0.915106826755469,-0.417294050774861,0.211533834711059,-0.641314229685993,0.136409925819044,-0.408380353713546,0.478944912359593,0.772214023416892,1.03089982142607,0.592735799515268,-0.529368854493964,1.37619408567215,1.68755216974453,1.9148277101222,0.106070014056128,1.23751354742947,0.134851213303834,1.03696205223726
"GSM1162262","GSE47908","external",1,"UC_non_dysplasia",1.24468632850843,1.2390095555889,2.32129175555668,0.981950041638023,-0.299967304747814,0.432337693805074,0.969519831649517,-0.829686673382051,-0.431489978250727,-0.479464618393118,0.330972266252307,-0.548746692955748,0.660018209027168,0.221811181207568,1.22908799152587,0.866419758724196,0.138124892608239,1.75333772156998,1.74478214885995,2.18657073693579,0.34454366819562,0.703471167612652,-0.259012773252936,1.33969341265799
"GSM1162263","GSE47908","external",1,"UC_non_dysplasia",0.842171563485323,0.844596052093216,2.84980420913676,0.335380252479362,0.0192294795524196,0.884545660830528,1.11637018760418,-0.459633344587256,0.158424897300287,-0.735280267448777,-0.306759425183661,-0.748295076728943,0.382826476527698,1.22221424753862,1.01940684408216,0.625834820294105,-0.930712185682825,0.205535942286026,1.3955615082916,1.45705331581781,0.148891890622043,1.37261968185848,0.400502831480473,1.19970837672627
"GSM1162264","GSE47908","external",1,"UC_non_dysplasia",0.845699734862102,1.08578890362169,2.97858025171862,0.157955731222571,0.136254039715296,0.519179973097479,0.957726158488444,-0.394819679265307,0.229732748910805,-0.871827433464375,-0.174868458971937,-0.49966125731043,0.510363714690292,1.16339232139858,1.05997519517478,0.731844131829889,-0.480851134978794,0.314376963330184,1.48717507712866,1.19087408592044,0.0735043207521484,1.59221221205296,0.538719960635739,0.877260724010257
"GSM1162265","GSE47908","external",1,"UC_non_dysplasia",0.724997635170587,0.672164869422276,2.93007645021901,0.434543210889041,0.63941832369994,0.965327551216201,1.50275577819388,-0.263807146591611,0.474273353339748,-0.899026915895042,-0.485711253246195,-0.358343511034518,0.146862043510395,1.19275931639902,1.12041135362171,1.24067504574354,-0.899952724725756,-0.853010055989608,1.38945311241835,0.513180571004821,-0.0509113265754589,1.79121128359576,0.645873844419682,1.20224972285692
"GSM1162266","GSE47908","external",1,"UC_non_dysplasia",0.836022351260946,0.794040414714833,2.82390120221793,0.163118494099086,0.199072807780225,0.483800558943837,1.05403495659296,-0.408548234474539,0.393985000473431,-0.767022073129191,-0.347495169472131,-0.546952183246784,0.118037176908244,1.35888317677528,0.97323310393786,0.823167380540384,-0.637524713296619,-0.72218835565742,1.42563363538945,1.26333308497157,0.0284987997236256,1.47057974158697,0.285941428959652,0.990489970773316
"GSM1162267","GSE47908","external",1,"UC_non_dysplasia",1.11177392298713,1.1456479458079,3.3524538892215,0.545338629233955,0.0553965418263617,0.294801644988704,0.574606271877665,-0.549105806863121,0.469784577539532,-0.808304020857635,0.162961983537889,-0.79044695400648,0.560093158851,1.35694164354,0.795946991316399,0.698928962643155,-0.487101963303304,1.74549024690265,1.74478214885995,1.59883042322725,0.114305418895636,1.23172189434172,0.52183270758941,1.06950343126283
"GSM1162268","GSE47908","external",1,"UC_non_dysplasia",0.858132197611321,1.11752294443154,2.53023410307782,0.774505084378255,0.0829543196727313,0.318111325638725,0.765986164064627,-0.453291463954596,0.537292004748097,-0.194034195459778,0.240529364916648,-0.721186422363129,0.636200545282357,1.05457344086092,0.638471232322628,0.269568420193396,-1.07087254855464,1.31070671246883,1.62835138091769,2.08407418738326,0.163275008656063,1.03669768464793,0.0938077682213211,1.18493192830015
"GSM1162269","GSE47908","external",1,"UC_non_dysplasia",0.347659230320654,0.971251025483578,3.05114179016379,0.779308676030501,0.317461554037592,0.740755582486778,1.42862681804846,-0.301259965943172,0.814744228781906,-1.10066776281718,0.0586451469648158,-0.550363263798737,0.343560502316169,1.29091128328995,0.971498576560677,0.95309447389535,-0.880669718555378,0.196395423848197,1.25650185800889,1.33742358053223,-0.348643792124273,1.66923479730956,0.94848314584255,1.4385528114697
"GSM1162270","GSE47908","external",1,"UC_non_dysplasia",0.438620504354086,1.21346054779591,2.65426050114931,0.247052583524054,0.776382616794744,0.83558433185005,0.850346500641091,0.224661316438403,1.11091473493242,-1.00139504325363,-0.542831473499156,-0.953824432032093,0.0635966043421958,1.67485951188934,0.871601605038658,0.71061000797166,-0.852787862017556,-1.277524521742,1.00114008475078,1.02174670196652,-0.103585292640722,1.88845510286534,1.10066776281718,0.409891695643646
"GSM1162271","GSE47908","external",1,"UC_non_dysplasia",0.454318632638612,0.951150396973507,2.9657864519094,0.367250844881296,0.252151176524508,0.973977369790002,1.04199887693809,0.09365264417318,0.300613572555842,-0.957481873591001,-0.516530887057334,-1.09025520984665,-0.0456540957172631,1.27857305654616,0.974722175550522,0.854344105311888,-0.954067864376544,0.627714470242848,1.00779029741179,1.54517320138604,-0.107933984124658,1.34845905011568,0.753823815497104,0.750135441032325
"GSM1162272","GSE47908","external",1,"UC_non_dysplasia",0.918162916737858,1.15945115582353,2.5417799417233,0.692044430990837,0.133137007722288,0.255022009752577,1.02252789872421,-0.450725630307618,0.354722772491534,-0.312754697052512,0.260929802037633,-0.75978787371312,0.675459526805822,1.13352649223886,0.751568593748435,0.349792874938458,-1.16278481232382,1.84523692902664,1.70052267184946,1.88570613569756,0.287228776932645,1.12796531998008,0.0340615164141984,1.22843084668176
"GSM1162273","GSE47908","external",1,"UC_non_dysplasia",0.654459559497169,0.736292548147459,3.3524538892215,0.40351679251323,0.118192702143199,1.01707255411319,1.32654862318883,-0.325430590669094,0.52661691578997,-0.734268739640609,-0.537470439271898,-0.534261227634323,0.523780381668878,0.988977683663428,1.25276954756218,0.945822625425386,0.0900854053694179,-0.549464991598685,1.33817942530119,1.19024661547017,0.162492475788606,1.67548776036905,0.345035375994565,1.15582907405981
"GSM1162274","GSE47908","external",1,"UC_non_dysplasia",0.302553130732118,1.01422703741407,2.9657864519094,0.585754259746881,-0.181301890386749,0.664826564973405,0.784130317530076,-0.296415062315925,0.672164869422276,-0.744010713228241,-0.303846801671402,-0.888434937351038,0.193876818837444,1.50084774001221,1.04120183255368,0.930235970118803,-0.765779080889016,1.0183686968099,1.28736605996419,1.13411392026932,0.0368432592969227,1.09361926513099,0.285780543821392,0.999357194166284
"GSM1162275","GSE47908","external",1,"UC_non_dysplasia",0.581725348689232,1.14386356859941,2.9657864519094,0.963606241426958,0.116637577806701,0.674489750196082,0.98797074756814,-0.301259965943172,0.576246539771276,-0.714193031968951,0.357520205007192,-0.385985934707365,0.665790079868017,0.79044695400648,0.908553328389837,0.993015495846923,-1.03432162896529,1.34197016813629,1.43335641482649,1.59496131309448,-0.0711815881741246,1.2602517542693,0.279672345457092,1.31216651977938
"GSM1162276","GSE47908","external",1,"UC_non_dysplasia",0.302553130732118,0.869571145605809,3.45293205850686,0.409387811135196,0.105914699940056,0.775130624880606,1.34692714860985,0.00934400600152003,0.696171191769035,-1.15733642966855,-0.733460058028467,-0.748703827385779,0.00888065436240653,1.46153244727969,1.1537231777233,0.552520932060456,-0.937401510852421,0.0792354500968147,0.911591154966153,0.745233420725623,-0.0775313374680025,1.45038892970089,0.876353379599935,0.519003254171196
"GSM1162277","GSE47908","external",1,"UC_non_dysplasia",0.48449515216449,1.08551047825069,2.81567227086083,0.0750530287054833,0.0529218082694072,0.718784730259116,1.11838848755907,-0.145144953410905,0.504215892798134,-0.956261305146163,-0.62564697696348,-0.731440448862833,-0.131890558722606,1.45660700773531,0.96409775273576,0.747477950224919,-0.886145504189837,0.694597697949434,0.94654755740935,0.875899977852653,-0.469439679998355,1.40048598509019,0.429118021047785,1.03168839718976
"GSM1162278","GSE47908","external",1,"UC_non_dysplasia",0.77263027822976,0.92595948383528,3.03530098854986,0.58318931151511,-0.0478186767427061,0.851455581224644,1.28067435384866,-0.256617824243962,0.24912310493727,-0.909954358713029,-0.729423818714893,-0.525375412061177,0.315513041951173,1.07087254855464,1.35345971698519,0.915576437789358,-1.0183686968099,0.167659054953171,1.37898638233956,1.21313811972827,0.335053512464098,1.15809109450988,0.274536689765551,1.01138970926609
"GSM1162279","GSE47908","external",1,"UC_non_dysplasia",0.767436667269862,1.22875935277548,1.90715662772681,0.769096364941519,-0.106846623093815,-0.169695595783319,0.56208166181927,-0.885916816324664,0.0143637982510599,0.118192702143199,0.417462550607168,-1.01966655261384,0.891418181135258,0.449358399121217,0.541221531472627,0.687538124695821,0.333257080554741,1.6843535072069,1.72325244425808,2.07468196746464,0.35570978354403,0.732046018041093,-0.0527671483402544,1.20703578994737
"GSM1162280","GSE47908","external",1,"UC_non_dysplasia",0.85079000728879,1.28595249125818,1.74125471507122,0.857909027989743,-0.39665694223628,0.327385326425647,0.680707349218441,-0.580445403247946,0.0118152510519008,-0.35900233076016,0.37221193783259,-0.831649344673986,0.655416501012061,0.934171082040663,0.649683803613068,0.266526645187471,0.540685195918693,2.18321021683294,1.63243538311537,2.16515460790832,0.0656085724966745,1.01629568800275,-0.152015933672751,1.20799632667283
"GSM1162281","GSE47908","external",1,"UC_non_dysplasia",0.00146721978760474,0.894409379488792,3.14452166085754,0.0710267531277661,0.19529338180199,0.862828676800774,1.20097808023595,-0.0156767215685389,0.88981083505103,-1.07087254855464,-0.80552365758304,-0.892107749136512,-0.185385502083557,1.57436290903726,1.20671585840072,0.730431762474075,-1.02461414728111,-0.857016776426052,0.583555497476673,-0.276782640229755,-0.36939953497598,1.63009833902687,0.905523863245001,0.398997215883518
"GSM1162282","GSE47908","external",1,"UC_non_dysplasia",0.975219013264583,1.60720293561619,1.58783851872801,1.32283478510279,-0.33211445668315,-0.173927594342065,0.409219872734583,-0.696564834537667,-0.192460644809319,0.530346312256126,0.795523057763281,-1.17470962898519,0.817545498646946,0.325267752240542,0.493023046565518,0.263807146591611,0.980950048028421,1.96552893666609,1.81715846497877,2.18995613316413,0.533726894465292,0.659250289091772,-0.114927266628745,1.72667114541037
"GSM1162283","GSE47908","external",1,"UC_non_dysplasia",0.504040521565529,0.794040414714833,3.2173292510512,0.380832998397722,0.181615906179829,1.19370352329749,1.25310812752563,-0.374033296580241,0.756494030878753,-1.0285379313052,-0.56951306065646,-0.278869416305572,0.328526166427656,1.4806728320417,0.946305858158665,0.675653558351537,-0.683826029757814,-0.532302750148016,1.3269210144452,1.27997329337936,0.0952039866923286,1.68180692912844,0.334073506844019,0.881125024547355
"GSM1162284","GSE47908","external",1,"UC_non_dysplasia",0.615909266381621,0.841511198176667,2.68137176249543,0.361144573138898,0.0499834818417598,0.761231524015651,1.09193569282709,-0.381829547790985,0.585387602942461,-0.397325369641033,-0.142180075222118,-0.277103604035355,0.507902283725723,0.683630917564323,1.03432162896529,0.859248687477471,-1.50562813508184,0.565702831285846,1.3886425676811,2.02424292182055,0.105914699940056,1.11896598209779,0.0755176760274391,1.2337029433166
"GSM1162285","GSE47908","external",1,"UC_non_dysplasia",1.25175466834306,1.23337243228346,2.60525726243914,0.847688964478956,0.164214180135507,0.00563724070261349,0.850124810030019,-0.669263866746593,0.244346574339295,-0.0625133440158714,0.579714432704882,-0.801045405075908,0.904360895162378,0.767229353714808,0.810018123247704,0.095359133485195,-0.961642519619244,1.53506058690448,1.80758191002246,2.16194644588453,0.317948870157388,0.349136199731183,-0.151547233369085,1.4853108800614
"GSM1162286","GSE47908","external",1,"UC_non_dysplasia",0.772005946179227,0.668877492132486,3.7388787005169,0.322012787859872,0.37320525278244,0.747682185044898,1.56905184311022,-0.386984457858699,0.596052934778488,-0.888664136797795,-0.557204736550036,-0.345691116207367,0.278387745130791,1.08969573259269,1.16126791401325,0.890729036746611,-0.41443136097243,-0.464789003807341,1.3344078148015,0.508781012231202,-0.0308164812970477,1.72942070912682,0.496514114832119,1.04279658383365
"GSM337490","GSE13367","external",1,"UC_inflamed",0.548387649802344,1.12041135362171,2.46078824251391,0.196867800530825,-0.203170399069613,0.695974410834247,0.712798546565,-0.568423582169149,0.165231779409943,-0.531591082818862,-0.615909266381621,-0.425564601766856,0.00393833556617322,1.48438071403958,0.832522671942984,0.432507274185288,-0.32461648471862,-0.0933424028338238,1.14683956001533,1.93753301399459,-0.240052461213789,1.64009301417472,0.219121040672819,1.09277709180596
"GSM337491","GSE13367","external",1,"UC_non_inflamed",1.01319433797271,1.60384043201387,0.892107749136512,1.12476157760418,-0.630914977337393,0.143272251977701,0.492151219217576,-1.08300842683062,-0.468319148279199,0.519179973097479,0.722990424560257,-1.00369260577562,0.928095605310599,0.541221531472627,0.640176409931569,0.463412958569058,0.93668279310407,1.95082177884231,1.82445180985558,2.45445904842782,0.783080586642154,0.656757228449502,-0.606786503191543,2.0628689907319
"GSM337492","GSE13367","external",0,"Control",0.93238060499644,1.65875216783043,1.07719651237329,0.872053306360721,-0.725399427784389,-0.0166035071057106,0.497562614467245,-0.947031121875882,-0.719584833027367,0.310322838558942,0.804455944163691,-0.614976033109598,0.677983925264885,0.640365988971717,0.929997941430215,0.579714432704882,0.958459356340982,1.79661478194791,1.81957883674936,2.34719035135652,0.590344142511509,0.645873844419682,-0.733460058028467,1.78662098462743
"GSM337494","GSE13367","external",1,"UC_inflamed",0.686755845038521,1.12796531998008,2.80762969696212,0.188528843296503,-0.0941180230935226,0.955773476486065,0.853454570324348,-0.450383743613619,0.323965354853493,-0.544084623863498,-0.155454096659884,-0.515295887441591,0.444579677421725,1.32246440365997,1.14833137163779,0.664248752210293,-0.177691985342596,-0.254383865983763,1.22091149494955,1.7664168537363,0.192775316693507,1.64664850574867,0.325267752240542,1.23635189747354
"GSM337495","GSE13367","external",1,"UC_inflamed",0.534795713384881,1.21184966682236,2.57860894411157,-0.100635515102006,-0.106225330730912,1.02383128186207,1.08857780014435,-0.404187058746377,0.451067569693485,-0.65197431053931,-0.330319779912465,-0.372377464796249,0.304332059288455,1.48810911694905,1.10748615383434,0.545517842837793,-1.09390016199937,-1.03063710525736,1.16826793254839,1.62429435890029,0.249282419947723,1.74833142718726,0.480851134978794,0.902734791643865
"GSM337496","GSE13367","external",1,"UC_inflamed",0.79700745162091,1.45884145703404,1.24804442842486,0.76474415713605,-0.626398482844798,0.465133152571281,0.478252172123302,-0.673520607506994,0.263967062904456,-0.130877969858652,0.131890558722606,-0.41443136097243,0.458432118382374,1.06268770523993,0.698731802879434,0.508956805063887,0.525198120516068,1.93451444662127,1.80207125255463,2.15245322016886,-0.00270277561385511,1.04014013450737,-0.194978556263794,1.37738946932984
"GSM337497","GSE13367","external",1,"UC_non_inflamed",0.741975335049279,1.51044318682357,2.31224805873997,0.752183274749894,-0.0490556801366467,0.298190713194328,0.594577844846809,-0.566427954666966,1.03326747649514,0.0802425335908913,0.65044692666741,-0.547849217573766,0.684021167987195,1.21346054779591,0.733460058028467,0.274857454793826,-0.513532964064849,1.5013242372811,1.70513067663225,2.12953400294914,0.368407620529454,1.16918520597536,0.264926702710952,1.34349187818664
"GSM337498","GSE13367","external",0,"Control",0.987719170025656,1.83933668231658,0.860366249468699,1.19307393385211,-0.62564697696348,0.166092958567183,0.441853537655924,-0.760818890718852,-0.483106199059095,0.380666943623047,0.917456904734887,-0.95992729999772,0.716187566903892,0.956993475128276,0.718584776463324,0.0767568155397742,0.23925774296176,2.42129813201768,1.9466962246837,2.49748709427409,0.648158691167531,0.675653558351537,-0.441683263113232,1.94978727606638
"GSM337499","GSE13367","external",1,"UC_non_inflamed",0.651592322093939,1.54517320138604,1.80600183467896,0.709417693342632,-0.607157868869544,0.277745617332115,0.723993665253607,-0.791502793001432,-0.0479732981266492,-0.109021472786698,0.388482966724692,-0.445943986055524,0.653694437598535,1.32283478510279,0.891188419312852,0.279993567580467,0.523603238372774,1.81957883674936,1.72942070912682,2.29256477078364,0.117415104480187,1.01500227238179,-0.156548441152757,1.54009720696875
"GSM337500","GSE13367","external",1,"UC_inflamed",0.675653558351537,1.08941612183377,2.47705702948844,0.331461723479262,-0.391315868524337,0.608458308886291,0.773463189759625,-0.407205510285049,0.189472207602794,-0.479984453959619,-0.285941428959652,-0.325756293420502,0.550363263798737,1.25480318625751,1.1591487346649,0.914637417447551,-0.664441331814953,-0.221969474578668,1.42010850830147,1.66304642757636,0.248645197824595,1.41841716191615,0.0905506314119736,1.4728604699428
"GSM337501","GSE13367","external",0,"Control",1.33817942530119,1.35539209175942,0.28240365713281,1.02670486496225,0.0817145715434578,-0.41645172919031,0.248008076648371,-1.3943356635886,-0.260929802037633,-0.388566242769842,1.24000843690902,-1.24000843690903,0.599746350803543,0.865296347085658,0.616656239368208,0.375192989043735,-1.20639605032124,2.31674622207455,1.68244255123878,2.47705702948844,0.64892105871908,1.10549214643317,0.170322364960496,1.39842999766769
"GSM337502","GSE13367","external",0,"Control",0.930235970118803,1.60160879750043,0.740146119355102,0.99833982435035,-0.626586414587412,0.491802593029742,0.673326854886672,-0.697549414071795,-0.00146721978760474,-0.00756783474208674,0.355874319055735,-0.304817388578674,0.476348318027508,1.09699574251032,0.595130851800219,0.528924722709434,0.55846784791065,1.97088608620743,1.82854597380808,2.40150495256573,0.234492586614268,0.977208776163229,-0.310322838558942,1.94362366204846
"GSM337503","GSE13367","external",1,"UC_inflamed",0.406031228636288,1.30164553933247,2.40427542053872,0.188371632245313,0.132046353602312,0.84901698303721,1.07995954118242,-0.0694784956979429,1.10805667961849,-0.798918542570244,-0.0550871818883737,-0.538362868781786,0.119592558372897,1.78358157298219,1.08801934377201,0.752183274749894,-0.152797175114826,-0.239893505450053,0.919576315565208,0.969766967105672,-0.484842536429564,1.79198001364019,0.876353379599935,0.939080405052372
"GSM337504","GSE13367","external",0,"Control",0.977706821686989,1.63478137736745,1.94772450841739,0.957481873591001,-0.555942513557039,0.318273789516021,0.779308676030501,-0.757111000477485,-0.353900527215124,0.362793579909262,0.55991249574305,-0.482932645489055,0.72198791102369,0.967298271348479,1.01371055255713,0.374695916290844,0.671584216947405,1.64009301417472,1.91193785793794,2.33522382075236,0.493023046565518,0.557565534717712,-0.362133859065529,1.79429257988427
"GSM337505","GSE13367","external",0,"Control",1.0613304740869,1.87844441523607,1.42520707923557,0.937401510852422,-0.411403974410601,0.251832323730257,0.41476797133144,-0.78371032154674,-0.152797175114826,0.590160308860784,0.973729221241837,-1.75477619446193,0.908786709558226,0.982700681714787,0.432846472268648,0.101101210580824,0.0269537644863011,2.25175677962194,1.93151340381316,2.67029079132814,0.841071158438466,0.522186682726316,-0.211533834711059,2.02905931762484
"GSM337506","GSE13367","external",1,"UC_non_inflamed",1.20002562124737,1.55337857975811,1.119832924273,0.286263221445989,-0.356861734651654,0.508605235120032,0.824902429264149,-0.669650341297832,-0.117881654528331,0.191831358175457,-0.203485738863127,-0.194034195459778,0.18459995411557,0.953946141138044,0.983201416201468,0.805310041460974,-0.361639171860783,0.978454345030915,1.90525628270349,2.6388845698073,0.264766745823527,0.904128448301335,-0.365599159872523,1.5791811325494
"GSM337507","GSE13367","external",1,"UC_non_inflamed",1.29197801985926,1.55856052897294,0.998594069905588,0.854344105311888,-0.627714470242848,0.46857768028488,0.722388829311473,-0.79277096572453,-0.403684342065271,0.170008972023625,0.0445718860486504,-0.644732684972727,0.408212484461536,1.05000602656913,0.932857773119654,0.886831846027388,-0.106225330730912,1.70315138808884,1.98842008263364,2.39601868860876,0.205535942286026,0.474100531876046,-0.55991249574305,1.83019225635934
"GSM337508","GSE13367","external",1,"UC_non_inflamed",1.24972876854311,1.11493132441809,1.70315138808884,1.0088173671374,-0.765572030547441,0.292705348449961,1.13882750375453,-0.580811004831361,-0.0827993442228843,-0.0289623233932518,-0.406366680480083,-0.958948441290278,0.657332187373232,1.38581282061982,1.1510230919232,1.08746122651807,-0.96237848039395,1.62198801209172,1.58025684189402,2.29470831499236,0.311295360934713,0.632989340709144,-0.495990069706874,1.6021659583609
"GSM337509","GSE13367","external",0,"Control",0.933573923828488,1.6742319237755,0.74156862828263,0.700704625100208,-0.710212457589231,0.320711758700992,0.61199327677944,-0.719584833027367,-0.13812489260824,0.526262117689221,0.292705348449961,-0.869120419136207,0.789181109177488,1.11005636617774,0.508077998033212,0.0902404785455677,0.243391940318305,1.19496412371028,1.83682748804994,2.54570502098725,0.628843325237247,0.765365013020618,-0.379670835182717,1.74055182220559
"GSM337510","GSE13367","external",1,"UC_non_inflamed",0.715788432176634,1.46378305138063,2.1177536871175,0.325267752240542,-0.636578765083595,0.158894098252581,0.913464774915164,-0.673908188623467,0.0485917951689922,-0.218646475111395,0.0521485212080825,-0.918162916737858,0.522540723304474,1.15282221519803,0.869796575098634,0.365929416949557,-0.279672345457092,1.22679030108443,1.69270623099088,2.26965392478637,0.103430018943378,1.02906229968351,-0.335216877998301,1.56746712238969
"GSM337511","GSE13367","external",0,"Control",0.972985135093662,1.6742319237755,1.01681353055748,0.937401510852422,-0.753208375177096,0.144832801331677,0.853232292082887,-0.740349243175592,-0.390482337084361,0.862380573860605,1.11435642500508,-0.86417402643748,1.14237936492854,1.05269008121366,0.713993734782181,0.309350609597962,0.472718469259832,2.3012029860474,1.80050678558977,2.44514580575386,0.623394575350907,0.450383743613619,-0.57752337619343,2.14008986960254
"GSM337512","GSE13367","external",0,"Control",0.792348099903601,1.57117095300548,0.947998915775723,0.194821150743346,-0.200018106639205,0.402511732852035,0.896023343851324,-0.794252113952246,0.420497580803216,0.0961349019562651,0.00779950778048744,-0.513885420907391,0.48518997921327,1.34922618895209,0.779308676030501,0.251991746924974,-0.505882694148859,0.0303529321377584,1.6843535072069,2.22896265911119,0.219595655588169,1.17317147461556,-0.165466634273415,1.30272723957609
"GSM337513","GSE13367","external",1,"UC_inflamed",0.533726894465292,1.0143562009077,2.69863662333048,0.29770635176045,-0.266526645187471,0.614602889761983,1.19812396211448,-0.452949180698539,0.432337693805074,-0.417631062292986,0.0758274499606033,-0.704064698573098,0.44628519284989,1.74975732587547,1.39597058956784,0.814744228781906,-0.344871464131562,0.667718966820463,1.44466479141839,1.43077266761251,0.000694998653352414,1.35810594909776,0.228305816853118,1.4530469425061
"GSM337514","GSE13367","external",1,"UC_non_inflamed",0.821434806342896,1.53305679903688,2.47375054093667,0.541936887834693,-0.515648664201468,0.598637468996879,0.490931288888282,-0.761231524015651,0.0455767932684267,-0.497038296347204,0.157955731222571,-0.576428887417952,0.42674847568919,1.18399751108022,1.10293486334445,0.726002336385501,-0.605672907789701,1.04067083689965,1.82936849532896,2.15717553237224,0.626022685709981,1.13059520099331,-0.195765656415502,1.6225637899696
"GSM337515","GSE13367","external",1,"UC_inflamed",0.810232553380313,1.01992632993874,2.1815391598435,0.599376641656014,-0.42624102800778,0.584471304979217,0.858801963069218,-0.588323067437812,0.596237412178996,-0.281600112365218,0.0196928997039115,-0.839092991310077,0.23544518855406,1.65814119340605,0.763710051827949,0.605858454834727,-0.824902429264149,0.617403556588256,1.44116564064918,1.63654679578284,0.0660729102619856,0.925248381719297,0.105914699940056,1.37143210270172
"GSM337516","GSE13367","external",0,"Control",0.890729036746611,1.57117095300548,2.00313054794857,0.550363263798737,-0.0795453133345531,0.395821657090172,0.573149552826342,-0.639228859562372,0.428948688039168,0.371715418104487,0.431150978865893,-0.510011892673873,0.501586948160257,0.854344105311888,0.771173971226364,0.156548441152757,-0.440321527173807,1.2145900407316,1.74478214885995,2.4704708783693,0.666754213253067,0.91112324982387,-0.160301911442145,1.13264608288189
"GSM337517","GSE13367","external",1,"UC_non_inflamed",0.812593749107618,1.6742319237755,1.16796239308519,1.10123400735701,-0.800619742899004,0.331951260126854,0.674683654748683,-0.72278986374641,-0.0798551842100413,0.156392094776888,0.881352746053396,-1.173478883403,0.699915169352501,0.890040315123541,0.553420719658807,0.17330043683227,0.653120847228349,2.52272019985624,1.95812241601292,2.3620086747119,0.293672709540465,0.702680178260917,-0.305302789677586,1.69921270834314
